Unnamed: 0,Report Number,Local Case Number,Agency Name,ACRS Report Type,Crash Date/Time,Route Type,Road Name,Cross-Street Name,Collision Type,Circumstance_Category,Weather,Surface Condition,Light,Traffic Control,Driver Substance Abuse,Person ID,Drivers License State,Vehicle ID,Vehicle First Impact Location,Vehicle Body Type,Vehicle Movement,Vehicle Going Dir,Speed Limit,Driverless Vehicle,Parked Vehicle,Vehicle Year,Vehicle Make,Latitude,Longitude,Vehicle Model,hour,Crash_year,Crash_month,Crash_day,Crash_hour,Crash_day_name,Crash_date,Crash_week
705,MCP9442004D,250039433,Montgomery_County_Police,Property Damage Crash,2025-09-03 10:45:00,County_Route,AIRPARK RD,CROSSOVER,Angle Collision,Right-of-Way Violation,Clear,Dry,Daylight,No Control,None Detected,4887A718-81EC-483D-A728-22ADE1F59B40,MD,FCA8535C-23DB-4A61-B12A-10C9D925C5A2,Twelve O Clock,PassengerCar,MakingLeftTurn,Southbound,35.0,No,No,2004,FORD,39.17008044,-77.1556133,Expedition_Ford,10,2025,9,3,10,Wednesday,2025-09-03,36
706,MCP25520084,250040398,Montgomery_County_Police,Injury Crash,2025-09-09 07:28:00,Maryland_State_Route,PLUM ORCHARD DR,MIDCOUNTY HWY,Rear-End (Same Direction),Tailgating,Clear,Dry,Daylight,No Control,None Detected,261D0A49-4DC1-48CF-9ADD-68AF1124FA0A,MD,ADF1004B-1C27-4A0C-80DF-5D8431CC6341,Twelve O Clock,PassengerCar,SlowingOrStopping,Eastbound,50.0,No,No,2014,TOYOTA,39.12279541,-77.32380859,Corolla_Toyota,7,2025,9,9,7,Tuesday,2025-09-09,37
708,MCP287500BD,250039859,Montgomery_County_Police,Property Damage Crash,2025-09-05 15:52:00,Maryland_State_Route,RIDGE RD,WARFIELD RD,Rear-End (Same Direction),Lane Violation,Cloudy,Dry,Daylight,No Control,None Detected,33188DDC-DCC4-4F87-B25A-C651539E0B37,MD,F4C8462E-D9F6-4083-B1EF-E7FF732C5490,Twelve O Clock,PassengerCar,SlowingOrStopping,Northbound,30.0,No,No,2004,HONDA,39.27941617,-77.21189,Accord_Honda,15,2025,9,5,15,Friday,2025-09-05,36
709,MCP2730005F,250039205,Montgomery_County_Police,Property Damage Crash,2025-09-02 08:00:00,County_Route,WISTERIA DR,TREELINE WAY,Sideswipe (Same Direction),Passing / Turning,Clear,Dry,Daylight,School Zone Sign,None Detected,240087D1-6EBC-4F0A-A676-198C94F8E34B,MD,B3B6F63E-2546-4967-956A-73A248ED6AD0,Two O Clock,SportUtilityVehicle,MovingConstantSpeed,Eastbound,25.0,No,No,2007,LEXUS,39.18034799,-77.28360102,RX 350_Lexus,8,2025,9,2,8,Tuesday,2025-09-02,36
710,MCP3271005W,250039897,Montgomery_County_Police,Injury Crash,2025-09-05 19:10:00,Maryland_State_Route,EAST WEST HWY (WB/L),DARNESTOWN RD,Rear-End (Same Direction),Tailgating,Clear,Dry,Daylight,No Control,None Detected,A4FCD16F-2D09-43A0-94D4-F34C0128602C,DE,078E1BCB-F743-4A19-A045-231F2CF4E28D,Twelve O Clock,PassengerCar,MovingConstantSpeed,Eastbound,35.0,No,No,2012,NISSAN,38.98879915,-77.07243526,Sentra_Nissan,19,2025,9,5,19,Friday,2025-09-05,36
711,MCP26410055,250039279,Montgomery_County_Police,Injury Crash,2025-09-02 14:53:00,County_Route,RIDGE RD (NB/L),WOODMONT AVE,Rear-End (Same Direction),Tailgating,Clear,Dry,Daylight,No Control,None Detected,0F5D5F68-6345-40BC-AC56-CD5899245A6A,MD,749BC6B9-2764-4A46-A5E0-23AD2A2941EA,Six O Clock,PassengerCar,SlowingOrStopping,Northbound,40.0,No,No,2019,KIA,39.204475,-77.24660667,Niro_Kia,14,2025,9,2,14,Tuesday,2025-09-02,36
712,MCP30950065,250039131,Montgomery_County_Police,Property Damage Crash,2025-09-01 14:31:00,Maryland_State_Route,CONNECTICUT AVE,FOREST GLEN RD,Angle Collision,Right-of-Way Violation,Clear,Dry,Daylight,Stop Sign,None Detected,6136496F-6FE8-4D03-9B7E-C0FCFF8FE8F3,MD,E86339D9-C4AC-46CF-A0F0-44ED88876D9C,Eleven O Clock,PassengerCar,Accelerating,Not On Roadway,2.5,No,No,2006,LEXUS,39.08236192,-76.94595491,ES_Lexus,14,2025,9,1,14,Monday,2025-09-01,36
713,MCP31630095,250040012,Montgomery_County_Police,Property Damage Crash,2025-09-06 13:39:00,Maryland_State_Route,UNIVERSITY BLVD W (WB/L),GATESHEAD MANOR WAY,Sideswipe (Same Direction),Lane Violation,Clear,Dry,Daylight,No Control,Suspect Alcohol Only,E535EB7A-7578-48A7-A10A-84B824608742,MD,49F9AD6A-7ABA-4173-92D0-6C3DBA913530,Three O Clock,PassengerCar,MovingConstantSpeed,Southbound,35.0,No,No,2000,TOYOTA,39.03434267,-77.07172367,Camry_Toyota,13,2025,9,6,13,Saturday,2025-09-06,36
714,EJ787300BK,250039455,Gaithersburg_Police_Department,Property Damage Crash,2025-09-03 13:20:00,Municipality_Route,CHESTNUT ST,RAMP 4 FR MD 650 NB TO IS 495 EB,Angle Collision,Right-of-Way Violation,Clear,Dry,Daylight,No Control,None Detected,FD29635E-44EB-4C9F-97C3-0F872B993849,MD,11053551-9563-4CBC-A0EF-EDF656ED00C9,Ten O Clock,PickupTruck,MakingRightTurn,Northbound,25.0,No,No,2017,FORD,39.14361603,-77.20198139,F-150_Ford,13,2025,9,3,13,Wednesday,2025-09-03,36
715,MCP263900HF,250039414,Montgomery_County_Police,Injury Crash,2025-09-03 09:03:00,Maryland_State_Route,RUSSELL AVE,SKYMEADOW WAY,Rear-End (Same Direction),Tailgating,Clear,Dry,Daylight,Traffic Signal,None Detected,2DA0FE0B-DD67-441F-BB9C-88DC6203F887,MD,328281D2-CC04-48FD-AC72-71B201F0AE53,Twelve O Clock,PassengerCar,MovingConstantSpeed,Westbound,30.0,No,No,2014,LEXUS,39.14938765,-77.02521803,ES_Lexus,9,2025,9,3,9,Wednesday,2025-09-03,36
716,MCP3232006Y,250039518,Montgomery_County_Police,Injury Crash,2025-09-03 17:38:00,Maryland_State_Route,GEORGIA AVE (SB/L),RUSSELL AVE,Head-On,Lane Violation,Clear,Dry,Daylight,No Control,None Detected,C34FD185-0C8A-4AA7-B2BF-26B8289DD79F,MD,A25E4E95-31EF-4058-9CA4-5E7BA2EF833A,Ten O Clock,SportUtilityVehicle,MovingConstantSpeed,Northbound,35.0,No,No,2013,HONDA,39.18623274,-77.06392187,Pilot_Honda,17,2025,9,3,17,Wednesday,2025-09-03,36
717,MCP2974005T,250039220,Montgomery_County_Police,Property Damage Crash,2025-09-02 09:16:00,County_Route,TECH RD,SPRING ST,Rear vs Side,Right-of-Way Violation,Clear,Dry,Daylight,No Control,None Detected,B9343697-02B8-4CED-BABD-E75EEB8A04F9,MD,B580042A-B0DA-4D6C-9889-872A5A03B5B3,Two O Clock,PassengerCar,MovingConstantSpeed,Northbound,35.0,No,No,2012,HONDA,39.05641961,-76.96701888,Fit_Honda,9,2025,9,2,9,Tuesday,2025-09-02,36
718,MCP2968005Y,250039232,Montgomery_County_Police,Property Damage Crash,2025-09-01 17:00:00,Local_Route,ALTA SPRINGS WAY,GOSHEN RD,Rear-End (Same Direction),Driver Inattention,Clear,Dry,Daylight,No Control,None Detected,616FC407-C93F-42EA-954E-35FFC41D92DB,MD,7B7BF608-E3EA-4CD3-8A00-8FBEC7D84FDB,Eleven O Clock,PassengerCar,Accelerating,Westbound,2.5,No,No,2023,ACURA,39.08883167,-77.20912133,MDX_Acura,17,2025,9,1,17,Monday,2025-09-01,36
719,MCP2961004Q,250039590,Montgomery_County_Police,Property Damage Crash,2025-09-04 08:45:00,Maryland_State_Route,NEW HAMPSHIRE AVE,BROADBIRCH DR,Back-to-Back,Right-of-Way Violation,Clear,Dry,Daylight,No Control,None Detected,9A29DA59-B5DD-40BE-9A49-A1A52804ACE6,MD,CE8A35DA-419D-42EA-AB3C-5783D7D77BA5,Six O Clock,PassengerCar,SlowingOrStopping,Westbound,35.0,No,No,2001,FORD,39.11405899,-77.05541116,Ranger_Ford,8,2025,9,4,8,Thursday,2025-09-04,36
722,MCP3407001G,250039325,Montgomery_County_Police,Property Damage Crash,2025-09-02 17:39:00,Maryland_State_Route,CARROLL AVE,E JEFFERSON ST,Sideswipe (Same Direction),Driver Inattention,Clear,Dry,Daylight,Traffic Signal,None Detected,858AB0D8-F6E9-4191-884B-E503966B8E6E,MD,A9EA65E2-F540-4F19-BA36-5DBCEE7779BD,Eleven O Clock,PassengerCar,MovingConstantSpeed,Not On Roadway,2.5,No,No,2013,LEXUS,39.19867337,-77.24692078,RX_Lexus,17,2025,9,2,17,Tuesday,2025-09-02,36
723,MCP3358003G,250039123,Montgomery_County_Police,Property Damage Crash,2025-09-01 14:09:00,Maryland_State_Route,WISCONSIN AVE,CROSSOVER,Angle Collision,Lane Violation,Clear,Dry,Daylight,No Control,None Detected,D49E3D2F-7800-4AF1-8076-0213CF63783E,DC,863D74FF-B08D-4C39-AA99-269DB3DD49BA,One O Clock,PassengerCar,ChangingLanes,Northbound,30.0,No,No,2018,BMW,38.99133381,-77.0956226,X3_BMW,14,2025,9,1,14,Monday,2025-09-01,36
724,MCP34550012,250039134,Montgomery_County_Police,Property Damage Crash,2025-09-01 15:11:00,Maryland_State_Route,VEIRS MILL RD (WB/L),MONTERREY DR,Angle Collision,Traffic Control Violation,Clear,Dry,Daylight,Traffic Signal,None Detected,3C5DA3A2-80D0-4162-B767-C0254E69D54E,MD,5231510B-A145-4C84-B4E3-652D1470DD4F,Twelve O Clock,PassengerCar,MovingConstantSpeed,Westbound,35.0,No,No,2011,TOYOTA,39.04417233,-77.0632015,Prius_Toyota,15,2025,9,1,15,Monday,2025-09-01,36
725,MCP28250027,250039748,Montgomery_County_Police,Injury Crash,2025-09-05 05:53:00,Maryland_State_Route,RIVER RD,SCENERY DR,Rear-End (Same Direction),Speed Related,Clear,Dry,Dark - Lighted,Stop Sign,None Detected,0ECD0D19-4500-4A83-BAD9-4E0D8B6F3C40,MD,10CF0E83-0C4A-4C59-B8A5-D44D5DB2AE37,Eleven O Clock,PassengerCar,MovingConstantSpeed,Southbound,40.0,No,No,2017,TESLA,39.15964257,-77.28430979,Model X_Tesla,5,2025,9,5,5,Friday,2025-09-05,36
726,MCP33870039,250039409,Montgomery_County_Police,Property Damage Crash,2025-09-03 08:31:00,County_Route,LORAIN AVE,UNIVERSITY BLVD W,Angle Collision,Right-of-Way Violation,Clear,Dry,Daylight,Stop Sign,None Detected,15BA7192-BDEF-44C4-85FC-8A7FD7243C58,MD,13C1F35C-1FE6-4272-9AD4-412D7E9C9C67,One O Clock,PassengerCar,EnteringTrafficLane,Northbound,25.0,No,No,2016,VOLVO,39.0218268,-77.01511608,XC60_Volvo,8,2025,9,3,8,Wednesday,2025-09-03,36
729,MCP2455008B,250039319,Montgomery_County_Police,Property Damage Crash,2025-09-02 17:00:00,County_Route,OLNEY LAYTONSVILLE RD,ORCHARD DR,Single Vehicle,Lane Violation,Clear,Dry,Daylight,No Control,None Detected,57D34B93-C737-44B3-80AC-BC051513A83C,MD,6749322E-D914-4CD4-B880-2C0815BBF0D9,One O Clock,SportUtilityVehicle,MovingConstantSpeed,Northbound,35.0,No,No,2020,HONDA,39.12384042,-77.16226472,CR-V_Honda,17,2025,9,2,17,Tuesday,2025-09-02,36
730,MCP33620066,250039789,Montgomery_County_Police,Injury Crash,2025-09-05 11:40:00,Interstate_Route,BRADLEY BLVD,SUTHERLAND RD,Rear-End (Same Direction),Right-of-Way Violation,Clear,Dry,Daylight,No Control,None Detected,83849D0C-3F16-4F72-B7A0-4D7378429D34,MD,3AB776A4-E39C-4E79-98EF-D4E727A61BED,VehicleNotAtScene,PassengerCar,EnteringTrafficLane,Not On Roadway,2.5,No,No,2014,TOYOTA,39.03179533,-77.00402059,Tacoma_Toyota,11,2025,9,5,11,Friday,2025-09-05,36
731,DD5538005Q,250039857,Rockville_Police_Department,Property Damage Crash,2025-09-05 16:02:00,Maryland_State_Route,ROCKVILLE PIKE,MONTGOMERY VILLAGE AVE,Rear-End (Same Direction),Tailgating,Clear,Dry,Daylight,Traffic Signal,None Detected,34D9784C-592C-46C0-A61C-38BBDA8CF085,MD,5586F321-E673-4460-B720-C529356C1304,Twelve O Clock,SportUtilityVehicle,MovingConstantSpeed,Northbound,35.0,No,No,2016,MERCEDES-BENZ,39.08076313,-77.1445524,GLE_Mercedes-Benz,16,2025,9,5,16,Friday,2025-09-05,36
732,MCP3396002C,250039891,Montgomery_County_Police,Property Damage Crash,2025-09-05 19:10:00,Maryland_State_Route,UNIVERSITY BLVD W,LYNCH ST,Sideswipe (Same Direction),Driver Inattention,Clear,Dry,Daylight,No Control,None Detected,6B3ADFD7-A698-4FAD-B140-D7AADDCB7D3E,MD,EEDAE027-2338-403D-9438-B8FD2E97414A,One O Clock,PassengerCar,SlowingOrStopping,Eastbound,35.0,No,No,2023,HYUNDAI,39.03625097,-77.02875131,Elantra_Hyundai,19,2025,9,5,19,Friday,2025-09-05,36
733,MCP311100B5,250039763,Montgomery_County_Police,Injury Crash,2025-09-05 08:26:00,County_Route,POOKS HILL RD,CHESHIRE DR,Single Vehicle,Passing / Turning,Clear,Dry,Daylight,No Control,None Detected,01786E26-8DAC-4A01-9350-2A0CBBD86266,MD,5E70B95A-96DE-4E02-8B9F-C407D2C001DC,Twelve O Clock,PassengerCar,MakingRightTurn,Westbound,25.0,No,No,2024,MAZDA,39.01492267,-77.10071483,CX-5_Mazda,8,2025,9,5,8,Friday,2025-09-05,36
734,MCP3358003H,250039217,Montgomery_County_Police,Property Damage Crash,2025-09-02 09:07:00,County_Route,CORDELL AVE,VITAL WAY,Rear-End (Same Direction),Tailgating,Clear,Dry,Daylight,No Control,None Detected,F858E938-2E42-4D74-AE69-A1267A3DD8B4,MD,2064BD2A-4741-464B-BD0E-5E428C3C13AF,Six O Clock,PassengerCar,StoppedInTrafficLane,Westbound,25.0,No,No,2015,VOLKSWAGEN,38.98922613,-77.09823775,Golf_Volkswagen,9,2025,9,2,9,Tuesday,2025-09-02,36
735,MCP20160091,250039221,Montgomery_County_Police,Property Damage Crash,2025-09-02 09:11:00,County_Route,PARKVALE RD,BALTIMORE RD,Angle Collision,Right-of-Way Violation,Clear,Dry,Daylight,Stop Sign,None Detected,79053A4C-741C-46FD-9BDF-B64424919389,MD,5224ED5B-D46F-41B4-B333-CEE9AE7498D8,Twelve O Clock,PassengerCar,MakingRightTurn,North,15.0,No,No,2011,HONDA,39.09377783,-77.11318833,Accord_Honda,9,2025,9,2,9,Tuesday,2025-09-02,36
736,MCP34550012,250039134,Montgomery_County_Police,Property Damage Crash,2025-09-01 15:11:00,Maryland_State_Route,VEIRS MILL RD (WB/L),MONTERREY DR,Angle Collision,Right-of-Way Violation,Clear,Dry,Daylight,Traffic Signal,None Detected,BB63F45F-754A-4364-ACD9-A9273F2EDF96,MD,223D0DE9-59F5-4DF9-93C7-7AF75A4F0950,Twelve O Clock,PassengerCar,MakingLeftTurn,Eastbound,35.0,No,No,2022,FORD,39.04417233,-77.0632015,Escape_Ford,15,2025,9,1,15,Monday,2025-09-01,36
737,MCP3040008G,250040510,Montgomery_County_Police,Property Damage Crash,2025-09-09 16:10:00,Maryland_State_Route,GEORGIA AVE,ARCOLA AVE,Single Vehicle,Speed Related,Clear,Dry,Daylight,Stop Sign,None Detected,4074DAC0-4757-4F7B-8243-7BA7D54E5F53,MD,4C462DA2-59C9-43B1-826B-336F972C6320,Twelve O Clock,Motorcycle2Wheeled,MovingConstantSpeed,Eastbound,30.0,No,No,2008,BMW,39.16851933,-77.05981183,3 Series_BMW,16,2025,9,9,16,Tuesday,2025-09-09,37
741,MCP219800HV,250040327,Montgomery_County_Police,Property Damage Crash,2025-09-08 16:43:00,Maryland_State_Route,S FREDERICK RD,N WESTLAND DR,Angle Collision,Lane Violation,Clear,Dry,Daylight,No Control,None Detected,4F0DAA1A-3090-4C1F-9C0A-DC8721F21AA2,MD,C68369E1-520C-4BC0-8DE6-5A5BED8561CA,Twelve O Clock,PassengerCar,MovingConstantSpeed,Northbound,35.0,No,No,2018,TOYOTA,39.12805057,-77.1851409,Camry_Toyota,16,2025,9,8,16,Monday,2025-09-08,37
744,MCP283200C3,250039754,Montgomery_County_Police,Property Damage Crash,2025-09-05 06:45:00,County_Route,TUCKERMAN LA (EB/L),E MIDDLE LA,Sideswipe (Same Direction),Lane Violation,Clear,Dry,Daylight,Traffic Signal,None Detected,72705F7A-0378-497D-BAD6-0EF7F4B7CBC1,MD,0067EE29-8CFE-499F-ADCA-889ABA2C69DC,VehicleNotAtScene,SportUtilityVehicle,MakingLeftTurn,Eastbound,35.0,No,No,2024,TOYOTA,39.03455924,-77.12519188,Camry_Toyota,6,2025,9,5,6,Friday,2025-09-05,36
745,MCP3255007C,250040054,Montgomery_County_Police,Injury Crash,2025-09-06 19:19:00,Bicycle_Route,RICHTER FARM RD,FALLSGROVE BLVD,Angle Collision,Right-of-Way Violation,Clear,Dry,Daylight,Traffic Signal,None Detected,BDB8D7F4-9803-4AB3-9391-CC0611099CA0,MD,5CF7C757-B9B6-4757-88AB-9EA8CBA89385,One O Clock,PassengerCar,MakingLeftTurn,North,35.0,No,No,2023,HONDA,39.09678,-77.194644,Accord_Honda,19,2025,9,6,19,Saturday,2025-09-06,36
747,MCP311100B4,250039588,Montgomery_County_Police,Injury Crash,2025-09-04 07:52:00,County_Route,E RANDOLPH RD (WB/L),GLOXINIA DR,Single Vehicle,Right-of-Way Violation,Clear,Dry,Daylight,Traffic Signal,None Detected,E2FD5D0D-1499-41F7-8C72-29E5E92A90F0,MD,980AA44F-96AF-4072-89F8-85DAFAC6E0EE,NonCollision,PassengerCar,MakingRightTurn,North,25.0,No,No,2017,NISSAN,39.03315271,-77.12136953,Murano_Nissan,7,2025,9,4,7,Thursday,2025-09-04,36
748,MCP3220005G,250035858,Montgomery_County_Police,Property Damage Crash,2025-09-05 15:54:00,County_Route,SIESTA KEY WAY,KEY WEST AVE (WB/L),Sideswipe (Same Direction),Right-of-Way Violation,Clear,Dry,Daylight,No Control,None Detected,07A68536-498C-4D4D-8DF9-767734496D8E,MD,4CC64C6C-8BB9-47FA-AB13-B584B412B9F3,One O Clock,PassengerCar,MakingRightTurn,Westbound,40.0,No,No,2014,VOLKSWAGEN,39.105196,-77.19476133,Passat_Volkswagen,15,2025,9,5,15,Friday,2025-09-05,36
749,MCP3058005R,250039366,Montgomery_County_Police,Property Damage Crash,2025-09-02 20:40:00,Municipality_Route,ROLLINS AVE,TEMPLETON PL,Sideswipe (Opposite Direction),Right-of-Way Violation,Clear,Dry,Dark - Lighted,No Control,None Detected,E37BAC12-45FA-4456-89FE-E4CA04B43681,VT,3C44AE74-2BB5-46EC-AFF8-9112345A40FB,Twelve O Clock,PassengerCar,MakingLeftTurn,Southbound,15.0,No,No,2020,CHEVROLET,39.05865453,-77.12458226,Malibu_Chevrolet,20,2025,9,2,20,Tuesday,2025-09-02,36
750,MCP3050006X,250039485,Montgomery_County_Police,Property Damage Crash,2025-09-03 15:32:00,County_Route,BEL PRE RD,KEMP MILL RD,Angle Collision,Right-of-Way Violation,Clear,Dry,Daylight,Traffic Signal,None Detected,6850DC41-40D6-42DE-A63B-E293678800F3,MD,7C925041-9E87-45C9-9E4C-C2210308BC98,Two O Clock,PassengerCar,MakingLeftTurn,Eastbound,35.0,No,No,2003,TOYOTA,39.09318017,-77.07949533,Corolla_Toyota,15,2025,9,3,15,Wednesday,2025-09-03,36
751,MCP3255007C,250040054,Montgomery_County_Police,Injury Crash,2025-09-06 19:19:00,Bicycle_Route,UNIVERSITY BLVD E,FALLSGROVE BLVD,Angle Collision,Traffic Control Violation,Clear,Dry,Daylight,Traffic Signal,None Detected,370F4E04-7701-4ADB-BB84-DA3D1DA6F11C,MD,7770BCE5-3ADB-4799-9F0C-0B5260A60E3B,Twelve O Clock,PassengerCar,MovingConstantSpeed,South,35.0,No,No,2012,TOYOTA,39.09678,-77.194644,Prius c_Toyota,19,2025,9,6,19,Saturday,2025-09-06,36
752,MCP32680064,250039587,Montgomery_County_Police,Property Damage Crash,2025-09-04 07:43:00,County_Route,BLICK DR,PAWNEE DR,Single Vehicle,Speed Related,Clear,Dry,Daylight,No Control,None Detected,192F72E7-079B-40EE-BDDB-26E51F3BA287,PA,85936483-4AF8-49FA-BFD3-D0F62498E30C,Twelve O Clock,SportUtilityVehicle,MovingConstantSpeed,Eastbound,10.0,No,No,2024,SUBARU,39.06036867,-77.001703,Forester_Subaru,7,2025,9,4,7,Thursday,2025-09-04,36
754,DD558300B8,250039757,Rockville_Police_Department,Property Damage Crash,2025-09-05 07:57:00,Municipality_Route,ASTER BLVD,ENT TO TOWNHOMES,Sideswipe (Same Direction),Lane Violation,Clear,Dry,Daylight,Stop Sign,None Detected,972F857F-3241-4BCE-830D-0FBF901E8573,MD,7B9BAD77-9B16-4541-8039-009045DEA14F,Four O Clock,SchoolBus,SlowingOrStopping,Westbound,25.0,No,No,2014,FORD,39.10042254,-77.17450753,F-150_Ford,7,2025,9,5,7,Friday,2025-09-05,36
755,MCP27270033,250040445,Montgomery_County_Police,Property Damage Crash,2025-09-06 21:15:00,Maryland_State_Route,NEW HAMPSHIRE AVE,ATLANTIC AVE,Rear-End (Same Direction),Backing Error,Clear,Dry,Dark - Not Lighted,No Control,None Detected,D95B00EF-3463-421B-9AD4-698D0F37F9F3,DC,44C4920C-97C0-4ED9-8B5A-89933B7C82ED,VehicleNotAtScene,PassengerCar,SlowingOrStopping,Unknown,2.5,Unknown,No,2002,FORD,39.0351876,-77.07011037,F-150_Ford,21,2025,9,6,21,Saturday,2025-09-06,36
756,MCP3411002W,250039883,Montgomery_County_Police,Property Damage Crash,2025-09-05 16:17:00,County_Route,SEVEN LOCKS RD,WASHINGTON GROVE LA,Sideswipe (Same Direction),Congestion / Backup,Clear,Dry,Daylight,Traffic Signal,None Detected,00CB73C7-A6DD-448D-86DA-8B69882A17B9,MD,8A9D756B-E6F1-433F-A84B-1600EE184A85,Ten O Clock,SportUtilityVehicle,StoppedInTrafficLane,Northbound,35.0,No,No,2015,TOYOTA,39.02272673,-77.16225982,RAV4_Toyota,16,2025,9,5,16,Friday,2025-09-05,36
757,MCP2974005T,250039220,Montgomery_County_Police,Property Damage Crash,2025-09-02 09:16:00,County_Route,TECH RD,HOWARD CHAPEL DR,Rear vs Side,Speed Related,Clear,Dry,Daylight,No Control,None Detected,30981BD6-FF00-4A42-9CD5-0960CCF98903,MD,50AEFBC6-8AE7-43F2-A323-6054EA9EDC00,Eleven O Clock,PassengerCar,MovingConstantSpeed,Westbound,35.0,No,No,2023,TOYOTA,39.05641961,-76.96701888,Camry_Toyota,9,2025,9,2,9,Tuesday,2025-09-02,36
758,MCP2445007B,250040399,Montgomery_County_Police,Property Damage Crash,2025-09-09 07:44:00,County_Route,BRINK RD,COG WHEEL WAY,Rear-End (Same Direction),Tailgating,Clear,Dry,Daylight,No Control,None Detected,9D86612C-8E55-4BC8-A995-0D29CB66E2B8,VA,5193F546-33F7-4EE6-A9F9-A89B6D6B331E,Twelve O Clock,PassengerCar,SlowingOrStopping,East,35.0,No,No,2018,HONDA,39.20568667,-77.21466167,Civic_Honda,7,2025,9,9,7,Tuesday,2025-09-09,37
761,MCP287500BD,250039859,Montgomery_County_Police,Property Damage Crash,2025-09-05 15:52:00,Maryland_State_Route,RIDGE RD,UNIVERSITY BLVD W,Rear-End (Same Direction),Tailgating,Cloudy,Dry,Daylight,No Control,None Detected,49D19D4B-2C34-438F-B4A9-89D011B05195,MD,166DD329-C37D-4A6F-B96B-953E90BF31F1,Six O Clock,SportUtilityVehicle,SlowingOrStopping,Northbound,30.0,No,No,2024,FORD,39.27941617,-77.21189,Escape_Ford,15,2025,9,5,15,Friday,2025-09-05,36
762,MCP263900HF,250039414,Montgomery_County_Police,Injury Crash,2025-09-03 09:03:00,Maryland_State_Route,COLUMBIA PIKE,SKYMEADOW WAY,Rear-End (Same Direction),Congestion / Backup,Clear,Dry,Daylight,Traffic Signal,None Detected,2055AE0E-0369-4EF5-AC7C-D62442D42009,MD,3A8B8CEA-A38E-43CE-9948-ECB00FB9B4C6,Six O Clock,PassengerCar,StoppedInTrafficLane,West,30.0,No,No,2012,HONDA,39.14938765,-77.02521803,Crosstour_Honda,9,2025,9,3,9,Wednesday,2025-09-03,36
763,MCP289200J0,250039687,Montgomery_County_Police,Injury Crash,2025-09-04 15:59:00,County_Route,FOREST GLEN RD,SENECA CROSSING DR,Rear-End (Same Direction),Congestion / Backup,Clear,Dry,Daylight,Traffic Signal,None Detected,2BBAB152-815C-43AE-A95F-A97C9CFE68AE,MD,11B231CE-4994-4D55-B3ED-CA52B7386722,Six O Clock,PassengerCar,StoppedInTrafficLane,Eastbound,30.0,No,No,2022,MERCEDES-BENZ,39.01584598,-77.03687034,GLA_Mercedes-Benz,15,2025,9,4,15,Thursday,2025-09-04,36
765,DM85290003,250039591,Takoma_Park_Police_Department,Property Damage Crash,2025-09-04 08:31:00,Maryland_State_Route,UNIVERSITY BLVD W,PEACH CREST DR,Rear-End (Same Direction),Right-of-Way Violation,Clear,Dry,Daylight,No Control,None Detected,5BB8BC1A-C31F-4D04-801B-A14EF8672346,MD,3AF04C8D-B218-473E-84A5-657911C93165,Six O Clock,PassengerCar,Accelerating,Westbound,35.0,No,No,2005,FORD,38.97549119,-76.99211463,Ranger_Ford,8,2025,9,4,8,Thursday,2025-09-04,36
766,DD56760014,250040322,Rockville_Police_Department,Injury Crash,2025-09-08 16:30:00,Ramp_Route,RAMP 9 FR TOWER OAKS BLVD TO RAMP 2,TOWER OAKS BLVD (SB/L),Angle Collision,Right-of-Way Violation,Clear,Dry,Daylight,Traffic Signal,None Detected,B1F9B8C8-64B5-49F3-A269-2BC5BB51D4A1,MD,7A570DB2-7D97-4A63-8338-5D6627F7D0C5,Two O Clock,SportUtilityVehicle,Accelerating,Northbound,35.0,No,No,2016,ACURA,39.05858494,-77.15226141,MDX_Acura,16,2025,9,8,16,Monday,2025-09-08,37
768,MCP219800HR,250039128,Montgomery_County_Police,Property Damage Crash,2025-09-01 14:23:00,Other_Public_Roadway,W WATKINS MILL RD (SB/L),GEORGIA AVE,Single Vehicle,Lane Violation,Clear,Dry,Daylight,Traffic Signal,Alcohol Unknown,F54B0819-240E-4C6A-AA81-A756A47469D1,MD,FA8D7BF3-7653-43F0-A541-2110DCF61087,Underside,PassengerCar,MovingConstantSpeed,Westbound,35.0,No,No,2017,BMW,39.15702348,-77.2242008,3 Series_BMW,14,2025,9,1,14,Monday,2025-09-01,36
769,MCP219800HT,250040178,Montgomery_County_Police,Injury Crash,2025-09-07 19:22:00,County_Route,MUDDY BRANCH RD (SB/L),CEDAR ST,Rear-End (Same Direction),Tailgating,Clear,Dry,Daylight,Traffic Signal,None Detected,9EE5C504-A8C1-4280-87B7-101B56FA2C13,MD,77DE481E-165B-4897-B5E9-B01208A36BF9,Underside,PassengerCar,StoppedInTrafficLane,Southbound,35.0,No,No,2004,TOYOTA,39.12767466,-77.20960818,Camry_Toyota,19,2025,9,7,19,Sunday,2025-09-07,36