Unnamed: 0,Report Number,Local Case Number,Agency Name,ACRS Report Type,Crash Date/Time,Route Type,Road Name,Cross-Street Name,Collision Type,Circumstance_Category,Weather,Surface Condition,Light,Traffic Control,Driver Substance Abuse,Person ID,Drivers License State,Vehicle ID,Vehicle First Impact Location,Vehicle Body Type,Vehicle Movement,Vehicle Going Dir,Speed Limit,Driverless Vehicle,Parked Vehicle,Vehicle Year,Vehicle Make,Latitude,Longitude,Vehicle Model,hour,Crash_year,Crash_month,Crash_day,Crash_hour,Crash_day_name,Crash_date,Crash_week
770,MCP2251002Y,250040011,Montgomery_County_Police,Injury Crash,2025-09-06 14:34:00,Municipality_Route,ROLLINS AVE,CHAPMAN AVE,Head-On,Passing / Turning,Clear,Dry,Daylight,No Control,None Detected,19FDF0FA-5B01-4963-A13E-CD82F494E71A,MD,AB492998-5284-4E45-9852-E69BD945BB4A,Twelve O Clock,PassengerCar,MakingRightTurn,North,35.0,No,No,2017,SUBARU,39.0578295,-77.118214,Outback_Subaru,14,2025,9,6,14,Saturday,2025-09-06,36
771,MCP1433006D,250039495,Montgomery_County_Police,Property Damage Crash,2025-09-03 15:40:00,Maryland_State_Route,VEIRS MILL RD (WB/L),NICHOLSON LA,Rear-End (Same Direction),Tailgating,Clear,Dry,Daylight,No Control,None Detected,E600830C-897C-4A1D-BC8D-1F7B81ACDE70,MD,187391D2-1EBB-4C08-BFB5-E27CEBAC2BF4,Three O Clock,SportUtilityVehicle,MovingConstantSpeed,Northbound,40.0,No,No,2016,TOYOTA,39.07217633,-77.1096805,RAV4_Toyota,15,2025,9,3,15,Wednesday,2025-09-03,36
772,MCP2351006C,250040417,Montgomery_County_Police,Property Damage Crash,2025-09-09 09:16:00,Maryland_State_Route,HUNGERFORD DR (SB/L),NEW HAMPSHIRE AVE SERV RD,Sideswipe (Same Direction),Lane Violation,Clear,Dry,Daylight,No Control,None Detected,F68E08A6-8DFD-412C-8C65-25370715EC99,MD,A2427695-43D2-40A9-B778-3FC611CEDF9B,Four O Clock,SportUtilityVehicle,ChangingLanes,Southbound,35.0,No,No,2015,JEEP,39.09784242,-77.15371274,Grand Cherokee_Jeep,9,2025,9,9,9,Tuesday,2025-09-09,37
773,DD5690000J,250040301,Rockville_Police_Department,Injury Crash,2025-09-08 15:07:00,Maryland_State_Route,CENTERWAY RD,PROFESSIONAL DR,Single Vehicle,Driver Inattention,Clear,Dry,Daylight,No Control,None Detected,81E1572C-07B1-4CB4-ABFF-36B677686AA4,MD,D7266388-DDD3-47DA-8E1C-27DD95F83F50,NonCollision,PassengerCar,SlowingOrStopping,Not On Roadway,2.5,No,No,2023,LEXUS,39.08439812,-77.14907229,RX 350_Lexus,15,2025,9,8,15,Monday,2025-09-08,37
774,MCP3358003G,250039123,Montgomery_County_Police,Property Damage Crash,2025-09-01 14:09:00,Maryland_State_Route,WISCONSIN AVE,WARING STATION RD,Angle Collision,Right-of-Way Violation,Clear,Dry,Daylight,No Control,None Detected,CB2B1396-D3D6-4655-B92C-C0EB8B075259,MD,82BEAABA-C0BC-4F46-ADA0-2BE3C6C27695,VehicleNotAtScene,PassengerCar,Accelerating,Northbound,30.0,No,No,2021,TOYOTA,38.99133381,-77.0956226,RAV4_Toyota,14,2025,9,1,14,Monday,2025-09-01,36
775,MCP9442004F,250039747,Montgomery_County_Police,Injury Crash,2025-09-05 06:04:00,County_Route,SNOUFFERS SCHOOL RD,CHESLEY KNOLL DR LEWISBERRY DR,Angle Collision,Driver Inattention,Clear,Dry,Dark - Lighted,Traffic Signal,None Detected,D97AFB48-8FFF-42D7-8C68-27DCAC0B408C,MD,79F6D1A0-16A0-4383-8650-EC7FF0CDDD8E,Twelve O Clock,PassengerCar,MovingConstantSpeed,Northbound,40.0,No,No,2019,GMC,39.18297542,-77.18227388,Savana_GMC,6,2025,9,5,6,Friday,2025-09-05,36
776,MCP2356004V,250039699,Montgomery_County_Police,Property Damage Crash,2025-09-04 17:31:00,County_Route,REDLAND RD (NB/L),QUINCE ORCHARD BLVD,Sideswipe (Same Direction),Lane Violation,Clear,Dry,Daylight,No Control,None Detected,E8412332-1413-428E-83A3-8CE33E1A6BE7,MD,07516829-C8BF-4A2F-90AC-8FF7963267FE,Two O Clock,PassengerCar,ChangingLanes,Northbound,35.0,No,No,2008,HONDA,39.12282111,-77.1568503,Accord_Honda,17,2025,9,4,17,Thursday,2025-09-04,36
777,MCP2286006V,250040248,Montgomery_County_Police,Injury Crash,2025-09-08 10:40:00,Maryland_State_Route,VEIRS MILL RD,CONNECTICUT AVE,Single Vehicle,Speed Related,Clear,Dry,Daylight,Traffic Signal,None Detected,D43D527E-2A9C-41D6-AC8C-7EB945027D82,MD,8762301C-2CC6-47C2-BFDC-4E9C87AB0DE7,Twelve O Clock,SportUtilityVehicle,MakingLeftTurn,Westbound,40.0,No,No,2009,LEXUS,39.07337252,-77.1121674,RX_Lexus,10,2025,9,8,10,Monday,2025-09-08,37
778,MCP2445007B,250040399,Montgomery_County_Police,Property Damage Crash,2025-09-09 07:44:00,County_Route,BRINK RD,COG WHEEL WAY,Rear-End (Same Direction),Congestion / Backup,Clear,Dry,Daylight,No Control,None Detected,3423F62D-2446-4F16-873E-02FE1684DD1F,MD,DA6A77D7-8366-4624-AFF7-39C492F7DFFA,Seven O Clock,PassengerCar,StoppedInTrafficLane,West,35.0,No,No,2022,TESLA,39.20568667,-77.21466167,Model Y_Tesla,7,2025,9,9,7,Tuesday,2025-09-09,37
780,MCP3452001D,250040105,Montgomery_County_Police,Property Damage Crash,2025-09-07 10:00:00,Maryland_State_Route,GEORGIA AVE (SB/L),PARKLAWN DR,Rear-End (Same Direction),Tailgating,Rain,Wet,Daylight,No Control,None Detected,F1C59A12-336C-4026-9F84-E78597656E44,MD,4BD7066A-2995-43BB-8F23-49C10DBFC0E5,Twelve O Clock,PassengerCar,SlowingOrStopping,Southbound,25.0,No,No,2018,CHEVROLET,39.04672033,-77.05213167,Silverado_Chevrolet,10,2025,9,7,10,Sunday,2025-09-07,36
781,MCP311100B6,250040464,Montgomery_County_Police,Injury Crash,2025-09-09 12:33:00,County_Route,COLUMBIA PIKE,BRADLEY BLVD (SB/L),Angle Collision,Road Obstruction,Clear,Dry,Daylight,Traffic Signal,None Detected,BF9893B0-2E40-4A18-895D-20D88F73D9FD,MD,00080C48-5F9C-45E9-A167-ADB1625F9194,Twelve O Clock,PassengerCar,MovingConstantSpeed,South,25.0,No,No,2019,PORSCHE,38.97796483,-77.098711,Panamera_Porsche,12,2025,9,9,12,Tuesday,2025-09-09,37
783,MCP312900DF,250039115,Montgomery_County_Police,Injury Crash,2025-09-01 13:25:00,County_Route,CARROLTON RD,FLOWER VALLEY DR,Angle Collision,Right-of-Way Violation,Clear,Dry,Daylight,Stop Sign,None Detected,58F9146A-9454-4404-84D8-153C728811F9,MD,0D97F0B0-F07D-4D96-93B9-6573309F4FFE,Twelve O Clock,SportUtilityVehicle,Accelerating,Not On Roadway,25.0,No,No,2015,INFINITI,39.10482999,-77.08878573,QX60_Infiniti,13,2025,9,1,13,Monday,2025-09-01,36
784,MCP3290004D,250039116,Montgomery_County_Police,Property Damage Crash,2025-09-01 13:34:00,Local_Route,PENNYDOG LA,MUDDY BRANCH RD,Rear vs Side,Right-of-Way Violation,Clear,Dry,Daylight,No Control,None Detected,769F525E-35E9-42E2-B73D-B26E0B17FD76,MD,A19FAFA5-E5B6-4876-A5E7-6FAC29E79B0B,Four O Clock,StationWagon,MovingConstantSpeed,Not On Roadway,25.0,No,No,2013,SUBARU,39.02896658,-77.0485844,Outback_Subaru,13,2025,9,1,13,Monday,2025-09-01,36
785,MCP3232006Y,250039518,Montgomery_County_Police,Injury Crash,2025-09-03 17:38:00,Maryland_State_Route,GEORGIA AVE (SB/L),MIDDLEVALE LA MIDDLEVALE TERR,Head-On,Lane Violation,Clear,Dry,Daylight,No Control,None Detected,F7C13F61-09D3-4B34-AFA8-2A9512B749FE,MD,6DC1199B-EB09-4887-ABAB-CA92D8EE04A8,Ten O Clock,PassengerCar,MovingConstantSpeed,Southbound,35.0,No,No,2020,TOYOTA,39.18623274,-77.06392187,Corolla_Toyota,17,2025,9,3,17,Wednesday,2025-09-03,36
786,MCP263900HG,250039599,Montgomery_County_Police,Property Damage Crash,2025-09-04 09:48:00,Maryland_State_Route,BRADLEY LA,EMORY LA,Sideswipe (Opposite Direction),Lane Violation,Clear,Dry,Daylight,Traffic Signal,None Detected,1D28EF88-EC5E-4BA9-A7B4-ACFCE89FEB6A,MD,D5969BA0-3609-4F31-9343-D2BDBA051B07,Ten O Clock,PassengerCar,MovingConstantSpeed,Not On Roadway,2.5,No,No,2017,FORD,39.153548,-77.05566751,Taurus_Ford,9,2025,9,4,9,Thursday,2025-09-04,36
787,MCP285900JM,250039749,Montgomery_County_Police,Property Damage Crash,2025-09-05 06:50:00,Maryland_State_Route,FREDERICK RD (SB/L),GAME PRESERVE RD,Angle Collision,Driver Inattention,Cloudy,Dry,Daylight,No Control,None Detected,5586BEA7-682A-40C5-B49A-63C6B07030FD,MD,CD452A88-9B3F-4999-8EE8-31FBD66A06DB,Twelve O Clock,PassengerCar,MovingConstantSpeed,Southbound,40.0,No,No,2012,HONDA,39.1648189,-77.22746769,Civic_Honda,6,2025,9,5,6,Friday,2025-09-05,36
788,DD5680001H,250039943,Rockville_Police_Department,Injury Crash,2025-09-06 03:00:00,Interstate_Route,EISENHOWER MEMORIAL HWY,FALLS RD,Head-On,Road Obstruction,Clear,Dry,Dark - Lighted,Traffic Signal,None Detected,EFE528DC-2556-40A7-8E6E-2572E86773EB,MD,32F6407A-00B9-4F82-8BF7-A9424CF802D1,Twelve O Clock,PassengerCar,MovingConstantSpeed,South,35.0,No,No,2004,BMW,39.07389791,-77.16448235,3 Series_BMW,3,2025,9,6,3,Saturday,2025-09-06,36
791,MCP268900D1,250039125,Montgomery_County_Police,Property Damage Crash,2025-09-01 14:13:00,Maryland_State_Route,SKYLARK RD,GERMANTOWN RD SPRING MEADOWS DR (NB/L),Head-On,Traffic Control Violation,Clear,Dry,Daylight,Traffic Signal,None Detected,22CFF3A6-ACA3-4F1C-94BD-C19342131B65,MD,CB5797E7-C56B-4558-B5D7-8C1D97C11AF0,Twelve O Clock,PassengerCar,MovingConstantSpeed,Northbound,25.0,No,No,2023,CHEVROLET,39.10982767,-77.30254283,Bolt EV_Chevrolet,14,2025,9,1,14,Monday,2025-09-01,36
793,MCP2961004Q,250039590,Montgomery_County_Police,Property Damage Crash,2025-09-04 08:45:00,Maryland_State_Route,OLD GEORGETOWN RD,TIMBERWOOD AVE,Back-to-Back,Tailgating,Clear,Dry,Daylight,No Control,None Detected,98F01D2B-7D28-4317-BFB8-D4B150B7F857,MD,8521AF79-8CBE-4C03-9D45-32C42573918F,Twelve O Clock,PassengerCar,MovingConstantSpeed,Westbound,35.0,No,No,2007,HONDA,39.11405899,-77.05541116,Civic_Honda,8,2025,9,4,8,Thursday,2025-09-04,36
794,MCP3171002T,250040222,Montgomery_County_Police,Property Damage Crash,2025-09-08 07:45:00,Bicycle_Route,GEORGIA AVE,GERMANTOWN RD (SB/L) MIDDLEBROOK RD (WB/L),Sideswipe (Same Direction),Lane Violation,Clear,Dry,Daylight,Lane Use Control,None Detected,95D7B946-427E-4432-8991-E2ADC049E8EE,MD,F7929C1C-18AD-4BE6-8C90-CD92DA727FB0,Eleven O Clock,SportUtilityVehicle,ChangingLanes,West,40.0,No,No,2021,SUBARU,39.17899473,-77.26718789,Outback_Subaru,7,2025,9,8,7,Monday,2025-09-08,37
795,MCP3378001P,250040211,Montgomery_County_Police,Injury Crash,2025-09-08 05:30:00,Maryland_State_Route,RIVER RD,ASHTON RD,Angle Collision,Right-of-Way Violation,Clear,Dry,Dark - Lighted,Flashing Traffic Signal,None Detected,4A58DC3B-58A1-4A91-82DB-C52503E7A189,MD,A4A9CE07-F7BC-4FBD-B002-E2D6AFDAB696,Seven O Clock,PickupTruck,MovingConstantSpeed,Southbound,30.0,No,No,2017,FORD,39.14935926,-77.01237029,F-250_Ford,5,2025,9,8,5,Monday,2025-09-08,37
796,MCP1433006D,250039495,Montgomery_County_Police,Property Damage Crash,2025-09-03 15:40:00,Maryland_State_Route,VEIRS MILL RD (WB/L),LITTLE FALLS PKWY,Rear-End (Same Direction),Tailgating,Clear,Dry,Daylight,No Control,None Detected,E5B4AF80-FFD0-4E9D-96F3-E77A49A34B66,FL,A2A3C553-AC17-40BE-9498-90A7FC110CA5,Seven O Clock,PassengerCar,SlowingOrStopping,Northbound,40.0,No,No,2023,TOYOTA,39.07217633,-77.1096805,Corolla_Toyota,15,2025,9,3,15,Wednesday,2025-09-03,36
798,MCP20160093,250040419,Montgomery_County_Police,Property Damage Crash,2025-09-09 09:17:00,Municipality_Route,BEALL AVE #2,PINEY BRANCH RD,Sideswipe (Same Direction),Lane Violation,Clear,Dry,Daylight,No Control,None Detected,00D57D33-3AE8-42C8-813D-91DF2A837FFE,MD,67CB44C3-CE41-49E8-BDC7-08E1DF5CCD9B,Three O Clock,TransitBus,MakingRightTurn,Eastbound,15.0,No,No,2013,TESLA,39.08687383,-77.15250867,Model 3_Tesla,9,2025,9,9,9,Tuesday,2025-09-09,37
800,MCP3232006Z,250040367,Montgomery_County_Police,Injury Crash,2025-09-08 20:26:00,County_Route,HILLCROFT DR,FIRSTFIELD RD,Head-On,Lane Violation,Clear,Dry,Dark - Lighted,No Control,None Detected,0AF09A0A-F5E3-4786-9A22-4389716910E2,MD,B29E6C75-BA27-4B4A-A7AA-6D78C943227B,One O Clock,PassengerCar,MovingConstantSpeed,Northbound,20.0,No,No,2020,HONDA,39.12609985,-77.07937139,Fit_Honda,20,2025,9,8,20,Monday,2025-09-08,37
801,DD5538005P,250039780,Rockville_Police_Department,Injury Crash,2025-09-05 10:31:00,Maryland_State_Route,ROCKVILLE PIKE (SB/L),WEST OLD BALTIMORE RD,Sideswipe (Same Direction),Passing / Turning,Clear,Dry,Daylight,No Control,None Detected,41DE0E94-0CC4-49F6-BF0F-34516A6F3319,MD,F1F8C01B-41F5-4296-B993-22765CB8A518,Five O Clock,SportUtilityVehicle,MakingRightTurn,Southbound,35.0,No,No,2009,TOYOTA,39.06109716,-77.12352388,RAV4_Toyota,10,2025,9,5,10,Friday,2025-09-05,36
802,MCP3220005G,250035858,Montgomery_County_Police,Property Damage Crash,2025-09-05 15:54:00,County_Route,SIESTA KEY WAY,KEY WEST AVE (WB/L),Sideswipe (Same Direction),Passing / Turning,Clear,Dry,Daylight,No Control,None Detected,2C75C54E-65AF-4F2A-A0D1-90D230D8CD04,MD,EB8A269A-AAC8-4A2D-95D8-6FF710F84C7E,Eleven O Clock,PassengerCar,MakingRightTurn,Westbound,40.0,No,No,2017,LEXUS,39.105196,-77.19476133,RX_Lexus,15,2025,9,5,15,Friday,2025-09-05,36
804,DD5538005P,250039780,Rockville_Police_Department,Injury Crash,2025-09-05 10:31:00,Maryland_State_Route,ROCKVILLE PIKE (SB/L),RAMP 7 FR RAMP 2 (FR IS495) TO MD 185 SB,Sideswipe (Same Direction),Right-of-Way Violation,Clear,Dry,Daylight,No Control,None Detected,3CA02499-AA4D-43B7-A5EF-F54B2A00E09A,MD,0C3D75F5-B2E0-4C5F-9EED-3218EE061482,Eleven O Clock,TransitBus,Accelerating,Southbound,35.0,No,No,2019,FORD,39.06109716,-77.12352388,F-150_Ford,10,2025,9,5,10,Friday,2025-09-05,36
805,MCP3396002D,250040040,Montgomery_County_Police,Injury Crash,2025-09-06 18:08:00,Maryland_State_Route,VEIRS MILL RD,STRATOS LA,Rear-End (Same Direction),Tailgating,Rain,Wet,Daylight,No Control,None Detected,1341557C-F453-47ED-88C3-6C6D0447CE4A,MD,57D00663-5B27-48A7-AB38-912F1108E27F,Twelve O Clock,PassengerCar,MovingConstantSpeed,Southbound,35.0,No,No,2013,TOYOTA,39.04962233,-77.07108067,Camry_Toyota,18,2025,9,6,18,Saturday,2025-09-06,36
808,MCP3085006F,250039675,Montgomery_County_Police,Property Damage Crash,2025-09-04 15:04:00,County_Route,NEBEL ST,DEMOCRACY BLVD,Sideswipe (Same Direction),Lane Violation,Clear,Dry,Daylight,No Control,None Detected,439E3C83-8F6A-41EE-8015-7EE43247FCE5,MD,46240FB2-C7B5-4117-BD1A-71CEB40F54AD,Nine O Clock,PassengerCar,ChangingLanes,Northbound,25.0,No,No,2025,BMW,39.05299083,-77.11089441,X1_BMW,15,2025,9,4,15,Thursday,2025-09-04,36
809,MCP94190065,250039654,Montgomery_County_Police,Property Damage Crash,2025-09-04 13:11:00,County_Route,RIVER TRAIL CT,UNIVERSITY BLVD W,Sideswipe (Opposite Direction),Passing / Turning,Clear,Dry,Daylight,No Control,None Detected,391C0488-3205-4BEC-99AD-F1D66F9F3671,NY,F801FE05-46F7-47B0-A451-D20345EE612E,VehicleNotAtScene,PassengerCar,MovingConstantSpeed,Westbound,2.5,No,No,2014,NISSAN,39.12686212,-77.16530096,Altima_Nissan,13,2025,9,4,13,Thursday,2025-09-04,36
813,MCP3457001J,250040091,Montgomery_County_Police,Injury Crash,2025-09-07 05:39:00,US_State_Route,COLESVILLE RD,UNIVERSITY BLVD E,Angle Collision,Road Obstruction,Clear,Dry,Dark - Lighted,Traffic Signal,None Detected,21FA05CB-6A7F-424E-8316-FF4CE894CC92,MD,55E39AEC-06D1-4E9F-B8CF-2F38E1B74A3A,Five O Clock,PickupTruck,MovingConstantSpeed,East,35.0,No,No,2022,TOYOTA,39.01969231,-77.01311718,Tacoma_Toyota,5,2025,9,7,5,Sunday,2025-09-07,36
815,MCP32620064,250039492,Montgomery_County_Police,Property Damage Crash,2025-09-03 16:00:00,US_State_Route,COLUMBIA PIKE,LOCKWOOD DR,Rear-End (Same Direction),Tailgating,Clear,Dry,Daylight,Traffic Signal,None Detected,2961F264-8174-4509-BDA4-1A706FF126ED,MD,FBB1C179-C7A5-4E30-B2E3-63BA0B051166,Twelve O Clock,PickupTruck,MovingConstantSpeed,Northbound,40.0,No,No,2022,FORD,39.03165264,-77.00422536,F-350_Ford,16,2025,9,3,16,Wednesday,2025-09-03,36
816,MCP33720042,250039330,Montgomery_County_Police,Property Damage Crash,2025-09-02 17:49:00,Maryland_State_Route,MUNCASTER MILL RD,INDUSTRIAL PKWY,Rear-End (Same Direction),Driver Inattention,Clear,Dry,Daylight,No Control,None Detected,6BEF3294-BE5A-4735-8B59-EF44F345D0D5,MD,61942F79-D2B0-4C4E-9205-8B65303796A5,Six O Clock,PassengerCar,MovingConstantSpeed,Southbound,35.0,No,No,2014,VOLVO,39.11297317,-77.09049717,XC60_Volvo,17,2025,9,2,17,Tuesday,2025-09-02,36
817,MCP32400040,250039558,Montgomery_County_Police,Property Damage Crash,2025-09-03 22:30:00,County_Route,SMOKE HOUSE CT,E FRANKLIN AVE,Sideswipe (Opposite Direction),Lane Violation,Clear,Dry,Dark - Lighted,No Control,None Detected,C9725249-D09F-4739-9CE1-B40C525F09C4,MD,A5939C08-A86F-402C-B027-083B77100F5F,Eleven O Clock,PassengerCar,MovingConstantSpeed,Southbound,15.0,No,No,2017,DODGE,39.15448854,-77.26734762,Grand Caravan_Dodge,22,2025,9,3,22,Wednesday,2025-09-03,36
818,MCP30300086,250040151,Montgomery_County_Police,Injury Crash,2025-09-07 16:01:00,County_Route,WOODMONT AVE,WISCONSIN AVE (SB/L),Sideswipe (Same Direction),Right-of-Way Violation,Clear,Dry,Daylight,Traffic Signal,None Detected,2E5589AB-8627-473C-A97B-E9EF72B88A9F,MD,413968A7-EA8D-4444-8FAA-7A60C6A20508,Two O Clock,PassengerCar,MakingUTurn,Northbound,25.0,No,No,2020,HONDA,38.98004219,-77.09220475,Civic_Honda,16,2025,9,7,16,Sunday,2025-09-07,36
819,MCP27880040,250040088,Montgomery_County_Police,Property Damage Crash,2025-09-07 02:06:00,County_Route,TAMARACK RD,OGDEN RD,Rear-End (Same Direction),Lane Violation,Rain,Wet,Dark - Lighted,No Control,Suspect Alcohol (Unclear),72CC8733-AC87-44F3-8505-B49E2BDD3A48,MT,5177A685-1E8B-4BBD-850E-AD40B944366D,Twelve O Clock,PassengerCar,MovingConstantSpeed,Northbound,25.0,No,No,2002,HONDA,39.07276967,-76.980274,Civic_Honda,2,2025,9,7,2,Sunday,2025-09-07,36
820,DM8505002R,250039630,Takoma_Park_Police_Department,Property Damage Crash,2025-09-04 12:08:00,Municipality_Route,GLENSIDE DR,NO NAME,Rear-End (Same Direction),Tailgating,Clear,Dry,Daylight,Other,None Detected,7BC44566-0780-4BED-A2FB-1DFA187F7661,MD,00499C66-042C-4FB3-9130-9E894EBA092C,VehicleNotAtScene,PassengerCar,MovingConstantSpeed,Southbound,20.0,No,No,2017,TOYOTA,38.98621316,-76.99294176,Corolla_Toyota,12,2025,9,4,12,Thursday,2025-09-04,36
821,MCP33790026,250039342,Montgomery_County_Police,Property Damage Crash,2025-09-02 17:55:00,County_Route,WISTERIA DR,FATHER HURLEY BLVD (NB/L),Angle Collision,Right-of-Way Violation,Clear,Dry,Daylight,Traffic Signal,None Detected,FD36407E-CF19-4480-A813-4156464A080C,DC,74FA5CB7-3BBF-43F8-BA97-2F682CE489F3,Two O Clock,TransitBus,Accelerating,Eastbound,30.0,No,No,2020,HONDA,39.18129926,-77.27606899,Civic_Honda,17,2025,9,2,17,Tuesday,2025-09-02,36
822,MCP3255007B,250039166,Montgomery_County_Police,Property Damage Crash,2025-09-01 18:30:00,County_Route,EAST WEST HWY,MIDDLEBROOK RD,Sideswipe (Opposite Direction),Passing / Turning,Clear,Dry,Other,No Control,None Detected,5D018E11-B992-447E-B94F-B108A47223A0,MD,E1A43800-88F4-461F-AF2A-F7A68E8586A5,Nine O Clock,PassengerCar,NegotiatingCurve,Not On Roadway,2.5,No,No,2017,HONDA,39.10563774,-77.20309309,Accord_Honda,18,2025,9,1,18,Monday,2025-09-01,36
824,MCP2683007D,240039504,Montgomery_County_Police,Property Damage Crash,2025-09-03 16:48:00,Spur_Route,CLOPPER RD,CLUB HOUSE RD,Rear-End (Same Direction),Tailgating,Clear,Dry,Daylight,Yield Sign,None Detected,C869495D-E69E-48E1-B178-A13DFC52509B,MD,E3D7C94D-B137-45EB-85DB-B5F2870D234A,Twelve O Clock,PassengerCar,MakingRightTurn,Northbound,35.0,No,No,2014,INFINITI,39.07449965,-77.13540176,Q50_Infiniti,16,2025,9,3,16,Wednesday,2025-09-03,36
825,MCP31650063,250040117,Montgomery_County_Police,Property Damage Crash,2025-09-07 11:20:00,County_Route,BROADBIRCH DR,BETHESDA CHURCH RD,Sideswipe (Opposite Direction),Road Obstruction,Clear,Dry,Daylight,No Control,None Detected,D9A37852-5789-441E-BAF8-A2A519D7BC6A,MD,9FCE95E6-8B5B-4395-9A9B-8B950495D173,Twelve O Clock,PassengerCar,MovingConstantSpeed,North,30.0,No,No,2021,VOLKSWAGEN,39.0555495,-76.95616917,Jetta_Volkswagen,11,2025,9,7,11,Sunday,2025-09-07,36
827,MCP2678005V,250039453,Montgomery_County_Police,Injury Crash,2025-09-03 13:17:00,Maryland_State_Route,VEIRS MILL RD,CONNECTICUT AVE,Single Vehicle,Right-of-Way Violation,Clear,Dry,Daylight,Traffic Signal,None Detected,2C9B3B87-9632-49A9-B1A5-8165ACBFA869,MD,4E33E890-5723-4EEE-A52E-11CC4CE16655,One O Clock,PassengerCar,MakingUTurn,Northbound,35.0,No,No,2017,TOYOTA,39.05139017,-77.07480508,RAV4_Toyota,13,2025,9,3,13,Wednesday,2025-09-03,36
828,MCP311100B6,250040464,Montgomery_County_Police,Injury Crash,2025-09-09 12:33:00,County_Route,ROCKVILLE PIKE,BRADLEY BLVD (SB/L),Angle Collision,Right-of-Way Violation,Clear,Dry,Daylight,Traffic Signal,None Detected,4465CFAD-C6CE-4051-AC64-F32C533C3A53,MD,37C1A05D-5582-4BD2-A704-60CC929B8FFF,Two O Clock,PassengerCar,MakingLeftTurn,West,25.0,No,No,2021,LEXUS,38.97796483,-77.098711,ES_Lexus,12,2025,9,9,12,Tuesday,2025-09-09,37
830,MCP3230007L,250040275,Montgomery_County_Police,Property Damage Crash,2025-09-08 12:45:00,County_Route,CONNECTICUT AVE,EXETER RD,Rear-End (Same Direction),Tailgating,Clear,Dry,Daylight,No Control,None Detected,352326A8-89AB-4E4D-85BF-5B35B011BE47,MD,14643EB7-EC77-47A6-9504-B297BD7C4E41,Twelve O Clock,Van - Passenger (&lt;9 Seats),MovingConstantSpeed,Northbound,35.0,No,No,2011,TOYOTA,39.0881575,-77.0728405,Sienna_Toyota,12,2025,9,8,12,Monday,2025-09-08,37
831,MCP93180047,250039476,Montgomery_County_Police,Property Damage Crash,2025-09-03 15:19:00,Maryland_State_Route,NEW HAMPSHIRE AVE (SB/L),CLAY ST,Rear-End (Same Direction),Tailgating,Clear,Dry,Daylight,No Control,None Detected,B8EBA771-F1DC-4E96-ADB7-9DDFB5E656FC,MD,638105C4-6A7F-42B2-B029-8BD6B385C762,Six O Clock,PassengerCar,SlowingOrStopping,Southbound,40.0,No,No,2015,VOLKSWAGEN,39.01194163,-76.97889791,Jetta_Volkswagen,15,2025,9,3,15,Wednesday,2025-09-03,36
832,MCP24450079,250039776,Montgomery_County_Police,Property Damage Crash,2025-09-05 10:16:00,Maryland_State_Route,FREDERICK RD,GUNNERS BRANCH RD,Single Vehicle,Lane Violation,Clear,Dry,Daylight,Traffic Signal,None Detected,FBA31012-1705-4A2D-8A8F-DC937AEC1A21,MD,EDDCD8CF-4620-4CBB-9C2A-AF9C39EEF6AE,Twelve O Clock,PassengerCar,MovingConstantSpeed,Northbound,40.0,No,No,2007,TOYOTA,39.17842197,-77.23840127,Corolla_Toyota,10,2025,9,5,10,Friday,2025-09-05,36
833,MCP3040008F,250040424,Montgomery_County_Police,Injury Crash,2025-09-09 09:30:00,Maryland_State_Route,GEORGIA AVE,DALE DR,Angle Collision,Right-of-Way Violation,Clear,Dry,Daylight,No Control,None Detected,37948AE2-8625-48FF-AEEB-7B5E60DEBF89,MD,E224BB1E-1A14-4A90-8063-142283AFFF11,One O Clock,PassengerCar,MakingLeftTurn,Eastbound,30.0,No,No,2019,CADILLAC,39.22220167,-77.05966967,CTS_Cadillac,9,2025,9,9,9,Tuesday,2025-09-09,37
834,MCP25160069,250039391,Montgomery_County_Police,Injury Crash,2025-09-03 04:49:00,Maryland_State_Route,RIDGE RD,CROSSOVER,Single Vehicle,Lane Violation,Clear,Dry,Dark - Lighted,No Control,None Detected,A64154B2-9630-4E19-8E39-8E581E1B0A8D,MD,8C595E7C-DA5E-482C-AAA4-E09BD7117DF2,Twelve O Clock,PassengerCar,MovingConstantSpeed,Northbound,35.0,No,No,2014,HONDA,39.21396166,-77.24934638,CR-V_Honda,4,2025,9,3,4,Wednesday,2025-09-03,36
835,MCP33960029,250039137,Montgomery_County_Police,Property Damage Crash,2025-09-01 14:00:00,County_Route,RANDOLPH RD (WB/L),GRIST MILL DR,Single Vehicle,Lane Violation,Clear,Dry,Daylight,No Control,None Detected,B9960F81-F13C-4AAA-8032-52D69CB4F1DE,MD,8E97CD49-A454-442F-A7A6-D214E3F7EC69,Twelve O Clock,PassengerCar,MovingConstantSpeed,Westbound,35.0,No,No,2012,HONDA,39.0662247,-77.0337882,Accord_Honda,14,2025,9,1,14,Monday,2025-09-01,36
836,EJ78990024,250039707,Gaithersburg_Police_Department,Property Damage Crash,2025-09-04 18:59:00,Maryland_State_Route,W DIAMOND AVE,MEEM AVE WATER ST,Head-On,Weather Related,Clear,Wet,Dusk,No Control,None Detected,AB1B4DFB-03E6-4A9F-B353-80AB5FA4A53B,MD,A2582091-1D6E-4DAD-82E6-B7D02DAAD3C1,Eleven O Clock,PassengerCar,MakingLeftTurn,East,25.0,No,No,2018,CHEVROLET,39.14078683,-77.20194933,Equinox_Chevrolet,18,2025,9,4,18,Thursday,2025-09-04,36