Unnamed: 0,Report Number,Local Case Number,Agency Name,ACRS Report Type,Crash Date/Time,Route Type,Road Name,Cross-Street Name,Collision Type,Circumstance_Category,Weather,Surface Condition,Light,Traffic Control,Driver Substance Abuse,Person ID,Drivers License State,Vehicle ID,Vehicle First Impact Location,Vehicle Body Type,Vehicle Movement,Vehicle Going Dir,Speed Limit,Driverless Vehicle,Parked Vehicle,Vehicle Year,Vehicle Make,Latitude,Longitude,Vehicle Model,hour,Crash_year,Crash_month,Crash_day,Crash_hour,Crash_day_name,Crash_date,Crash_week
838,EJ78940067,250039196,Gaithersburg_Police_Department,Property Damage Crash,2025-09-02 05:02:00,Ramp_Route,RAMP 4 FR IS 270 NB TO WATKINS MILL RD,W WATKINS MILL RD,Single Vehicle,Road Obstruction,Clear,Dry,Dark - Not Lighted,Traffic Signal,None Detected,B8C15D81-92FD-43C9-9AC7-A4776492EAC9,MD,249AD6BF-F5D1-4A72-92B3-384B77936C91,NonCollision,PassengerCar,SlowingOrStopping,East,25.0,No,No,2016,TOYOTA,39.15671006,-77.22465824,Tacoma_Toyota,5,2025,9,2,5,Tuesday,2025-09-02,36
839,EJ78910034,250039473,Gaithersburg_Police_Department,Property Damage Crash,2025-09-03 14:51:00,County_Route,MUDDY BRANCH RD,SUFFIELD DR,Rear vs Side,Right-of-Way Violation,Clear,Dry,Daylight,No Control,None Detected,3C2631B8-6D53-492D-8925-15E683F63BF9,MD,25526DA8-35A9-49DE-9C46-F4B4009D4FD5,Twelve O Clock,SportUtilityVehicle,EnteringTrafficLane,Eastbound,40.0,No,No,2021,DODGE,39.11251483,-77.21626583,Durango_Dodge,14,2025,9,3,14,Wednesday,2025-09-03,36
840,MCP2930005N,250040533,Montgomery_County_Police,Property Damage Crash,2025-09-09 16:30:00,Maryland_State_Route,SPENCERVILLE RD,WISCONSIN AVE,Sideswipe (Same Direction),Lane Violation,Clear,Dry,Daylight,No Control,None Detected,D6E5D45D-285D-4020-AA88-0D94CCDDC889,MD,85E60B78-FC1C-40D7-A63B-31DC838E88E0,One O Clock,PassengerCar,MovingConstantSpeed,Northbound,40.0,No,No,2014,HYUNDAI,39.10816794,-76.9371226,Elantra_Hyundai,16,2025,9,9,16,Tuesday,2025-09-09,37
841,MCP3261001M,250040078,Montgomery_County_Police,Injury Crash,2025-09-06 23:22:00,Bicycle_Route,NEW HAMPSHIRE AVE,CROSSOVER,Head-On,Lane Violation,Rain,Wet,Dark - Lighted,No Control,Suspect Alcohol Only,F3EC4766-08D9-4B50-BB4D-782767D29428,MD,5AE26B16-67E4-4679-94E8-7DB607B55757,Eleven O Clock,SportUtilityVehicle,MovingConstantSpeed,Southbound,50.0,No,No,2023,HYUNDAI,39.13760396,-77.25615785,Elantra_Hyundai,23,2025,9,6,23,Saturday,2025-09-06,36
843,MCP2455008C,250039500,Montgomery_County_Police,Property Damage Crash,2025-09-03 15:48:00,County_Route,E GUDE DR,SPLIT OAK CIR,Sideswipe (Same Direction),Lane Violation,Clear,Dry,Daylight,No Control,None Detected,D895AE84-EAB7-4865-A76D-35ADE1F848F9,MD,EE93B9E4-F9E9-4FCF-BB16-02B591B804A7,CargoLoss,PassengerCar,MovingConstantSpeed,Eastbound,40.0,No,No,2018,NISSAN,39.10634333,-77.14980307,Altima_Nissan,15,2025,9,3,15,Wednesday,2025-09-03,36
844,MCP3358003J,250040109,Montgomery_County_Police,Property Damage Crash,2025-09-07 10:20:00,County_Route,MONTROSE PKWY,GREENWOOD AVE,Single Vehicle,Speed Related,Cloudy,Wet,Daylight,Warning Sign,None Detected,D1AD21CA-170A-44B6-9A3A-99D4909F6FDC,MD,C0D882FE-6A83-4D65-AD63-65E9B453C3E9,Four O Clock,PassengerCar,NegotiatingCurve,Eastbound,35.0,No,No,2006,BMW,39.05149434,-77.1346322,3 Series_BMW,10,2025,9,7,10,Sunday,2025-09-07,36
847,MCP3040008F,250040424,Montgomery_County_Police,Injury Crash,2025-09-09 09:30:00,Maryland_State_Route,GEORGIA AVE,RAMP 4 FR IS 270Y NB TO DEMOCRACY BLVD,Angle Collision,Lane Violation,Clear,Dry,Daylight,No Control,None Detected,0F40DE42-BE24-4514-BB70-092BD7B78357,MD,C360D713-EF32-4EAD-B294-6C3864370DFD,Eleven O Clock,PassengerCar,MovingConstantSpeed,Northbound,30.0,No,No,2014,TOYOTA,39.22220167,-77.05966967,Tundra_Toyota,9,2025,9,9,9,Tuesday,2025-09-09,37
849,MCP2445007B,250040399,Montgomery_County_Police,Property Damage Crash,2025-09-09 07:44:00,County_Route,BRINK RD,COG WHEEL WAY,Rear-End (Same Direction),Tailgating,Clear,Dry,Daylight,No Control,None Detected,46041DBE-824E-4F9E-B52E-008546E1CE33,MD,CDCA137D-8801-42A4-8941-2013DE41EC14,Eleven O Clock,PassengerCar,MovingConstantSpeed,Southbound,35.0,No,No,2016,FORD,39.20568667,-77.21466167,Focus_Ford,7,2025,9,9,7,Tuesday,2025-09-09,37
851,MCP31650062,250039990,Montgomery_County_Police,Property Damage Crash,2025-09-06 11:30:00,US_State_Route,COLUMBIA PIKE,LINDELL ST,Rear-End (Same Direction),Tailgating,Clear,Dry,Daylight,No Control,None Detected,46B201AF-1101-45C5-B538-CC6297EC1C17,MD,6DB565EB-3B8F-4C23-B139-42ADF8FF2814,Five O Clock,PassengerCar,MovingConstantSpeed,Northbound,40.0,No,No,2016,NISSAN,39.05699779,-76.96963277,Rogue_Nissan,11,2025,9,6,11,Saturday,2025-09-06,36
852,MCP3148008B,250039694,Montgomery_County_Police,Property Damage Crash,2025-09-04 17:50:00,County_Route,W WATKINS MILL RD (SB/L),E PARKHILL DR,Angle Collision,Right-of-Way Violation,Cloudy,Dry,Daylight,Stop Sign,None Detected,1AB29ACF-3685-4C81-BBF8-4FF7C5B09A0C,MD,D05E4516-BEC1-47EA-9F56-4215F1FF518F,Eleven O Clock,PassengerCar,MakingLeftTurn,Northbound,25.0,No,No,2017,VOLKSWAGEN,39.01041815,-77.09147324,Jetta_Volkswagen,17,2025,9,4,17,Thursday,2025-09-04,36
854,MCP3232006X,250039308,Montgomery_County_Police,Property Damage Crash,2025-09-02 16:20:00,Maryland_State_Route,GEORGIA AVE,BRADLEY BLVD,Other,Right-of-Way Violation,Clear,Dry,Daylight,No Control,None Detected,66566A65-2B57-4866-8037-8F3B281A27C0,MD,2EE298D8-94C0-4824-AEFD-3E4EAA62FCB4,Ten O Clock,PassengerCar,MovingConstantSpeed,Eastbound,35.0,No,No,2013,SUBARU,39.22557247,-77.06649679,Crosstrek_Subaru,16,2025,9,2,16,Tuesday,2025-09-02,36
855,MCP3457001J,250040091,Montgomery_County_Police,Injury Crash,2025-09-07 05:39:00,US_State_Route,COLESVILLE RD,UNIVERSITY BLVD E,Angle Collision,Traffic Control Violation,Clear,Dry,Dark - Lighted,Traffic Signal,None Detected,81BA27CB-66B6-4269-8824-57D4EAD67E60,MD,E3D865E8-1C7A-46E4-9F99-E511F47F0310,Twelve O Clock,PickupTruck,MovingConstantSpeed,North,35.0,No,No,2017,FORD,39.01969231,-77.01311718,F-150_Ford,5,2025,9,7,5,Sunday,2025-09-07,36
856,DD5644004B,250040405,Rockville_Police_Department,Injury Crash,2025-09-09 08:27:00,Municipality_Route,REDLAND BLVD,RAMP 9 FR RAMP 1 TO REDLAND BLVD,Angle Collision,Right-of-Way Violation,Clear,Dry,Daylight,Traffic Signal,None Detected,3661B26E-8BCA-435A-A473-376F89BB9481,MD,A5434898-B0E0-4F89-8C96-4E36E15EF039,Three O Clock,SportUtilityVehicle,MakingLeftTurn,Southbound,40.0,No,No,2025,HONDA,39.1156296,-77.16620379,CR-V_Honda,8,2025,9,9,8,Tuesday,2025-09-09,37
857,MCP15680028,250039480,Montgomery_County_Police,Property Damage Crash,2025-09-03 15:06:00,Maryland_State_Route,BEALLSVILLE RD,WILDWOOD DR,Rear-End (Same Direction),Passing / Turning,Clear,Dry,Daylight,No Control,None Detected,68244494-9142-4EF7-A98B-B82AAC9847B5,MD,8656CA2D-60B4-475A-94BB-D804470EB92D,One O Clock,SportUtilityVehicle,Passing,Northbound,40.0,No,No,2023,KIA,39.17210621,-77.41438358,Optima_Kia,15,2025,9,3,15,Wednesday,2025-09-03,36
859,EJ78880083,250040047,Gaithersburg_Police_Department,Injury Crash,2025-09-06 18:20:00,Maryland_State_Route,MONTGOMERY VILLAGE AVE (SB/L),RUSSELL AVE,Angle Collision,Right-of-Way Violation,Clear,Wet,Daylight,Traffic Signal,None Detected,3754F832-A187-49B8-BDC1-BBE7DC14DEC8,MD,5ABDBEF5-7925-424F-951B-7D1F936B00F5,One O Clock,PassengerCar,MakingLeftTurn,Northbound,30.0,No,No,2014,CADILLAC,39.15442834,-77.20924937,CTS_Cadillac,18,2025,9,6,18,Saturday,2025-09-06,36
860,MCP2182003N,250039204,Montgomery_County_Police,Injury Crash,2025-09-02 07:44:00,County_Route,RAILROAD ST,CLOVERLEAF CENTER DR (EB/L),Single Vehicle,Right-of-Way Violation,Clear,Dry,Daylight,Pedestrian Crossing,None Detected,23CCEC64-228D-43B0-851B-229D3481AF0F,MD,02954F77-85A4-4AAC-98A7-314C1D46F9DD,Twelve O Clock,PassengerCar,SlowingOrStopping,Northbound,15.0,No,No,2016,CHEVROLET,39.04123045,-76.98549347,Malibu_Chevrolet,7,2025,9,2,7,Tuesday,2025-09-02,36
861,MCP93180047,250039476,Montgomery_County_Police,Property Damage Crash,2025-09-03 15:19:00,Maryland_State_Route,NEW HAMPSHIRE AVE (SB/L),CROWN PARK AVE,Rear-End (Same Direction),Tailgating,Clear,Dry,Daylight,No Control,None Detected,08EA5F04-D87F-4FB4-BEDD-5A28EDC2ED38,MD,9BE58DC8-2A08-46D8-A929-BA4E14BF3C18,VehicleNotAtScene,PassengerCar,MovingConstantSpeed,Southbound,40.0,No,No,2010,HONDA,39.01194163,-76.97889791,Fit_Honda,15,2025,9,3,15,Wednesday,2025-09-03,36
862,MCP94190066,250039775,Montgomery_County_Police,Property Damage Crash,2025-09-05 09:57:00,County_Route,REDLAND RD,RAMP 6 FR IS 495 EB TO MD 650 SB,Sideswipe (Same Direction),Lane Violation,Clear,Dry,Daylight,No Control,None Detected,57278097-E567-4B1D-AE70-B6B254E8157E,PA,517084FC-46E7-4892-BB47-0F5988EA8676,Ten O Clock,OtherTruck,ChangingLanes,Westbound,35.0,No,No,2019,BMW,39.11649102,-77.16519367,3 Series_BMW,9,2025,9,5,9,Friday,2025-09-05,36
865,MCP3457001J,250040091,Montgomery_County_Police,Injury Crash,2025-09-07 05:39:00,US_State_Route,COLESVILLE RD,UNIVERSITY BLVD E,Angle Collision,Traffic Control Violation,Clear,Dry,Dark - Lighted,Traffic Signal,None Detected,D33F6365-4320-4009-8941-D37586F73683,XX,DDAF9EAD-98C7-44ED-BEDB-67DA899C0A40,Twelve O Clock,Van - Passenger (&lt;9 Seats),MovingConstantSpeed,North,35.0,No,No,2017,CHEVROLET,39.01969231,-77.01311718,Express_Chevrolet,5,2025,9,7,5,Sunday,2025-09-07,36
866,MCP3396002D,250040040,Montgomery_County_Police,Injury Crash,2025-09-06 18:08:00,Maryland_State_Route,VEIRS MILL RD,MONTROSE PKWY,Rear-End (Same Direction),Tailgating,Rain,Wet,Daylight,No Control,None Detected,F5D14A67-1F50-4A27-93E0-67AE3AF6C58D,MD,4AFF60CE-F250-4EEC-83F3-75A65E4549AE,Six O Clock,PassengerCar,SlowingOrStopping,Southbound,35.0,No,No,2022,TOYOTA,39.04962233,-77.07108067,Corolla_Toyota,18,2025,9,6,18,Saturday,2025-09-06,36
867,MCP3193006W,250040033,Montgomery_County_Police,Injury Crash,2025-09-06 16:45:00,Maryland_State_Route,UNIVERSITY BLVD W,RAMP 6 FR IS 495 EB TO MD 650 SB,Rear-End (Same Direction),Tailgating,Rain,Wet,Daylight,Traffic Signal,None Detected,0D7EDDF3-CA9F-4A51-9B7A-016B2EA1161D,MD,F58799A8-D594-4280-852E-F07C20E69B05,Twelve O Clock,PassengerCar,SlowingOrStopping,Eastbound,35.0,No,No,2013,LEXUS,39.036516,-77.031432,RX 350_Lexus,16,2025,9,6,16,Saturday,2025-09-06,36
868,EJ786600GD,250040332,Gaithersburg_Police_Department,Injury Crash,2025-09-08 17:16:00,Maryland_State_Route,MONTGOMERY VILLAGE AVE,FATHER HURLEY BLVD,Single Vehicle,Right-of-Way Violation,Clear,Dry,Daylight,Traffic Signal,None Detected,221C2FDD-A4B8-48DF-ADE3-629B18AADEFB,MD,BD51FCB4-D117-46DF-A3EC-F871F09A47F9,NonCollision,PassengerCar,MakingLeftTurn,Westbound,2.5,No,No,2016,HYUNDAI,39.11502444,-77.21734579,Sonata_Hyundai,17,2025,9,8,17,Monday,2025-09-08,37
869,EJ78910034,250039473,Gaithersburg_Police_Department,Property Damage Crash,2025-09-03 14:51:00,County_Route,MUDDY BRANCH RD,SUFFIELD DR,Rear vs Side,Lane Violation,Clear,Dry,Daylight,No Control,None Detected,7B208242-6BF8-40BB-A8A3-BD59E8C34FDB,CA,4FA67EDA-3F6B-4444-95C5-02D3E9331706,Eight O Clock,PassengerCar,MovingConstantSpeed,Northbound,40.0,No,No,2015,LEXUS,39.11251483,-77.21626583,ES_Lexus,14,2025,9,3,14,Wednesday,2025-09-03,36
870,MCP2770004H,250039795,Montgomery_County_Police,Injury Crash,2025-09-05 12:00:00,County_Route,DAMASCUS RD,STEDWICK RD,Angle Collision,Right-of-Way Violation,Clear,Dry,Daylight,Stop Sign,None Detected,072D8D2F-12E5-4703-A001-1FC14E25AA34,MD,8B7E05E3-BD11-4463-A3C5-0A32C7994C76,One O Clock,PassengerCar,MakingLeftTurn,East,35.0,No,No,2020,JEEP,39.17601167,-77.20980167,Grand Cherokee_Jeep,12,2025,9,5,12,Friday,2025-09-05,36
873,MCP308600C2,250040131,Montgomery_County_Police,Injury Crash,2025-09-07 13:00:00,County_Route,EAST VILLAGE AVE (WB/L),MOLECULAR DR,Single Vehicle,Lane Violation,Clear,Dry,Daylight,No Control,None Detected,344C734A-501A-4654-B566-48C753E3FF66,MD,6E5DAADA-25FC-45E6-BBBB-D0421314F449,Twelve O Clock,PassengerCar,MovingConstantSpeed,Southbound,30.0,No,No,2022,ACURA,39.18499783,-77.17109667,ILX_Acura,13,2025,9,7,13,Sunday,2025-09-07,36
875,DD5663002F,250040313,Rockville_Police_Department,Property Damage Crash,2025-09-08 16:00:00,Maryland_State_Route,FALLS RD,PINEY BRANCH RD,Rear-End (Same Direction),Tailgating,Clear,Dry,Daylight,No Control,None Detected,4A6FF871-2595-4B16-AE92-CF2515E7B6BF,MD,21752573-A702-4B48-ACE2-65291B31D1DB,Six O Clock,SportUtilityVehicle,SlowingOrStopping,Eastbound,35.0,No,No,2020,TOYOTA,39.07061178,-77.16848908,RAV4_Toyota,16,2025,9,8,16,Monday,2025-09-08,37
876,MCP2251002Y,250040011,Montgomery_County_Police,Injury Crash,2025-09-06 14:34:00,Municipality_Route,ROLLINS AVE,CHAPMAN AVE,Head-On,Road Obstruction,Clear,Dry,Daylight,No Control,None Detected,BFB422A9-117F-4C27-964C-32DC50A4736D,MD,C689ECD9-0A48-4387-B119-1BD7B0C15582,Twelve O Clock,SportUtilityVehicle,MovingConstantSpeed,North,35.0,No,No,2012,HONDA,39.0578295,-77.118214,Pilot_Honda,14,2025,9,6,14,Saturday,2025-09-06,36
877,MCP9386009Z,250039488,Montgomery_County_Police,Property Damage Crash,2025-09-03 15:30:00,Maryland_State_Route,FALLS RD,VICTORY LA,Rear-End (Same Direction),Congestion / Backup,Clear,Dry,Daylight,No Control,None Detected,6C7F1D3B-5CE8-47BC-B2E0-236E137DAE0E,MD,6F364915-A39F-4178-A348-3CA332BA8B7D,Six O Clock,PassengerCar,StoppedInTrafficLane,Eastbound,35.0,No,No,2023,CADILLAC,39.05322417,-77.184173,CTS_Cadillac,15,2025,9,3,15,Wednesday,2025-09-03,36
879,MCP3380003K,250040006,Montgomery_County_Police,Injury Crash,2025-09-06 13:28:00,County_Route,VIERLING DR,BROOKS AVE,Single Vehicle,Driver Inattention,Clear,Dry,Daylight,No Control,None Detected,4CFFA0E9-2328-4471-BD8A-D65EEE6FEE9C,MD,B0EE11B5-B479-43CF-8375-343E0CF913EA,Twelve O Clock,PassengerCar,MovingConstantSpeed,Unknown,25.0,No,No,2012,HYUNDAI,39.0801909,-77.02030502,Sonata_Hyundai,13,2025,9,6,13,Saturday,2025-09-06,36
880,MCP272600DZ,250039987,Montgomery_County_Police,Property Damage Crash,2025-09-06 09:22:00,County_Route,SOUTHLAWN LA,S WESTLAND DR,Other,Backing Error,Clear,Dry,Daylight,Stop Sign,None Detected,6638C0CA-D160-4F39-89BF-91DF50DEB116,MD,C46FB7FA-8868-4EE8-BEFE-1CD5F2A9BD23,VehicleNotAtScene,PassengerCar,Backing,Unknown,2.5,No,No,2017,CHEVROLET,39.12877,-77.15977701,Impala_Chevrolet,9,2025,9,6,9,Saturday,2025-09-06,36
881,MCP2678005T,250039252,Montgomery_County_Police,Property Damage Crash,2025-09-02 12:12:00,County_Route,RANDOLPH RD,GARLAND AVE,Rear vs Side,Right-of-Way Violation,Clear,Dry,Daylight,No Control,None Detected,DCF4AA84-46C9-476D-8147-C20812BFC867,MD,BF27F38A-DCF6-4D2C-8B4E-CE57B8225D0A,Six O Clock,OtherTruck,Backing,Eastbound,35.0,No,No,2001,HONDA,39.0572097,-77.080486,CR-V_Honda,12,2025,9,2,12,Tuesday,2025-09-02,36
884,MCP30300086,250040151,Montgomery_County_Police,Injury Crash,2025-09-07 16:01:00,County_Route,WOODMONT AVE,WISCONSIN AVE (SB/L),Sideswipe (Same Direction),Lane Violation,Clear,Dry,Daylight,Traffic Signal,None Detected,C27F752D-B265-4353-A2D9-9F10C1F7F734,GA,2132642F-7177-4A14-92CB-612FAB16C702,Ten O Clock,Moped,Accelerating,Southbound,25.0,No,No,2025,CADILLAC,38.98004219,-77.09220475,CTS_Cadillac,16,2025,9,7,16,Sunday,2025-09-07,36
886,MCP2356004S,250039584,Montgomery_County_Police,Injury Crash,2025-09-04 06:19:00,Bicycle_Route,GEORGIA AVE,ALTA VISTA RD,Rear-End (Same Direction),Tailgating,Clear,Dry,Daylight,No Control,None Detected,4A21293E-21F8-41D1-8F3B-CA67CA91339A,MD,8B8DD7BD-53AF-4002-B5E6-60B02BFB2712,Twelve O Clock,PassengerCar,MovingConstantSpeed,Northbound,40.0,No,No,2012,HONDA,39.15469659,-77.14224835,Civic_Honda,6,2025,9,4,6,Thursday,2025-09-04,36
887,MCP27560077,250039317,Montgomery_County_Police,Property Damage Crash,2025-09-02 15:29:00,Local_Route,MCMAHON RD,GOODHILL RD,Single Vehicle,Driver Inattention,Clear,Dry,Daylight,Stop Sign,None Detected,D0763BCD-A88C-42F0-B52F-40A3709C6868,MD,63C54BBD-491D-4630-A5B8-7CE80569FB6E,One O Clock,SchoolBus,Accelerating,Southbound,25.0,No,No,2018,HYUNDAI,39.03339397,-77.04361038,Sonata_Hyundai,15,2025,9,2,15,Tuesday,2025-09-02,36
888,MCP2107006S,250040132,Montgomery_County_Police,Property Damage Crash,2025-09-07 00:05:00,County_Route,CLARKSBURG RD,BONIFANT RD,Single Vehicle,Speed Related,Rain,Wet,Dark - Not Lighted,No Control,None Detected,AA19B13C-C7E3-4290-93B3-D65C0A14D303,MD,72152E3F-6427-4DDC-A8F7-CDBAE3FFE162,Twelve O Clock,PickupTruck,MovingConstantSpeed,Northbound,35.0,No,No,2008,CHEVROLET,39.30994069,-77.23936721,Silverado_Chevrolet,0,2025,9,7,0,Sunday,2025-09-07,36
889,MCP3368002M,250039848,Montgomery_County_Police,Injury Crash,2025-09-05 15:15:00,County_Route,STEDWICK RD,NEWBRIDGE DR,Single Vehicle,Driver Inattention,Clear,Dry,Daylight,No Control,None Detected,31741CDA-6021-448A-BA6A-20FAC14C09C1,MD,285438BE-2A26-412A-8B1C-33E2D613D160,Ten O Clock,Motorcycle2Wheeled,MovingConstantSpeed,Eastbound,25.0,No,No,2007,TOYOTA,39.17446542,-77.21257893,Corolla_Toyota,15,2025,9,5,15,Friday,2025-09-05,36
890,MCP3085006F,250039675,Montgomery_County_Police,Property Damage Crash,2025-09-04 15:04:00,County_Route,NEBEL ST,GRANVILLE DR,Sideswipe (Same Direction),Passing / Turning,Clear,Dry,Daylight,No Control,None Detected,01F5D1C7-1503-47D5-A909-8432FF57B891,PA,B6E49C17-95EF-4162-85F0-40502EE884F2,One O Clock,OtherBus,ChangingLanes,Northbound,25.0,No,No,2019,FORD,39.05299083,-77.11089441,F-150_Ford,15,2025,9,4,15,Thursday,2025-09-04,36
891,MCP24600027,250039690,Montgomery_County_Police,Injury Crash,2025-09-04 17:21:00,County_Route,RANDOLPH RD,GARRETT RD,Rear-End (Same Direction),Weather Related,Clear,Wet,Daylight,Pedestrian Crossing,None Detected,15A13A89-1B7F-49C1-9417-BF5B4BE143AD,MD,C4D94ECA-EC52-4113-BCBE-6614928B7FC0,Six O Clock,SportUtilityVehicle,StoppedInTrafficLane,Northbound,35.0,No,No,2020,KIA,39.13877222,-77.14381252,Sorento_Kia,17,2025,9,4,17,Thursday,2025-09-04,36
892,MCP3271005W,250039897,Montgomery_County_Police,Injury Crash,2025-09-05 19:10:00,Maryland_State_Route,EAST WEST HWY (WB/L),GREENCASTLE RD,Rear-End (Same Direction),Speed Related,Clear,Dry,Daylight,No Control,None Detected,75E90BC5-FE8E-451E-AA98-8D39267A3A6D,VA,9009C626-0DEF-438D-B0AC-D45C60B6443D,Eight O Clock,PassengerCar,MovingConstantSpeed,Eastbound,35.0,No,No,2021,TESLA,38.98879915,-77.07243526,Model Y_Tesla,19,2025,9,5,19,Friday,2025-09-05,36
893,MCP9442004D,250039433,Montgomery_County_Police,Property Damage Crash,2025-09-03 10:45:00,County_Route,AIRPARK RD,RAMP 4 FR MD 193 NB TO IS 495 EB,Angle Collision,Lane Violation,Clear,Dry,Daylight,No Control,None Detected,C80BC197-FA49-4984-B879-20CE087EFDFF,MD,A6ADC755-8286-4E77-AE39-61053204FBF9,One O Clock,PassengerCar,MovingConstantSpeed,Westbound,35.0,No,No,2024,CHEVROLET,39.17008044,-77.1556133,Silverado_Chevrolet,10,2025,9,3,10,Wednesday,2025-09-03,36
895,MCP2356004T,250039639,Montgomery_County_Police,Property Damage Crash,2025-09-04 12:58:00,County_Route,GEORGIA AVE,CLOPPER RD,Angle Collision,Passing / Turning,Clear,Dry,Daylight,No Control,None Detected,32097B3F-2308-4B4A-9401-66E88AA76FFE,MD,3ADA4B01-AD8B-4FB3-8697-99A1AD262C0F,Twelve O Clock,PassengerCar,MakingLeftTurn,Northbound,35.0,No,No,2025,BMW,39.09949722,-77.21213867,4 Series_BMW,12,2025,9,4,12,Thursday,2025-09-04,36
896,MCP3190006S,250039868,Montgomery_County_Police,Property Damage Crash,2025-09-05 16:23:00,Maryland_State_Route,NEW HAMPSHIRE AVE,TILDEN LA,Rear-End (Same Direction),Passing / Turning,Clear,Dry,Daylight,No Control,None Detected,DC112A52-D679-450A-A02B-9833D9ECAB4A,MD,8595543D-3CD7-4384-B782-99E393AD1C17,Eleven O Clock,PassengerCar,Parked,North,2.5,No,Yes,2025,TOYOTA,39.09510398,-77.11078209,Corolla_Toyota,16,2025,9,5,16,Friday,2025-09-05,36
897,MCP3452001F,250040245,Montgomery_County_Police,Property Damage Crash,2025-09-08 10:17:00,County_Route,BLUERIDGE AVE,GLENMONT CIR #1,Sideswipe (Same Direction),Surface Condition,Clear,Dry,Daylight,No Control,None Detected,C95462F5-3B85-443A-9E3D-ABF8DF88F262,MD,D9186696-ACD8-438C-9087-97372CFBCFFD,Ten O Clock,Other,Parked,South,25.0,No,Yes,2020,FORD,39.04300402,-77.0500837,Transit_Ford,10,2025,9,8,10,Monday,2025-09-08,37
898,MCP3405000X,250039730,Montgomery_County_Police,Injury Crash,2025-09-04 22:57:00,County_Route,AIRCRAFT DR,GERMANTOWN RD (SB/L),Angle Collision,Road Obstruction,Clear,Dry,Dark - Lighted,Traffic Signal,None Detected,95ECCF51-D6C1-44D5-815D-F1B619A3F38C,MD,AB4F07B2-45DA-4501-8AC6-D4610CDD76EC,Twelve O Clock,PassengerCar,StoppedInTrafficLane,West,35.0,No,No,2012,HONDA,39.18210514,-77.26025147,Civic_Honda,22,2025,9,4,22,Thursday,2025-09-04,36
899,MCP2678005T,250039252,Montgomery_County_Police,Property Damage Crash,2025-09-02 12:12:00,County_Route,RANDOLPH RD,SPUR TO MONROE PL,Rear vs Side,Lane Violation,Clear,Dry,Daylight,No Control,None Detected,169CC10F-9D17-45C6-90FE-18DAAFCB80E1,MD,4AA9982E-A356-4B5B-B043-33886708647B,Four O Clock,TransitBus,MovingConstantSpeed,Eastbound,35.0,No,No,2023,FORD,39.0572097,-77.080486,Focus_Ford,12,2025,9,2,12,Tuesday,2025-09-02,36
900,MCP33870039,250039409,Montgomery_County_Police,Property Damage Crash,2025-09-03 08:31:00,County_Route,LORAIN AVE,UNIVERSITY BLVD W,Angle Collision,Passing / Turning,Clear,Dry,Daylight,Stop Sign,None Detected,5367884E-BC0E-48AD-87A9-FDD911A68BCE,MD,1B3DC9F6-06DD-4B50-851F-A02231C7FCEE,Eleven O Clock,PassengerCar,StoppedInTrafficLane,Northbound,25.0,No,No,2024,BMW,39.0218268,-77.01511608,M2_BMW,8,2025,9,3,8,Wednesday,2025-09-03,36
901,MCP3193006W,250040033,Montgomery_County_Police,Injury Crash,2025-09-06 16:45:00,Maryland_State_Route,UNIVERSITY BLVD W,FENTON ST,Rear-End (Same Direction),Weather Related,Rain,Wet,Daylight,Traffic Signal,None Detected,D3E923E0-9EBA-4BAC-88BD-5BA94F9CCC8E,MD,80ABF8E8-57FF-4339-8178-9B8033F59D48,Six O Clock,PassengerCar,StoppedInTrafficLane,Eastbound,35.0,No,No,2020,HYUNDAI,39.036516,-77.031432,Elantra_Hyundai,16,2025,9,6,16,Saturday,2025-09-06,36
902,MCP320000GM,250040594,Montgomery_County_Police,Injury Crash,2025-09-10 05:32:00,Maryland_State_Route,GOLDSBORO RD,RIVER RD,Angle Collision,Right-of-Way Violation,Cloudy,Dry,Dark - Lighted,Traffic Signal,None Detected,41C84DC8-D702-491C-8A07-73695687D4BD,MD,C75C0147-453A-4CB7-BFB2-3A2E72E83146,Twelve O Clock,PickupTruck,MovingConstantSpeed,Eastbound,35.0,No,No,2014,FORD,38.97304948,-77.1218797,F-150_Ford,5,2025,9,10,5,Wednesday,2025-09-10,37
903,MCP3261001M,250040078,Montgomery_County_Police,Injury Crash,2025-09-06 23:22:00,Bicycle_Route,ASPEN HILL RD,ENT TO MID-PIKE PLAZA,Head-On,Lane Violation,Rain,Wet,Dark - Lighted,No Control,None Detected,DCC8F717-6AAA-477D-B4BB-14B422748BA2,FL,45D4EDFC-8A44-4D57-A735-118625F39DF9,Twelve O Clock,SportUtilityVehicle,MovingConstantSpeed,Northbound,50.0,No,No,2015,HONDA,39.13760396,-77.25615785,Pilot_Honda,23,2025,9,6,23,Saturday,2025-09-06,36
904,MCP3405000X,250039730,Montgomery_County_Police,Injury Crash,2025-09-04 22:57:00,County_Route,AIRCRAFT DR,GERMANTOWN RD (SB/L),Angle Collision,Road Obstruction,Clear,Dry,Dark - Lighted,Traffic Signal,None Detected,CD94FFAA-F380-439B-9601-89DD379CE4AF,MD,D5F17786-A2C2-4BAC-BBFB-5A5A990087A1,Twelve O Clock,PassengerCar,MovingConstantSpeed,West,40.0,No,No,1999,TOYOTA,39.18210514,-77.26025147,Avalon_Toyota,22,2025,9,4,22,Thursday,2025-09-04,36