Unnamed: 0,Report Number,Local Case Number,Agency Name,ACRS Report Type,Crash Date/Time,Route Type,Road Name,Cross-Street Name,Collision Type,Circumstance_Category,Weather,Surface Condition,Light,Traffic Control,Driver Substance Abuse,Person ID,Drivers License State,Vehicle ID,Vehicle First Impact Location,Vehicle Body Type,Vehicle Movement,Vehicle Going Dir,Speed Limit,Driverless Vehicle,Parked Vehicle,Vehicle Year,Vehicle Make,Latitude,Longitude,Vehicle Model,hour,Crash_year,Crash_month,Crash_day,Crash_hour,Crash_day_name,Crash_date,Crash_week
905,MCP94190065,250039654,Montgomery_County_Police,Property Damage Crash,2025-09-04 13:11:00,County_Route,EISENHOWER MEMORIAL HWY,SPUR TO MD 410,Sideswipe (Opposite Direction),Passing / Turning,Clear,Dry,Daylight,Stop Sign,None Detected,965A9BC4-9CFA-47C9-808E-B8EDCB571162,MD,5B02E778-185C-4753-98D6-373650775F22,Ten O Clock,SchoolBus,MovingConstantSpeed,Eastbound,2.5,No,No,2020,TOYOTA,39.12686212,-77.16530096,Camry_Toyota,13,2025,9,4,13,Thursday,2025-09-04,36
906,DD56760015,250040366,Rockville_Police_Department,Property Damage Crash,2025-09-08 18:20:00,County_Route,E JEFFERSON ST,AMHERST AVE,Angle Collision,Right-of-Way Violation,Clear,Dry,Daylight,No Control,None Detected,E62A1D8A-02CE-48B9-9E6D-ACA651A3D722,MD,1003167C-FDF1-4C81-A686-3017AB77EDE5,VehicleNotAtScene,PassengerCar,MakingRightTurn,Eastbound,30.0,No,No,2020,BMW,39.05736135,-77.12625869,3 Series_BMW,18,2025,9,8,18,Monday,2025-09-08,37
908,EJ78880083,250040047,Gaithersburg_Police_Department,Injury Crash,2025-09-06 18:20:00,Maryland_State_Route,MONTGOMERY VILLAGE AVE (SB/L),RUSSELL AVE,Angle Collision,Weather Related,Clear,Wet,Daylight,Traffic Signal,None Detected,26B0A1D6-8FEF-424A-A4B0-7A963E6ACBC6,MD,FFE5D859-7741-413E-AAEE-BF85E32F2F70,Eleven O Clock,PassengerCar,MovingConstantSpeed,North,30.0,No,No,2019,HONDA,39.15442834,-77.20924937,Accord_Honda,18,2025,9,6,18,Saturday,2025-09-06,36
909,MCP219800HV,250040327,Montgomery_County_Police,Property Damage Crash,2025-09-08 16:43:00,Maryland_State_Route,S FREDERICK RD,N WESTLAND DR,Angle Collision,Right-of-Way Violation,Clear,Dry,Daylight,No Control,None Detected,74F0AFA3-32F2-402B-A243-FA5DED06E00C,MD,7158C9B7-FACC-4065-BB89-9B9C530E7798,Four O Clock,PassengerCar,Accelerating,Southbound,35.0,No,No,2019,LEXUS,39.12805057,-77.1851409,ES_Lexus,16,2025,9,8,16,Monday,2025-09-08,37
910,MCP3378001N,250040077,Montgomery_County_Police,Property Damage Crash,2025-09-06 23:30:00,County_Route,BARBARA RD,WELLER RD,Rear-End (Same Direction),Weather Related,Rain,Wet,Dark - Lighted,Stop Sign,None Detected,DDDC9A73-0A0E-4FBE-9E3E-F502095D91BF,MD,A17BBCBC-468D-4858-AD15-018766F1FBDE,VehicleNotAtScene,PassengerCar,SlowingOrStopping,Unknown,25.0,No,No,2014,HONDA,39.06206094,-77.08122726,Civic_Honda,23,2025,9,6,23,Saturday,2025-09-06,36
911,MCP2931008B,250040053,Montgomery_County_Police,Injury Crash,2025-09-06 19:06:00,Maryland_State_Route,W GUDE DR,MUDDY BRANCH RD,Single Vehicle,Right-of-Way Violation,Clear,Dry,Daylight,No Control,None Detected,B266136F-4AAB-46D9-AA9C-F9C967509384,MD,146C7C3D-071C-43F7-A54A-FBFC4CCB8B6C,NonCollision,PassengerCar,MovingConstantSpeed,Not On Roadway,2.5,No,No,2010,TOYOTA,39.05832948,-77.12230564,Prius_Toyota,19,2025,9,6,19,Saturday,2025-09-06,36
912,MCP28250027,250039748,Montgomery_County_Police,Injury Crash,2025-09-05 05:53:00,Maryland_State_Route,UNIVERSITY BLVD E,GERMANTOWN RD,Rear-End (Same Direction),Right-of-Way Violation,Clear,Dry,Dark - Lighted,Stop Sign,None Detected,40EE4AF4-9B40-4B31-A251-C7D05D378755,MD,9365B4A3-A13F-4AE7-868E-116120A8B8DD,Five O Clock,SportUtilityVehicle,MakingLeftTurn,Southbound,40.0,No,No,2019,MAZDA,39.15964257,-77.28430979,CX-9_Mazda,5,2025,9,5,5,Friday,2025-09-05,36
913,MCP263900HF,250039414,Montgomery_County_Police,Injury Crash,2025-09-03 09:03:00,Maryland_State_Route,MUNCASTER RD,SKYMEADOW WAY,Rear-End (Same Direction),Tailgating,Clear,Dry,Daylight,Traffic Signal,None Detected,4C9B9996-5D12-4FB7-A4F1-8F68A43C59D0,MD,1E47E023-8D8A-4B02-B7AC-CDD40A7680B7,Six O Clock,PassengerCar,StoppedInTrafficLane,Westbound,30.0,No,No,2019,CHEVROLET,39.14938765,-77.02521803,Equinox_Chevrolet,9,2025,9,3,9,Wednesday,2025-09-03,36
914,MCP3171002T,250040222,Montgomery_County_Police,Property Damage Crash,2025-09-08 07:45:00,Bicycle_Route,ETHAN ALLEN AVE,GERMANTOWN RD (SB/L) MIDDLEBROOK RD (WB/L),Sideswipe (Same Direction),Lane Violation,Clear,Dry,Daylight,Traffic Signal,None Detected,586698C1-C092-41ED-BBD4-0C3D43B1E660,MD,A28BCBF6-74F3-4970-9467-D107E6C96FFF,Ten O Clock,PassengerCar,SlowingOrStopping,Southbound,40.0,No,No,2012,TOYOTA,39.17899473,-77.26718789,Camry_Toyota,7,2025,9,8,7,Monday,2025-09-08,37
915,MCP3409000Y,250039846,Montgomery_County_Police,Property Damage Crash,2025-09-05 15:30:00,Maryland_State_Route,MUNCASTER MILL RD,PINEY BRANCH RD,Angle Collision,Driver Inattention,Clear,Dry,Daylight,Traffic Signal,None Detected,380F5843-8834-4F0D-BA96-6FDCBBDC9236,MD,5EB68171-B9F5-4C20-8488-2C7264EDB4E3,Twelve O Clock,PassengerCar,MovingConstantSpeed,Eastbound,35.0,No,No,2014,JEEP,39.14606672,-77.14510744,Compass_Jeep,15,2025,9,5,15,Friday,2025-09-05,36
916,MCP3271005V,250039696,Montgomery_County_Police,Property Damage Crash,2025-09-04 17:44:00,County_Route,DEMOCRACY BLVD,EMORY LA,Single Vehicle,Driver Inattention,Clear,Dry,Daylight,No Control,None Detected,4E6BF343-D1B4-4FC9-86DE-0DC7BB4A97BA,MD,942DD0E9-C7D6-466D-BBAD-FD30A67358A3,Twelve O Clock,PassengerCar,Accelerating,Not On Roadway,2.5,No,No,2025,BMW,39.04446984,-77.10631788,X5_BMW,17,2025,9,4,17,Thursday,2025-09-04,36
919,MCP3411002W,250039883,Montgomery_County_Police,Property Damage Crash,2025-09-05 16:17:00,County_Route,SEVEN LOCKS RD,BONIFANT RD,Sideswipe (Same Direction),Lane Violation,Clear,Dry,Daylight,Traffic Signal,None Detected,6056EF8A-284F-435C-9B07-22D2E38E7886,MD,1BC6B791-202D-4B49-AE7C-B1F1957F904D,VehicleNotAtScene,SportUtilityVehicle,MovingConstantSpeed,Northbound,35.0,No,No,2010,VOLVO,39.02272673,-77.16225982,XC60_Volvo,16,2025,9,5,16,Friday,2025-09-05,36
922,EJ7905003L,250039850,Gaithersburg_Police_Department,Injury Crash,2025-09-05 15:32:00,Ramp_Route,W DIAMOND AVE,W DIAMOND AVE,Single Vehicle,Driver Inattention,Clear,Snow,Daylight,No Control,None Detected,4EDDB027-7B3E-4DE4-A5D7-A683A6C16370,MD,76BF3B7C-D15C-4964-8FF5-1E10F579231F,Twelve O Clock,PassengerCar,Accelerating,Not On Roadway,2.5,No,No,2015,NISSAN,39.11883892,-77.21382815,Altima_Nissan,15,2025,9,5,15,Friday,2025-09-05,36
923,MCP2203009R,250039439,Montgomery_County_Police,Injury Crash,2025-09-03 12:15:00,County_Route,KEMP MILL FOREST DR,KEMP MILL RD,Angle Collision,Right-of-Way Violation,Clear,Dry,Daylight,No Control,None Detected,1E9DEFCD-ACC0-47D2-9B00-E6DEFDD6522D,MD,69AC98D9-C922-4930-BDE7-0DC26B8125DE,Eleven O Clock,SportUtilityVehicle,MovingConstantSpeed,Eastbound,30.0,No,No,2014,TOYOTA,39.05554293,-77.02356399,Camry_Toyota,12,2025,9,3,12,Wednesday,2025-09-03,36
924,MCP311100B3,250039216,Montgomery_County_Police,Injury Crash,2025-09-02 08:59:00,County_Route,FERNWOOD RD,LONE OAK DR,Angle Collision,Right-of-Way Violation,Clear,Dry,Daylight,Stop Sign,None Detected,3D63FA36-F9CF-4607-8434-D29603FE1EDC,MD,52C963EA-17A0-4ADB-8A9A-301E7D915E44,Three O Clock,PassengerCar,Accelerating,South,20.0,No,No,2014,HONDA,39.01979,-77.134291,Odyssey_Honda,8,2025,9,2,8,Tuesday,2025-09-02,36
925,DD56760015,250040366,Rockville_Police_Department,Property Damage Crash,2025-09-08 18:20:00,County_Route,E JEFFERSON ST,GLEN MILL RD,Angle Collision,Right-of-Way Violation,Clear,Dry,Daylight,No Control,None Detected,AA1E030D-7B01-4CC6-866A-C5101BA78A63,MD,AC2688E1-258E-4B8D-A060-E965CC9657CD,Seven O Clock,PassengerCar,MakingLeftTurn,Southbound,30.0,No,No,2024,VOLKSWAGEN,39.05736135,-77.12625869,Jetta_Volkswagen,18,2025,9,8,18,Monday,2025-09-08,37
926,MCP2930005N,250040533,Montgomery_County_Police,Property Damage Crash,2025-09-09 16:30:00,Maryland_State_Route,SPENCERVILLE RD,DALE DR,Sideswipe (Same Direction),Right-of-Way Violation,Clear,Dry,Daylight,No Control,None Detected,D3F6DBEA-7A7C-4796-BE9B-48282B0D897D,MD,16897C7A-4FBB-4ADA-A027-DF561711AF6A,VehicleNotAtScene,PassengerCar,EnteringTrafficLane,Northbound,40.0,No,No,2025,LEXUS,39.10816794,-76.9371226,RX 350_Lexus,16,2025,9,9,16,Tuesday,2025-09-09,37
927,MCP20160091,250039221,Montgomery_County_Police,Property Damage Crash,2025-09-02 09:11:00,County_Route,PARKVALE RD,BALTIMORE RD,Angle Collision,Road Obstruction,Clear,Dry,Daylight,No Control,None Detected,46B67BCF-C147-4C3E-BE3A-85CC0ADF2374,MD,1A5F08A8-7656-4B68-981E-D446038B8388,One O Clock,PassengerCar,MovingConstantSpeed,North,35.0,No,No,2010,TOYOTA,39.09377783,-77.11318833,Corolla_Toyota,9,2025,9,2,9,Tuesday,2025-09-02,36
929,MCP311100B3,250039216,Montgomery_County_Police,Injury Crash,2025-09-02 08:59:00,County_Route,FERNWOOD RD,LONE OAK DR,Angle Collision,Right-of-Way Violation,Clear,Dry,Daylight,No Control,None Detected,3EB63FFE-2A1D-4A01-A784-DE2B1BD293AF,VA,F9501F6F-6F7F-47BF-9801-710014D177C8,Twelve O Clock,PickupTruck,MovingConstantSpeed,Southbound,30.0,No,No,2022,FORD,39.01979,-77.134291,F-250_Ford,8,2025,9,2,8,Tuesday,2025-09-02,36
930,MCP312900DF,250039115,Montgomery_County_Police,Injury Crash,2025-09-01 13:25:00,County_Route,CARROLTON RD,FLOWER VALLEY DR,Angle Collision,Road Obstruction,Clear,Dry,Daylight,No Control,None Detected,E93F57B0-8229-407F-982A-CED7EA3B40FF,MD,8FBAB879-81E5-4273-B092-DB8F6D863670,Twelve O Clock,SportUtilityVehicle,MovingConstantSpeed,East,25.0,No,No,2017,CHEVROLET,39.10482999,-77.08878573,Tahoe_Chevrolet,13,2025,9,1,13,Monday,2025-09-01,36
931,MCP9442004F,250039747,Montgomery_County_Police,Injury Crash,2025-09-05 06:04:00,County_Route,SNOUFFERS SCHOOL RD,CHESLEY KNOLL DR LEWISBERRY DR,Angle Collision,Right-of-Way Violation,Clear,Dry,Dark - Lighted,Traffic Signal,None Detected,BF7CEA7D-B8E5-4193-8347-F30C5C15CDFA,MD,6DA19D2C-4A04-4541-9FD2-A12067963451,Eight O Clock,PassengerCar,Accelerating,Westbound,40.0,No,No,2025,HONDA,39.18297542,-77.18227388,Civic_Honda,6,2025,9,5,6,Friday,2025-09-05,36
932,MCP24600027,250039690,Montgomery_County_Police,Injury Crash,2025-09-04 17:21:00,County_Route,RANDOLPH RD,GARRETT RD,Rear-End (Same Direction),Tailgating,Clear,Wet,Daylight,Pedestrian Crossing,None Detected,C541C77B-1786-4329-82D4-0B50C4F2A670,MD,61A9F470-8EBB-47E5-90C0-2C70E40DC0FE,Twelve O Clock,PassengerCar,MovingConstantSpeed,Northbound,35.0,No,No,2012,NISSAN,39.13877222,-77.14381252,Altima_Nissan,17,2025,9,4,17,Thursday,2025-09-04,36
933,MCP2351006C,250040417,Montgomery_County_Police,Property Damage Crash,2025-09-09 09:16:00,Maryland_State_Route,HUNGERFORD DR (SB/L),RIVER RD,Sideswipe (Same Direction),Lane Violation,Clear,Dry,Daylight,No Control,None Detected,A92064F8-FF34-4B68-9D8D-694FD1F1FBA3,MD,AF93957A-890A-414E-AEBB-F1B351E5A2B1,Ten O Clock,SportUtilityVehicle,ChangingLanes,Southbound,35.0,No,No,2021,NISSAN,39.09784242,-77.15371274,Frontier_Nissan,9,2025,9,9,9,Tuesday,2025-09-09,37
934,MCP9386009Z,250039488,Montgomery_County_Police,Property Damage Crash,2025-09-03 15:30:00,Maryland_State_Route,FALLS RD,VICTORY LA,Rear-End (Same Direction),Tailgating,Clear,Dry,Daylight,No Control,None Detected,434DC2DF-6B9E-4E80-AC67-AC8BAD4FEA4C,NJ,CC713741-DB23-4CBA-9786-10F63F040586,Twelve O Clock,SportUtilityVehicle,MovingConstantSpeed,Eastbound,35.0,No,No,2014,BMW,39.05322417,-77.184173,X3_BMW,15,2025,9,3,15,Wednesday,2025-09-03,36
936,MCP320000GK,250039425,Montgomery_County_Police,Property Damage Crash,2025-09-02 05:40:00,Maryland_State_Route,EXECUTIVE BLVD,GREAT SENECA HWY,Other,Backing Error,Clear,Wet,Dark - Lighted,No Control,None Detected,A13C4B10-21D1-49D0-AAD8-DBA8487EB761,MD,BA4466D3-4567-48B2-9554-273D24E4230B,VehicleNotAtScene,FireVehicleNonEmergency,Backing,Not On Roadway,2.5,No,No,1997,NISSAN,39.02319477,-77.14608396,Altima_Nissan,5,2025,9,2,5,Tuesday,2025-09-02,36
937,MCP34310013,250040355,Montgomery_County_Police,Property Damage Crash,2025-09-08 18:58:00,Local_Route,CLUB HILL DR,SELLMAN RD,Sideswipe (Same Direction),Lane Violation,Clear,Dry,Daylight,No Control,None Detected,178DCE4C-D828-4DDE-BFDD-21E8D11B2CF7,MD,F0D837F4-DCE4-4F72-8AD2-87E836C5EAC2,One O Clock,PassengerCar,MovingConstantSpeed,Eastbound,25.0,No,No,2017,ACURA,39.18590833,-77.27111833,MDX_Acura,18,2025,9,8,18,Monday,2025-09-08,37
938,MCP31650062,250039990,Montgomery_County_Police,Property Damage Crash,2025-09-06 11:30:00,US_State_Route,COLUMBIA PIKE,LANARK WAY,Rear-End (Same Direction),Tailgating,Clear,Dry,Daylight,No Control,None Detected,66A23FFF-A577-43B8-A3B7-E22D1B4F2464,MD,C602BF89-0D12-4A6E-89A9-883F3B51EA31,Twelve O Clock,PassengerCar,ChangingLanes,Northbound,40.0,No,No,2018,JEEP,39.05699779,-76.96963277,Wrangler_Jeep,11,2025,9,6,11,Saturday,2025-09-06,36
939,MCP31650063,250040117,Montgomery_County_Police,Property Damage Crash,2025-09-07 11:20:00,County_Route,BROADBIRCH DR,CHANNING DR,Sideswipe (Opposite Direction),Right-of-Way Violation,Clear,Dry,Daylight,No Control,None Detected,2F46087E-7677-4BAD-B295-5AB9185AB36F,MD,11C16DEA-21D5-498B-9ED6-E9B242353CB6,Two O Clock,PassengerCar,MakingLeftTurn,Northbound,30.0,No,No,2022,TOYOTA,39.0555495,-76.95616917,RAV4_Toyota,11,2025,9,7,11,Sunday,2025-09-07,36
940,MCP283200C3,250039754,Montgomery_County_Police,Property Damage Crash,2025-09-05 06:45:00,County_Route,TUCKERMAN LA (EB/L),WOODMONT AVE,Sideswipe (Same Direction),Lane Violation,Clear,Dry,Daylight,Traffic Signal,None Detected,796695C7-3ED5-4C63-B7DB-505265808D0A,MD,040E05FB-C52E-4135-8DA8-DDBC7313BDB1,Nine O Clock,SchoolBus,StoppedInTrafficLane,Eastbound,35.0,No,No,2016,BMW,39.03455924,-77.12519188,3 Series_BMW,6,2025,9,5,6,Friday,2025-09-05,36
942,DD56760014,250040322,Rockville_Police_Department,Injury Crash,2025-09-08 16:30:00,Ramp_Route,RAMP 9 FR TOWER OAKS BLVD TO RAMP 2,TOWER OAKS BLVD (SB/L),Angle Collision,Traffic Control Violation,Clear,Dry,Daylight,Traffic Signal,None Detected,5600AAFF-B449-4B1A-85F0-822A10372125,MD,A647520E-B26C-4033-AB70-5F958D54B430,Twelve O Clock,SportUtilityVehicle,MovingConstantSpeed,Southbound,35.0,No,No,2016,TOYOTA,39.05858494,-77.15226141,Camry_Toyota,16,2025,9,8,16,Monday,2025-09-08,37
944,MCP25520084,250040398,Montgomery_County_Police,Injury Crash,2025-09-09 07:28:00,Maryland_State_Route,MATTHEW HENSON TRL,FIRSTFIELD RD,Rear-End (Same Direction),Congestion / Backup,Clear,Dry,Daylight,No Control,None Detected,768F9563-A24D-4E84-AFAE-63E22F333DC7,MD,946273DE-B9BA-46E9-814B-C374A3FF81A1,Six O Clock,PassengerCar,StoppedInTrafficLane,Eastbound,50.0,No,No,2018,MAZDA,39.12279541,-77.32380859,CX-5_Mazda,7,2025,9,9,7,Tuesday,2025-09-09,37
945,MCP26410055,250039279,Montgomery_County_Police,Injury Crash,2025-09-02 14:53:00,County_Route,RIDGE RD (NB/L),CLARKSBURG RD,Rear-End (Same Direction),Tailgating,Clear,Dry,Daylight,No Control,None Detected,F36A8D63-1C4E-4024-B1EB-57798CB906BA,MD,8C3B8A0F-A1D2-4041-A085-2443C9BC7C04,Twelve O Clock,PassengerCar,SlowingOrStopping,Northbound,40.0,No,No,2004,HONDA,39.204475,-77.24660667,Civic_Honda,14,2025,9,2,14,Tuesday,2025-09-02,36
946,MCP2760007B,250039705,Montgomery_County_Police,Injury Crash,2025-09-04 18:41:00,Spur_Route,CONNECTICUT AVE,FREDERICK RD,Angle Collision,Right-of-Way Violation,Clear,Dry,Daylight,Yield Sign,None Detected,7A3DEBC6-CAA9-40D9-A935-64CA75EABED9,MD,52EED451-6A84-4687-B871-B68A6275DBD2,Ten O Clock,SportUtilityVehicle,EnteringTrafficLane,Southbound,35.0,No,No,2020,HONDA,39.15620633,-77.2164355,CR-V_Honda,18,2025,9,4,18,Thursday,2025-09-04,36
947,MCP3148008B,250039694,Montgomery_County_Police,Property Damage Crash,2025-09-04 17:50:00,County_Route,SHADY GROVE RD,E PARKHILL DR,Angle Collision,Driver Inattention,Cloudy,Dry,Daylight,No Control,None Detected,C9FF6A8B-6A13-40E4-83D9-C5651419F0C3,MD,5FB7FE2A-A28A-4C12-BBB7-185C2FFC3F19,One O Clock,PassengerCar,MovingConstantSpeed,Eastbound,30.0,No,No,2024,TOYOTA,39.01041815,-77.09147324,Camry_Toyota,17,2025,9,4,17,Thursday,2025-09-04,36
948,MCP301000C1,250039420,Montgomery_County_Police,Injury Crash,2025-09-03 09:55:00,County_Route,LONE OAK DR,OLD GEORGETOWN RD (SB/L),Single Vehicle,Right-of-Way Violation,Clear,Dry,Daylight,No Control,None Detected,0BFDF8D6-CF71-454E-94DE-41557119BA6F,MD,2F36A7F2-CF7D-4410-9285-190A2BAA3E04,Four O Clock,PassengerCar,MakingLeftTurn,Southbound,40.0,No,No,2015,LEXUS,39.02078976,-77.12238712,RX 350_Lexus,9,2025,9,3,9,Wednesday,2025-09-03,36
949,MCP33070035,250039424,Montgomery_County_Police,Property Damage Crash,2025-09-03 10:00:00,County_Route,RANDOLPH RD (WB/L),BUSHEY DR,Sideswipe (Same Direction),Surface Condition,Clear,Dry,Daylight,Traffic Signal,None Detected,D7362042-0109-46DA-A514-E5027DFAA5C5,MD,982258C8-80A6-4518-991D-F71BA0C17770,Ten O Clock,PassengerCar,StoppedInTrafficLane,South,35.0,No,No,2014,HONDA,39.05751339,-77.07783408,Accord_Honda,10,2025,9,3,10,Wednesday,2025-09-03,36
950,MCP3452001F,250040245,Montgomery_County_Police,Property Damage Crash,2025-09-08 10:17:00,County_Route,BLUERIDGE AVE,NICHOLSON LA,Sideswipe (Same Direction),Lane Violation,Clear,Dry,Daylight,No Control,None Detected,8A360B18-672C-4265-8EE4-8EEB5104D952,MD,324AFB8E-9715-4614-8E48-00E23295732F,Two O Clock,Other,MakingLeftTurn,Northbound,25.0,No,No,2018,TOYOTA,39.04300402,-77.0500837,Camry_Toyota,10,2025,9,8,10,Monday,2025-09-08,37
952,MCP3411002V,250039847,Montgomery_County_Police,Property Damage Crash,2025-09-05 15:17:00,County_Route,GLENBROOK RD,SHADY GROVE RD (SB/L),Single Vehicle,Driver Inattention,Clear,Dry,Daylight,No Control,None Detected,0304CE3B-62ED-4259-9421-26C7A0C8BDFD,MD,83BC93F5-A942-4757-A95F-86F586C1E08E,Seven O Clock,SchoolBus,MovingConstantSpeed,Westbound,25.0,No,No,2024,HONDA,38.98821712,-77.10584504,CR-V_Honda,15,2025,9,5,15,Friday,2025-09-05,36
953,MCP33410059,250039592,Montgomery_County_Police,Property Damage Crash,2025-09-04 09:20:00,County_Route,GREENLY ST,HENDERSON CORNER RD,Angle Collision,Right-of-Way Violation,Clear,Dry,Daylight,No Control,None Detected,0E954E04-0B2F-4F8D-B229-5D5A1E7FC632,MD,D105EFE7-563A-45F6-84C4-A59D6A3B45DA,Twelve O Clock,PassengerCar,MovingConstantSpeed,Eastbound,25.0,No,No,2024,KIA,39.06122917,-77.07429167,Optima_Kia,9,2025,9,4,9,Thursday,2025-09-04,36
954,MCP2356004S,250039584,Montgomery_County_Police,Injury Crash,2025-09-04 06:19:00,Bicycle_Route,GEORGIA AVE,PLYERS MILL RD,Rear-End (Same Direction),Tailgating,Clear,Dry,Daylight,No Control,None Detected,61A49F1D-85F3-42D3-A440-E47FDEBD5AA1,MD,4CECF3F3-686B-4BAC-B041-0D6D7A91F974,Six O Clock,PassengerCar,SlowingOrStopping,Northbound,40.0,No,No,2021,BMW,39.15469659,-77.14224835,X3_BMW,6,2025,9,4,6,Thursday,2025-09-04,36
955,MCP31630096,250040041,Montgomery_County_Police,Property Damage Crash,2025-09-06 17:55:00,Maryland_State_Route,CONNECTICUT AVE (SB/L),BEACH DR,Rear-End (Same Direction),Weather Related,Rain,Wet,Daylight,Traffic Signal,None Detected,097C28AE-15C4-49E3-8289-467572CC393E,MD,99C40714-8EF4-4A60-A990-768DBA220A3C,Six O Clock,SportUtilityVehicle,SlowingOrStopping,South,35.0,No,No,2023,HONDA,39.00787333,-77.080281,Pilot_Honda,17,2025,9,6,17,Saturday,2025-09-06,36
956,MCP3271005W,250039897,Montgomery_County_Police,Injury Crash,2025-09-05 19:10:00,Maryland_State_Route,EAST WEST HWY (WB/L),WOODFORD RD,Rear-End (Same Direction),Passing / Turning,Clear,Dry,Daylight,No Control,None Detected,8C55BD41-8190-458B-B6AD-8178366C905D,MD,1FEF1FD3-C8CC-4C64-858A-65DC4AB9480F,Six O Clock,PassengerCar,StoppedInTrafficLane,Northbound,35.0,No,No,2017,TOYOTA,38.98879915,-77.07243526,Camry_Toyota,19,2025,9,5,19,Friday,2025-09-05,36
958,MCP2356004V,250039699,Montgomery_County_Police,Property Damage Crash,2025-09-04 17:31:00,County_Route,REDLAND RD (NB/L),DENFELD AVE,Sideswipe (Same Direction),Lane Violation,Clear,Dry,Daylight,No Control,None Detected,23F6D352-3B0B-4C3A-A3EC-35EFD8D9A4C5,MD,3FF28EE0-F6AB-4462-9D5E-21C809092A01,Nine O Clock,PassengerCar,MovingConstantSpeed,Northbound,35.0,No,No,2006,HONDA,39.12282111,-77.1568503,Ridgeline_Honda,17,2025,9,4,17,Thursday,2025-09-04,36
959,MCP2160003K,250039517,Montgomery_County_Police,Injury Crash,2025-09-03 17:30:00,County_Route,BELL BLUFF RD,WIGHTMAN RD,Head-On,Right-of-Way Violation,Clear,Dry,Daylight,No Control,None Detected,FECB1C52-804F-4821-A921-0DD61C83638A,MD,F4BE7DDF-91DF-431E-A44B-65817CF88CFB,Twelve O Clock,PassengerCar,MakingLeftTurn,Westbound,35.0,No,No,1997,BMW,39.199023,-77.20240183,3 Series_BMW,17,2025,9,3,17,Wednesday,2025-09-03,36
960,EJ7895007X,250039543,Gaithersburg_Police_Department,Property Damage Crash,2025-09-03 19:50:00,Municipality_Route,ODENDHAL AVE (EB/L),RUSSELL AVE,Other,Right-of-Way Violation,Clear,Dry,Dark - Lighted,Traffic Signal,None Detected,DBC7EE71-4180-45E7-A712-6545CC6D896F,MD,B6A9FAC6-E49A-4DD5-9747-C5E92AF3D4AA,Two O Clock,PassengerCar,MovingConstantSpeed,North,35.0,No,No,2024,TOYOTA,39.15062906,-77.20378438,Corolla_Toyota,19,2025,9,3,19,Wednesday,2025-09-03,36
961,MCP3051008W,250040165,Montgomery_County_Police,Property Damage Crash,2025-09-07 17:24:00,County_Route,NICHOLSON LA,WHITE OAK SHOPPIING CENTER,Other,Congestion / Backup,Clear,Dry,Daylight,No Control,None Detected,1147FCD9-90F9-41D1-A55C-7061D8C98E95,MD,7F29B5FE-CE45-42C0-8CF3-7D6BD4C41689,Nine O Clock,PassengerCar,SlowingOrStopping,Eastbound,30.0,No,No,2017,VOLKSWAGEN,39.0268175,-77.146512,GTI_Volkswagen,17,2025,9,7,17,Sunday,2025-09-07,36
963,MCP3436001B,250039437,Montgomery_County_Police,Property Damage Crash,2025-09-03 11:26:00,Municipality_Route,TWINBROOK PKWY,FAIRBANKS BLVD,Sideswipe (Same Direction),Passing / Turning,Clear,Dry,Daylight,Traffic Signal,None Detected,21E4367D-51A4-4267-8FC4-664149C4A4EE,MD,E04BEADB-22ED-4B58-AD10-493B5767FBF4,VehicleNotAtScene,PickupTruck,MakingRightTurn,Not On Roadway,2.5,No,No,2007,RAM,39.00024781,-77.03322082,RAM_Ram,11,2025,9,3,11,Wednesday,2025-09-03,36
964,MCP3058005R,250039366,Montgomery_County_Police,Property Damage Crash,2025-09-02 20:40:00,Municipality_Route,ROLLINS AVE,LYTTONSVILLE PL,Sideswipe (Opposite Direction),Road Obstruction,Clear,Dry,Dark - Lighted,No Control,None Detected,2D1AEBE2-3117-45E6-8130-6424CF26C01F,MD,1FA35D5C-7487-46AB-8EF5-B3AF51C9F2C0,Four O Clock,PassengerCar,MovingConstantSpeed,North,30.0,No,No,2020,HONDA,39.05865453,-77.12458226,Civic_Honda,20,2025,9,2,20,Tuesday,2025-09-02,36
965,MCP3358003H,250039217,Montgomery_County_Police,Property Damage Crash,2025-09-02 09:07:00,County_Route,CORDELL AVE,MT VERNON PL,Rear-End (Same Direction),Tailgating,Clear,Dry,Daylight,No Control,None Detected,84AED65F-90C1-4452-931E-8B2A50FDDD34,MD,2FEFD661-C8C7-4AF2-A3BA-26F131706B61,VehicleNotAtScene,PassengerCar,Accelerating,Westbound,25.0,No,No,2007,HONDA,38.98922613,-77.09823775,Accord_Honda,9,2025,9,2,9,Tuesday,2025-09-02,36
967,MCP3304001Z,250039528,Montgomery_County_Police,Property Damage Crash,2025-09-03 18:32:00,Maryland_State_Route,OLD GEORGETOWN RD,ROTHBURY DR,Rear-End (Same Direction),Congestion / Backup,Clear,Dry,Daylight,Traffic Signal,None Detected,F5CEE84B-1AE1-41F1-B072-73D51DAB74C1,MD,774860DA-0C78-45FD-9648-EFBD57598633,Six O Clock,SportUtilityVehicle,StoppedInTrafficLane,Northbound,35.0,No,No,2018,SUBARU,38.99990117,-77.10948717,Forester_Subaru,18,2025,9,3,18,Wednesday,2025-09-03,36