Unnamed: 0,Report Number,Local Case Number,Agency Name,ACRS Report Type,Crash Date/Time,Route Type,Road Name,Cross-Street Name,Collision Type,Circumstance_Category,Weather,Surface Condition,Light,Traffic Control,Driver Substance Abuse,Person ID,Drivers License State,Vehicle ID,Vehicle First Impact Location,Vehicle Body Type,Vehicle Movement,Vehicle Going Dir,Speed Limit,Driverless Vehicle,Parked Vehicle,Vehicle Year,Vehicle Make,Latitude,Longitude,Vehicle Model,hour,Crash_year,Crash_month,Crash_day,Crash_hour,Crash_day_name,Crash_date,Crash_week
968,MCP3040008F,250040424,Montgomery_County_Police,Injury Crash,2025-09-09 09:30:00,Maryland_State_Route,GEORGIA AVE,ELTON RD,Angle Collision,Right-of-Way Violation,Clear,Dry,Daylight,No Control,None Detected,1C060DB6-A2A5-44DE-B3AF-157C75258F0E,MD,C5F83281-3676-468D-B7A3-41C172E077A9,Eleven O Clock,PassengerCar,StoppedInTrafficLane,Southbound,30.0,No,No,2023,MERCEDES-BENZ,39.22220167,-77.05966967,GLE_Mercedes-Benz,9,2025,9,9,9,Tuesday,2025-09-09,37
970,MCP3301003D,250039553,Montgomery_County_Police,Property Damage Crash,2025-09-03 21:25:00,County_Route,ADELPHI RD (WB/L),CLUB HOUSE RD,Rear-End (Same Direction),Tailgating,Clear,Dry,Dark - Lighted,No Control,None Detected,E2BB47B1-C331-492D-8547-D4C18102A6AA,MD,36C864EA-4094-4CFD-8727-DCB42A418C64,Eleven O Clock,PassengerCar,MovingConstantSpeed,Westbound,35.0,No,No,2024,HYUNDAI,39.01100051,-76.97717982,Tucson_Hyundai,21,2025,9,3,21,Wednesday,2025-09-03,36
972,MCP3381002Y,250041112,Montgomery_County_Police,Property Damage Crash,2025-09-13 05:32:00,Maryland_State_Route,CAREY ST,CLARKSBURG RD,Angle Collision,Right-of-Way Violation,Clear,Dry,Dark - Lighted,Flashing Traffic Signal,None Detected,444220C6-7BDB-487C-87BF-B0766D9F55B5,MD,96989D03-2E7A-4958-B544-36CDBD01C03C,Eleven O Clock,SportUtilityVehicle,MovingConstantSpeed,Eastbound,35.0,No,No,2021,MAZDA,39.24026167,-77.28102333,CX-9_Mazda,5,2025,9,13,5,Saturday,2025-09-13,37
973,MCP29890037,250040228,Montgomery_County_Police,Property Damage Crash,2025-09-08 08:36:00,County_Route,SHADY GROVE RD,CORPORATE BLVD CORPORATE BLVD (WB/L),Rear vs Side,Right-of-Way Violation,Clear,Dry,Daylight,Traffic Signal,None Detected,37DF7962-981A-4AB8-8D91-1149FB2C4721,MD,C2EF694D-5174-48E8-AE73-ABF02999EFAD,Twelve O Clock,PassengerCar,MakingLeftTurn,Westbound,40.0,No,No,2021,JEEP,39.10748442,-77.18935809,Grand Cherokee_Jeep,8,2025,9,8,8,Monday,2025-09-08,37
974,MCP296200BJ,250040460,Montgomery_County_Police,Property Damage Crash,2025-09-09 12:23:00,Private_Route,LAYHILL RD,CRYSTAL ROCK DR,Angle Collision,Right-of-Way Violation,Clear,Dry,Daylight,No Control,None Detected,3C97CC0A-D792-4624-AC5D-7B971C429702,MD,85D675E0-B67D-4E79-9BFA-EA446AE52977,Five O Clock,PassengerCar,Backing,Southbound,15.0,No,No,2010,TOYOTA,39.16117217,-77.253907,Prius_Toyota,12,2025,9,9,12,Tuesday,2025-09-09,37
975,MCP3168008J,250040597,Montgomery_County_Police,Property Damage Crash,2025-09-10 07:45:00,Maryland_State_Route,W MONTGOMERY AVE,MUSGROVE RD,Rear-End (Same Direction),Weather Related,Rain,Wet,Daylight,Traffic Signal,None Detected,4BBB827A-242E-4FF0-B0DE-2444114241CB,MD,0D5F2141-438C-448D-9F33-5C9D225231CC,Six O Clock,PassengerCar,SlowingOrStopping,Eastbound,35.0,No,No,2018,TOYOTA,39.09259594,-77.18240397,Camry_Toyota,7,2025,9,10,7,Wednesday,2025-09-10,37
976,MCP3392002J,250040402,Montgomery_County_Police,Property Damage Crash,2025-09-09 07:52:00,County_Route,PRICHARD RD,AMHERST AVE,Angle Collision,Right-of-Way Violation,Clear,Dry,Daylight,Stop Sign,None Detected,6D3F32BE-AAF4-4408-A140-F9B454E02831,MD,0B85F741-755B-4623-9410-4060DC0D2E74,Eleven O Clock,PassengerCar,Accelerating,Southbound,25.0,No,No,2015,MERCEDES-BENZ,39.03652178,-77.04831172,C-Class_Mercedes-Benz,7,2025,9,9,7,Tuesday,2025-09-09,37
978,MCP3190006T,250040056,Montgomery_County_Police,Property Damage Crash,2025-09-06 18:26:00,County_Route,JOPLIN DR,GIBSON PL #2,Angle Collision,Right-of-Way Violation,Clear,Dry,Daylight,No Control,None Detected,60224BEE-0DFB-48A7-8538-A34E0069208A,MD,04053D0E-57C3-455A-9028-22D7ADB94EE6,Twelve O Clock,PassengerCar,MakingLeftTurn,Eastbound,25.0,No,No,2015,HYUNDAI,39.07641728,-77.08432111,Elantra_Hyundai,18,2025,9,6,18,Saturday,2025-09-06,36
980,MCP2708009D,250040534,Montgomery_County_Police,Property Damage Crash,2025-09-09 17:31:00,US_State_Route,COLESVILLE RD,FAIRLAND RD,Sideswipe (Same Direction),Congestion / Backup,Clear,Dry,Daylight,No Control,None Detected,18F46CE0-8DFB-4CAD-9403-C500860C9630,MD,DC03159B-6EE1-4AB0-B5B7-B709F4C7CD13,Four O Clock,SportUtilityVehicle,SlowingOrStopping,Northbound,35.0,No,No,2019,KIA,39.02820348,-77.0086731,Sorento_Kia,17,2025,9,9,17,Tuesday,2025-09-09,37
981,MCP33790029,250040499,Montgomery_County_Police,Property Damage Crash,2025-09-09 15:28:00,County_Route,LEAMAN FARM RD,GREAT SENECA HWY (SB/L),Rear-End (Same Direction),Right-of-Way Violation,Clear,Dry,Daylight,Stop Sign,None Detected,BB11DF39-4BD6-4A67-9EF1-FF71E164215B,MD,2276D7BF-87E0-4099-85AF-57F596EE872C,Twelve O Clock,PassengerCar,EnteringTrafficLane,Eastbound,30.0,No,No,2019,VOLKSWAGEN,39.15582085,-77.27678065,Passat_Volkswagen,15,2025,9,9,15,Tuesday,2025-09-09,37
982,MCP2710004K,250040324,Montgomery_County_Police,Property Damage Crash,2025-09-08 16:30:00,County_Route,MASON ST,HENDERSON CORNER RD,Rear-End (Same Direction),Tailgating,Clear,Dry,Daylight,No Control,None Detected,7ED842B1-7594-4003-9774-9555FB8D6559,MD,1A85F529-15AB-420D-A2B1-9E32B8ABE5A4,Twelve O Clock,PassengerCar,MovingConstantSpeed,Southbound,35.0,No,No,2022,HYUNDAI,39.05514669,-77.05019001,Tucson_Hyundai,16,2025,9,8,16,Monday,2025-09-08,37
983,MCP34090010,250040489,Montgomery_County_Police,Property Damage Crash,2025-09-09 15:15:00,County_Route,SHADY GROVE RD (SB/L),EAST AVE,Sideswipe (Same Direction),Lane Violation,Clear,Dry,Daylight,Traffic Signal,None Detected,91FABCEE-3CD7-41F1-8055-1D65B05C4A0F,MD,BFD46CEB-E281-4F7F-A1F5-0CAF20A9AA16,Eleven O Clock,OtherTruck,MovingConstantSpeed,Southbound,35.0,No,No,2021,ACURA,39.12694122,-77.17353834,MDX_Acura,15,2025,9,9,15,Tuesday,2025-09-09,37
984,MCP34140026,250040823,Montgomery_County_Police,Property Damage Crash,2025-09-11 12:00:00,US_State_Route,GEORGIA AVE,MANNAKEE ST,Rear-End (Same Direction),Tailgating,Clear,Dry,Daylight,Traffic Signal,None Detected,2209DA96-14C7-4110-A05C-AE8E5C0EC846,MD,BF829093-D698-4775-8F01-62C11923778C,Twelve O Clock,PassengerCar,SlowingOrStopping,Northbound,30.0,No,No,2025,TESLA,38.99443517,-77.026622,Model Y_Tesla,12,2025,9,11,12,Thursday,2025-09-11,37
985,MCP2931008D,250041315,Montgomery_County_Police,Property Damage Crash,2025-09-14 16:40:00,County_Route,E JEFFERSON ST (SB/L),OVERLOOK PARK DR,Sideswipe (Same Direction),Lane Violation,Clear,Dry,Daylight,No Control,None Detected,2B82C345-71F4-43FB-AC7B-AFD9CC81716E,DC,DD860823-4DA6-4750-B8C9-A18822A264DA,Seven O Clock,TransitBus,Accelerating,Southbound,30.0,No,No,2025,GMC,39.05376224,-77.12616733,Sierra_GMC,16,2025,9,14,16,Sunday,2025-09-14,37
986,MCP913000L7,250039790,Montgomery_County_Police,Property Damage Crash,2025-09-05 11:50:00,Maryland_State_Route,PINEY BRANCH RD,UNIVERSITY BLVD E,Sideswipe (Same Direction),Lane Violation,Clear,Dry,Daylight,Traffic Signal,None Detected,D201F2F9-1A91-4FEC-A073-D89BFCC94A2D,MD,E4BF8C66-6551-4C32-BFEF-31306BFDEC49,Ten O Clock,PassengerCar,MovingConstantSpeed,Eastbound,30.0,No,No,2022,TOYOTA,38.99952967,-76.9954283,Camry_Toyota,11,2025,9,5,11,Friday,2025-09-05,36
987,MCP3148008D,250041324,Montgomery_County_Police,Injury Crash,2025-09-14 18:15:00,County_Route,NEW HAMPSHIRE AVE,ROCKVILLE PIKE (SB/L),Angle Collision,Right-of-Way Violation,Clear,Dry,Daylight,Traffic Signal,None Detected,4C707213-58B1-42A1-87DA-6946038C27FD,IA,F56B1E94-954B-4599-B23F-F5FEB76A3F68,Eight O Clock,SportUtilityVehicle,MakingLeftTurn,Eastbound,25.0,No,No,2024,VOLKSWAGEN,38.99516927,-77.09648756,Taos_Volkswagen,18,2025,9,14,18,Sunday,2025-09-14,37
988,MCP3368002P,250041655,Montgomery_County_Police,Property Damage Crash,2025-09-16 14:44:00,Ramp_Route,RAMP 11 FR SHADY GROVE RD SB TO RAMP 4,HAWKINS CREAMERY RD,Rear-End (Same Direction),Weather Related,Rain,Wet,Daylight,Traffic Signal,None Detected,0297EFD6-8C1C-4F74-95FB-DBD5F882AF27,MD,DF3B6AA2-A800-4B5D-B559-72CCC589410B,Six O Clock,PassengerCar,StoppedInTrafficLane,Southbound,40.0,No,No,2018,ACURA,39.13160038,-77.160677,MDX_Acura,14,2025,9,16,14,Tuesday,2025-09-16,38
989,MCP3355001R,250040422,Montgomery_County_Police,Property Damage Crash,2025-09-09 09:38:00,Maryland_State_Route,UNIVERSITY BLVD E,LANGLEY DR,Rear-End (Same Direction),Tailgating,Clear,Dry,Daylight,No Control,None Detected,08283ECF-EE15-4EDF-96FD-0B97D36F6AEF,MD,5043E0D9-18BD-4A81-8936-1560D8D433E6,Six O Clock,PassengerCar,SlowingOrStopping,Northbound,35.0,No,No,2022,MAZDA,39.0014035,-76.99567467,CX-5_Mazda,9,2025,9,9,9,Tuesday,2025-09-09,37
990,MCP3325004G,250041027,Montgomery_County_Police,Property Damage Crash,2025-09-12 16:12:00,County_Route,AVENTURINE WAY,CLOPPER RD CLOPPER RD (WB/L),Rear-End (Same Direction),Backing Error,Clear,Dry,Daylight,No Control,None Detected,DD6EDDE4-0831-4F3A-B2E4-01E57C64AA37,MD,C2861A7B-6004-407F-88CC-92F8D76C19C9,Six O Clock,Other,Backing,Southbound,15.0,No,No,2000,FORD,39.0701265,-76.965516,Explorer_Ford,16,2025,9,12,16,Friday,2025-09-12,37
991,MCP292300F7,250040231,Montgomery_County_Police,Property Damage Crash,2025-09-08 08:35:00,Maryland_State_Route,GEORGIA AVE,HORN POINT DR,Rear-End (Same Direction),Tailgating,Clear,Dry,Daylight,Yield Sign,None Detected,314D0A78-F520-4FE2-83C4-43BB8A603D4A,MD,19D57660-00A2-4545-B41B-93C10D7463CF,One O Clock,TransitBus,MakingRightTurn,Northbound,35.0,No,No,2017,HYUNDAI,39.06060714,-77.05141978,Elantra_Hyundai,8,2025,9,8,8,Monday,2025-09-08,37
992,MCP242500JH,250040945,Montgomery_County_Police,Property Damage Crash,2025-09-12 08:29:00,Maryland_State_Route,VEIRS MILL RD,FORSTON DR,Rear vs Side,Passing / Turning,Clear,Dry,Daylight,Traffic Signal,None Detected,E2AADC27-00A7-49A1-8F7F-9925A4038E33,MD,348E7AD3-C326-4B51-9C65-40B71656F24B,Eight O Clock,SportUtilityVehicle,SlowingOrStopping,Unknown,2.5,No,No,2025,FORD,39.14264996,-77.04569069,Explorer_Ford,8,2025,9,12,8,Friday,2025-09-12,37
993,DD558300BD,250040665,Rockville_Police_Department,Property Damage Crash,2025-09-10 13:31:00,Maryland_State_Route,BRADLEY LA,FAIRLAND RD,Rear vs Side,Backing Error,Cloudy,Dry,Daylight,Traffic Signal,None Detected,8F069564-10A9-4EF1-975E-985DC14625C5,MD,02C282E2-11BA-4034-8F9D-3CA5B8F88B26,Six O Clock,SportUtilityVehicle,Backing,Not On Roadway,2.5,No,No,2015,HONDA,39.10334739,-77.17657613,Pilot_Honda,13,2025,9,10,13,Wednesday,2025-09-10,37
994,MCP284800C3,250040410,Montgomery_County_Police,Property Damage Crash,2025-09-09 08:15:00,Municipality_Route,GAINSBOROUGH RD,RANDOLPH RD,Rear-End (Same Direction),Backing Error,Clear,Dry,Daylight,Stop Sign,None Detected,A6356E61-4156-4310-8C0C-E29F652F2127,MD,DC2BEC61-4E29-4200-998A-AC89ECA9C17D,Six O Clock,OtherTruck,Backing,Not On Roadway,2.5,No,No,2020,HONDA,38.97457963,-77.13763761,Accord_Honda,8,2025,9,9,8,Tuesday,2025-09-09,37
995,MCP289200J2,250040871,Montgomery_County_Police,Property Damage Crash,2025-09-11 15:42:00,Maryland_State_Route,UNIVERSITY BLVD E,GREAT SENECA HWY,Sideswipe (Opposite Direction),Passing / Turning,Clear,Dry,Daylight,No Control,None Detected,AFC75378-77A8-4104-B0DA-3F67B3CBA91D,MD,462786F4-9894-429E-BADD-2FC9A23075E9,One O Clock,PassengerCar,MakingLeftTurn,Not On Roadway,2.5,No,No,2019,AUDI,39.02888385,-77.05712303,Q5_Audi,15,2025,9,11,15,Thursday,2025-09-11,37
996,MCP3074006M,250040524,Montgomery_County_Police,Injury Crash,2025-09-09 17:15:00,County_Route,SECOND AVE,CONNECTICUT AVE,Single Vehicle,Right-of-Way Violation,Clear,Dry,Daylight,No Control,None Detected,5D76C58D-4334-4A66-8093-296AC7C15139,MD,9BCC8350-4FB7-4C4C-99E0-CF5931FF2A2A,Three O Clock,PassengerCar,MakingRightTurn,Eastbound,25.0,No,No,2025,CHEVROLET,39.01588066,-77.03820376,Trax_Chevrolet,17,2025,9,9,17,Tuesday,2025-09-09,37
997,MCP2678005X,250040604,Montgomery_County_Police,Injury Crash,2025-09-10 08:14:00,Maryland_State_Route,GEORGIA AVE (SB/L),PRICE AVE,Rear-End (Same Direction),Tailgating,Rain,Wet,Daylight,No Control,None Detected,F6985520-5105-4168-8377-F46EB12F6870,MD,AE70CEB0-49E0-4E8F-9956-6F99449F195B,Twelve O Clock,PassengerCar,MovingConstantSpeed,Southbound,25.0,No,No,2006,NISSAN,39.040108,-77.0512982,Sentra_Nissan,8,2025,9,10,8,Wednesday,2025-09-10,37
998,MCP3220005J,250041682,Montgomery_County_Police,Property Damage Crash,2025-09-16 16:28:00,Interstate_Route,EISENHOWER MEMORIAL HWY,SPUR FR SHADY GROVE RD,Rear-End (Same Direction),Tailgating,Rain,Wet,Daylight,No Control,None Detected,04C9BDED-B7B5-4589-8F6A-A09DD37C9141,MD,6548A711-CA1C-4180-B8AB-280880053D6F,Twelve O Clock,SportUtilityVehicle,SlowingOrStopping,Northbound,55.0,No,No,2016,FORD,39.14714651,-77.21559403,Expedition_Ford,16,2025,9,16,16,Tuesday,2025-09-16,38
999,MCP3374003K,250041565,Montgomery_County_Police,Property Damage Crash,2025-09-16 07:23:00,Maryland_State_Route,ROCKVILLE PIKE (SB/L),LAYHILL RD,Rear-End (Same Direction),Tailgating,Clear,Dry,Daylight,No Control,None Detected,E057E83B-AA02-45E9-9AFA-00506179B59F,MD,69B0F73B-2F21-43A6-9CED-79AA8CC7873C,Twelve O Clock,PickupTruck,SlowingOrStopping,Southbound,35.0,No,No,2018,CHEVROLET,39.02197183,-77.103003,Colorado_Chevrolet,7,2025,9,16,7,Tuesday,2025-09-16,38
1000,MCP3319003W,250039404,Montgomery_County_Police,Property Damage Crash,2025-09-03 08:01:00,County_Route,HILDAROSE DR,GEORGIA AVE (SB/L),Sideswipe (Same Direction),Lane Violation,Clear,Dry,Daylight,No Control,None Detected,CB131DF9-60BA-42CD-BDA1-F4D037936033,DC,772CA616-3921-4F58-B05F-C5A93ECE0FE9,Ten O Clock,PickupTruck,MovingConstantSpeed,Southbound,35.0,No,No,2004,FORD,39.02051458,-77.04451749,F-250_Ford,8,2025,9,3,8,Wednesday,2025-09-03,36
1001,MCP3220005H,250040921,Montgomery_County_Police,Property Damage Crash,2025-09-11 19:56:00,Interstate_Route,EISENHOWER MEMORIAL HWY,OLD GEORGETOWN RD,Sideswipe (Same Direction),Lane Violation,Clear,Dry,Dark - Lighted,No Control,None Detected,329FF4BC-FFF0-4C4B-8A2B-82F3C35AF41E,MD,B9FCB38C-0560-4F49-AD16-E3B1189C8360,Seven O Clock,PickupTruck,MovingConstantSpeed,Northbound,55.0,No,No,2021,CHEVROLET,39.15538667,-77.22412683,Silverado_Chevrolet,19,2025,9,11,19,Thursday,2025-09-11,37
1002,MCP3107003K,250041161,Montgomery_County_Police,Injury Crash,2025-09-13 14:13:00,Municipality_Route,E GUDE DR (WB/L),TAFT CT,Angle Collision,Road Obstruction,Clear,Dry,Daylight,Traffic Signal,None Detected,2D0AE354-11E9-4F69-B460-8B8A42399A84,MD,4A7DCE38-B343-4784-848C-76EFEEEC1EAD,Twelve O Clock,PassengerCar,MovingConstantSpeed,South,35.0,No,No,2012,CHEVROLET,39.09429083,-77.1324055,Malibu_Chevrolet,14,2025,9,13,14,Saturday,2025-09-13,37
1005,MCP2974005V,250041618,Montgomery_County_Police,Property Damage Crash,2025-09-16 11:29:00,County_Route,OLD COLUMBIA PIKE,FAIRLAND RD,Sideswipe (Same Direction),Lane Violation,Cloudy,Dry,Daylight,No Control,None Detected,7EFD87EC-91CB-4FD1-9553-C254899A53D8,MD,88B81D22-1301-4B0F-8572-BC31572DF5F0,Three O Clock,PickupTruck,MovingConstantSpeed,Southbound,55.0,No,No,2021,TOYOTA,39.07584742,-76.95782292,Tacoma_Toyota,11,2025,9,16,11,Tuesday,2025-09-16,38
1006,MCP32750038,250039563,Montgomery_County_Police,Property Damage Crash,2025-09-03 23:22:00,County_Route,LORAIN AVE,COLESVILLE RD,Single Vehicle,Lane Violation,Clear,Dry,Dark - Lighted,No Control,None Detected,6AFD26BC-DC3E-4280-9538-F92FC95AC213,MD,93804298-F96C-4539-BF48-C1F5EEC27EC3,One O Clock,PassengerCar,MovingConstantSpeed,Northbound,40.0,No,No,2018,HONDA,39.0238734,-77.01091777,Accord_Honda,23,2025,9,3,23,Wednesday,2025-09-03,36
1007,MCP3300003F,250040755,Montgomery_County_Police,Injury Crash,2025-09-10 21:20:00,Maryland_State_Route,NORBECK RD,CLARA DOWNEY AVE,Sideswipe (Opposite Direction),Driver Inattention,Clear,Dry,Dark - Not Lighted,No Control,None Detected,542FCADE-53FB-4AC9-B7C7-8C8A282B7D17,MD,953AF42E-9E1D-4194-A4C5-4E519D4E7CA7,One O Clock,StationWagon,MovingConstantSpeed,Eastbound,40.0,No,No,2024,HONDA,39.111694,-77.07340267,Civic_Honda,21,2025,9,10,21,Wednesday,2025-09-10,37
1008,MCP200800B3,250040788,Montgomery_County_Police,Injury Crash,2025-09-11 09:00:00,County_Route,SHADY GROVE RD (SB/L),NEW HAMPSHIRE AVE,Rear-End (Same Direction),Tailgating,Clear,Dry,Daylight,Traffic Signal,None Detected,A13FD37E-1FF9-4C73-BBCD-972F1BFE744D,MD,4D14FA86-3AF5-447B-A62E-8D57AF81D63A,Twelve O Clock,PickupTruck,SlowingOrStopping,Eastbound,40.0,No,No,2022,GMC,39.129629,-77.16416283,Sierra_GMC,9,2025,9,11,9,Thursday,2025-09-11,37
1009,MCP3225005W,250040045,Montgomery_County_Police,Property Damage Crash,2025-09-06 18:10:00,County_Route,BONIFANT RD,GOOD HOPE RD NEW HAMPSHIRE AVE,Angle Collision,Traffic Control Violation,Rain,Wet,Daylight,Traffic Signal,None Detected,B6F519AE-282F-463B-80FB-EBDA7417FB9C,MD,1836070C-75C9-4806-BE05-CEB6BEBD0DBC,Eleven O Clock,PassengerCar,SlowingOrStopping,Eastbound,35.0,No,No,2000,HONDA,39.09588788,-77.00204325,Accord_Honda,18,2025,9,6,18,Saturday,2025-09-06,36
1010,MCP3392002J,250040402,Montgomery_County_Police,Property Damage Crash,2025-09-09 07:52:00,County_Route,PRICHARD RD,AMHERST AVE,Angle Collision,Right-of-Way Violation,Clear,Dry,Daylight,Stop Sign,None Detected,67B1C23D-4B35-4A9C-8E3E-0A99856E8EBC,MD,5FC6CD9B-05E2-4813-8954-84CCF60FB992,Four O Clock,PassengerCar,Accelerating,Westbound,25.0,No,No,2022,HONDA,39.03652178,-77.04831172,Accord_Honda,7,2025,9,9,7,Tuesday,2025-09-09,37
1011,MCP3381002Y,250041112,Montgomery_County_Police,Property Damage Crash,2025-09-13 05:32:00,Maryland_State_Route,CLARKSBURG RD,CLARKSBURG RD,Angle Collision,Right-of-Way Violation,Clear,Dry,Dark - Lighted,Flashing Traffic Signal,None Detected,961CDD00-73B5-4669-942C-6C6264F8A368,MD,C2862E56-14EA-4D4B-B2F9-F19FA33E7F74,Two O Clock,PickupTruck,MovingConstantSpeed,Southbound,30.0,No,No,2004,GMC,39.24026167,-77.28102333,Sierra_GMC,5,2025,9,13,5,Saturday,2025-09-13,37
1013,MCP3377003C,250039851,Montgomery_County_Police,Injury Crash,2025-09-05 15:45:00,Maryland_State_Route,NEW HAMPSHIRE AVE,COLESVILLE RD COLESVILLE RD (SB/L) ST ANDREWS WAY,Head-On,Right-of-Way Violation,Clear,Wet,Daylight,Traffic Signal,None Detected,976939D5-980A-4D17-A4E1-93D0B7948A57,MD,7D860509-C242-4EDA-8B82-6F0EF4C22B3B,Twelve O Clock,PassengerCar,EnteringTrafficLane,Southbound,2.5,No,No,2001,BMW,38.991341,-77.01343817,3 Series_BMW,15,2025,9,5,15,Friday,2025-09-05,36
1014,MCP22980185,250040955,Montgomery_County_Police,Injury Crash,2025-09-12 08:46:00,Other_Public_Roadway,OBSERVATION DR,BUCKINGHAM DR,Single Vehicle,Right-of-Way Violation,Clear,Wet,Daylight,Stop Sign,None Detected,7D0E9567-6FF4-4979-B564-1C87B948F58A,MD,68E57E9A-3F5D-4B82-8DDE-0A5D2FE2447D,VehicleNotAtScene,PassengerCar,Accelerating,Eastbound,20.0,No,No,2023,KIA,39.18743818,-77.24876419,Forte_Kia,8,2025,9,12,8,Friday,2025-09-12,37
1015,MCP2761007B,250041147,Montgomery_County_Police,Injury Crash,2025-09-13 13:25:00,County_Route,OBSERVATION DR (SB/L),RIDGE RD (NB/L),Rear-End (Same Direction),Congestion / Backup,Clear,Dry,Daylight,Traffic Signal,None Detected,67CE81A9-76A6-4E34-A960-46A1F46D2AE8,MD,0253A7E0-25A9-4EDD-9F90-2AD29862E4F3,Seven O Clock,SportUtilityVehicle,StoppedInTrafficLane,Northbound,45.0,No,No,2024,HONDA,39.20177383,-77.25332188,CR-V_Honda,13,2025,9,13,13,Saturday,2025-09-13,37
1016,MCP22980181,250039782,Montgomery_County_Police,Property Damage Crash,2025-09-05 09:09:00,County_Route,BURNT HILL RD,FOREST GLEN RD,Single Vehicle,Driver Inattention,Clear,Dry,Daylight,No Control,None Detected,91CDC049-386A-40E1-8982-E8294E9D26BC,MD,9AC1FA8D-A58A-4A54-968D-0AFECCF612BE,Two O Clock,PickupTruck,SlowingOrStopping,Northbound,25.0,No,No,2018,TOYOTA,39.27477667,-77.25088,Tacoma_Toyota,9,2025,9,5,9,Friday,2025-09-05,36
1017,MCP33620067,250040938,Montgomery_County_Police,Property Damage Crash,2025-09-12 06:26:00,Maryland_State_Route,NEW HAMPSHIRE AVE,WISCONSIN AVE,Rear-End (Same Direction),Tailgating,Clear,Dry,Dawn,Traffic Signal,None Detected,5161943F-44A6-4CA7-AA42-94C52115CC49,MD,5B68646A-3BCB-43AE-99AC-805A0220506B,Twelve O Clock,PassengerCar,StoppedInTrafficLane,Northbound,35.0,No,No,2019,NISSAN,39.01148786,-76.97883596,Sentra_Nissan,6,2025,9,12,6,Friday,2025-09-12,37
1018,DD5652005R,250041158,Rockville_Police_Department,Property Damage Crash,2025-09-13 15:06:00,Maryland_State_Route,VEIRS MILL RD,EAST VILLAGE AVE,Angle Collision,Right-of-Way Violation,Clear,Dry,Daylight,No Control,None Detected,E2AA0D16-3A4F-4393-A6B5-809FFB37002B,MD,A6E4A072-7578-4FB1-93C4-1AC9257766AC,Ten O Clock,PassengerCar,MovingConstantSpeed,Eastbound,35.0,No,No,2021,HONDA,39.07428483,-77.11401583,Accord_Honda,15,2025,9,13,15,Saturday,2025-09-13,37
1019,MCP33950048,250040616,Montgomery_County_Police,Property Damage Crash,2025-09-10 09:25:00,Maryland_State_Route,WISCONSIN AVE (SB/L),CHEVY CHASE BLVD,Rear-End (Same Direction),Weather Related,Rain,Wet,Daylight,No Control,None Detected,862A258A-FCB0-4453-A2A5-1BA6AD10D335,MD,89B3DE73-A0F9-4B29-B4A5-1D9DEEB27858,Eleven O Clock,Van - Passenger (&lt;9 Seats),StoppedInTrafficLane,North,35.0,No,No,2017,TOYOTA,38.97372617,-77.08986417,Sienna_Toyota,9,2025,9,10,9,Wednesday,2025-09-10,37
1020,MCP34230029,250039831,Montgomery_County_Police,Property Damage Crash,2025-09-05 14:14:00,US_State_Route,COLUMBIA PIKE,POOKS HILL RD,Angle Collision,Congestion / Backup,Clear,Dry,Daylight,Lane Use Control,None Detected,CFE40194-ECCA-480A-9F96-1FE558F114C4,MD,FB878BA9-2714-4385-9FED-3980F4086F60,Six O Clock,PassengerCar,MakingLeftTurn,East,30.0,No,No,2006,TOYOTA,39.04650534,-76.98691985,Tacoma_Toyota,14,2025,9,5,14,Friday,2025-09-05,36
1021,MCP3358003N,250041248,Montgomery_County_Police,Injury Crash,2025-09-14 07:43:00,Maryland_State_Route,ROCKVILLE PIKE (SB/L),OLD GEORGETOWN RD (SB/L),Rear vs Side,Road Obstruction,Clear,Dry,Daylight,Traffic Signal,None Detected,FA16BBC4-11A3-438C-9705-C95C7CA830F4,DC,D885C428-7D11-4AF4-8020-9EB2C7655C3E,Ten O Clock,PassengerCar,Accelerating,South,35.0,No,No,2016,TOYOTA,39.04953594,-77.11429956,Corolla_Toyota,7,2025,9,14,7,Sunday,2025-09-14,37
1022,MCP3191004Z,250039922,Montgomery_County_Police,Property Damage Crash,2025-09-05 22:15:00,Municipality_Route,W GUDE DR,RAMP 8 FR MD 185 SB TO IS 495 WB,Rear-End (Same Direction),Driver Inattention,Clear,Dry,Dark - Lighted,Traffic Signal,None Detected,9BA61C02-6284-4C07-B942-77B15563F0BD,MD,B4CB4E13-9E43-4953-B48F-7C4DEC05ACE9,Six O Clock,PassengerCar,SlowingOrStopping,Southbound,35.0,No,No,2023,VOLKSWAGEN,39.10639236,-77.15856046,Atlas_Volkswagen,22,2025,9,5,22,Friday,2025-09-05,36
1023,MCP289200J1,250040673,Montgomery_County_Police,Injury Crash,2025-09-10 14:26:00,US_State_Route,MANNAKEE ST,DALE DR,Rear-End (Same Direction),Tailgating,Rain,Wet,Daylight,No Control,None Detected,7AC3D6DD-D322-4EED-B4FA-76EC736F56FC,MD,DE455C4C-0104-439F-9B88-FA0F0BEAB728,Twelve O Clock,PassengerCar,SlowingOrStopping,Northbound,35.0,No,No,2018,TOYOTA,39.00514174,-77.02283702,Camry_Toyota,14,2025,9,10,14,Wednesday,2025-09-10,37