Unnamed: 0,Report Number,Local Case Number,Agency Name,ACRS Report Type,Crash Date/Time,Route Type,Road Name,Cross-Street Name,Collision Type,Circumstance_Category,Weather,Surface Condition,Light,Traffic Control,Driver Substance Abuse,Person ID,Drivers License State,Vehicle ID,Vehicle First Impact Location,Vehicle Body Type,Vehicle Movement,Vehicle Going Dir,Speed Limit,Driverless Vehicle,Parked Vehicle,Vehicle Year,Vehicle Make,Latitude,Longitude,Vehicle Model,hour,Crash_year,Crash_month,Crash_day,Crash_hour,Crash_day_name,Crash_date,Crash_week
1131,MCP29680060,250040965,Montgomery_County_Police,Property Damage Crash,2025-09-12 10:16:00,Municipality_Route,WAYNE AVE,WOOTTON PKWY (EB/L),Head-On,Traffic Control Violation,Clear,Dry,Daylight,Traffic Signal,None Detected,017F9BA8-6B73-4EC2-879B-601B5BF9E052,MD,CB8470FA-0F9D-4E28-89A2-DAB2295FA9F0,Twelve O Clock,PassengerCar,MovingConstantSpeed,Westbound,35.0,No,No,2011,GMC,39.06685633,-77.161606,Terrain_GMC,10,2025,9,12,10,Friday,2025-09-12,37
1132,MCP3350004G,250040090,Montgomery_County_Police,Property Damage Crash,2025-09-07 04:30:00,Interstate_Route,EISENHOWER MEMORIAL HWY,LAWRENCE AVE,Rear-End (Same Direction),Road Obstruction,Clear,Dry,Dark - Not Lighted,No Control,None Detected,48B61229-8B9E-4CEB-BC9E-FCEE7E0EB1D6,VA,C9701CBE-29C1-49FE-9DDC-886A3AECECE0,Seven O Clock,SportUtilityVehicle,MovingConstantSpeed,Northbound,55.0,No,No,2019,CHEVROLET,39.03224768,-77.13499066,Suburban_Chevrolet,4,2025,9,7,4,Sunday,2025-09-07,36
1133,MCP32400041,250041111,Montgomery_County_Police,Property Damage Crash,2025-09-13 04:52:00,County_Route,DORSEY MILL DR,PEONY DR,Sideswipe (Same Direction),Driver Inattention,Clear,Dry,Dark - Lighted,No Control,None Detected,D9A9B8DC-4A33-4F35-A174-E6439AEC333F,MD,A19FEE27-AE5B-4D31-8338-72436BFFA49A,Twelve O Clock,PassengerCar,MovingConstantSpeed,Southbound,30.0,No,No,2018,TESLA,39.20489857,-77.26559617,Model 3_Tesla,4,2025,9,13,4,Saturday,2025-09-13,37
1134,MCP28250029,250040785,Montgomery_County_Police,Property Damage Crash,2025-09-11 08:00:00,Bicycle_Route,GEORGIA AVE (SB/L),LOFSTRAND LA,Rear-End (Same Direction),Passing / Turning,Clear,Dry,Daylight,Stop Sign,None Detected,5CC566A5-645B-452A-9A6D-6D5C4DDE0DD6,TX,37506801-81F2-4395-946F-F3FB31DDC40D,Five O Clock,TruckTractor,MakingRightTurn,Southbound,30.0,No,No,2016,DODGE,39.14710067,-77.27282467,Journey_Dodge,8,2025,9,11,8,Thursday,2025-09-11,37
1135,MCP2203009W,250040778,Montgomery_County_Police,Injury Crash,2025-09-11 07:30:00,Maryland_State_Route,CONNECTICUT AVE (SB/L),OLD COLUMBIA PIKE,Rear-End (Same Direction),Congestion / Backup,Clear,Dry,Daylight,No Control,None Detected,182555DE-4F77-4ABA-A7EF-854694077B70,MD,38338AAC-BAC1-4677-9520-6F89E6057DB9,Six O Clock,SportUtilityVehicle,StoppedInTrafficLane,Southbound,35.0,No,No,2023,AUDI,39.051615,-77.07501933,Q7_Audi,7,2025,9,11,7,Thursday,2025-09-11,37
1136,MCP30090092,250040642,Montgomery_County_Police,Property Damage Crash,2025-09-10 11:20:00,Bicycle_Route,MONTROSE RD,FENTON ST,Rear-End (Same Direction),Tailgating,Rain,Wet,Daylight,Traffic Signal,None Detected,C85DBFCE-2DF9-4855-90B9-D1EBC6A970DC,MD,47B93E3F-0058-4C07-A3C5-62C68C637C89,Twelve O Clock,PassengerCar,SlowingOrStopping,Southbound,45.0,No,No,2015,HYUNDAI,39.20233233,-77.2527335,Elantra_Hyundai,11,2025,9,10,11,Wednesday,2025-09-10,37
1137,MCP284600BQ,250040466,Montgomery_County_Police,Property Damage Crash,2025-09-09 12:00:00,Maryland_State_Route,LOCKWOOD DR,GREAT SENECA HWY,Sideswipe (Same Direction),Lane Violation,Clear,Dry,Daylight,No Control,None Detected,1B96C858-066C-4322-9481-3491AA0D6747,IN,6349EF54-1C82-49A1-B1BC-C5E6F2443E4F,Five O Clock,PassengerCar,MovingConstantSpeed,Westbound,35.0,No,No,2019,HONDA,39.10762631,-76.93818835,CR-V_Honda,12,2025,9,9,12,Tuesday,2025-09-09,37
1138,MCP3386003D,250040487,Montgomery_County_Police,Property Damage Crash,2025-09-09 14:26:00,County_Route,MONTGOMERY LA,OLD COLUMBIA PIKE,Sideswipe (Same Direction),Passing / Turning,Clear,Dry,Daylight,No Control,None Detected,2D9CFF57-F629-4BD1-8567-0065EAC55433,MD,132D8753-2B78-479F-AFB8-D356FA15A36B,Seven O Clock,TransitBus,MakingLeftTurn,Southbound,35.0,No,No,2019,HYUNDAI,38.98349283,-77.09589183,Santa Fe_Hyundai,14,2025,9,9,14,Tuesday,2025-09-09,37
1139,MCP3355001Q,250039594,Montgomery_County_Police,Injury Crash,2025-09-04 08:21:00,County_Route,FLOWER AVE,PLYMOUTH ST,Angle Collision,Road Obstruction,Clear,Dry,Daylight,Traffic Signal,None Detected,D23BDE6E-CC86-4D8A-B95E-894B106F3C24,MD,0A3255CD-81CF-4299-9913-2A2439AF4C9A,Twelve O Clock,PassengerCar,MovingConstantSpeed,North,25.0,No,No,2012,HONDA,39.00155514,-77.00477297,Civic_Honda,8,2025,9,4,8,Thursday,2025-09-04,36
1140,DD561500JY,250041579,Rockville_Police_Department,Property Damage Crash,2025-09-16 09:00:00,Municipality_Route,TWINBROOK PKWY (NB/L),ROCKVILLE PIKE ROLLINS AVE,Head-On,Traffic Control Violation,Cloudy,Dry,Daylight,Traffic Signal,None Detected,CF20B8EC-1D01-4E12-B44C-8D96A0A83CEF,MD,B8EEBA7B-9EDA-45EA-9F18-BFFC378CA030,Twelve O Clock,PassengerCar,MovingConstantSpeed,Northbound,35.0,No,No,2019,VOLKSWAGEN,39.05872595,-77.12111863,Jetta_Volkswagen,9,2025,9,16,9,Tuesday,2025-09-16,38
1141,MCP2730005K,250040822,Montgomery_County_Police,Property Damage Crash,2025-09-11 13:00:00,Maryland_State_Route,GEORGIA AVE,BOURNEFIELD WAY,Angle Collision,Road Obstruction,Clear,Dry,Daylight,Traffic Signal,None Detected,9FB8ADCB-2270-45C8-A701-224278F4AA60,MD,042DD0DF-3457-4886-903F-B6270FFC4BDE,Two O Clock,PassengerCar,SlowingOrStopping,Unknown,2.5,No,No,2010,HONDA,39.18037519,-77.27109574,Civic_Honda,13,2025,9,11,13,Thursday,2025-09-11,37
1142,MCP33790029,250040499,Montgomery_County_Police,Property Damage Crash,2025-09-09 15:28:00,County_Route,LEAMAN FARM RD,GREAT SENECA HWY (SB/L),Rear-End (Same Direction),Tailgating,Clear,Dry,Daylight,No Control,None Detected,D4FDD01F-D569-492D-B31B-620C265ABFE2,MD,F719409A-E175-476D-A546-E99A9D289534,Twelve O Clock,PassengerCar,MovingConstantSpeed,Southbound,45.0,No,No,2024,JEEP,39.15582085,-77.27678065,Compass_Jeep,15,2025,9,9,15,Tuesday,2025-09-09,37
1143,MCP3201008B,250041431,Montgomery_County_Police,Injury Crash,2025-09-15 12:20:00,Maryland_State_Route,GREAT SENECA HWY,CLOPPERS MILL DR,Angle Collision,Right-of-Way Violation,Clear,Dry,Daylight,Traffic Signal,None Detected,F9F26D00-7EF1-41E0-A4F3-446B6EDA18CC,CA,D912D145-324B-4C54-9E6A-891E23BC1EF3,Three O Clock,PassengerCar,MakingLeftTurn,Northbound,45.0,No,No,2013,HONDA,39.14867996,-77.27636663,Accord_Honda,12,2025,9,15,12,Monday,2025-09-15,38
1144,MCP2445007C,250040820,Montgomery_County_Police,Injury Crash,2025-09-11 11:55:00,Maryland_State_Route,OLD HUNDRED RD,FREDERICK RD,Rear-End (Same Direction),Driver Inattention,Clear,Dry,Daylight,Traffic Signal,None Detected,7F70685B-6E56-40DD-BA76-DB5137F94D70,MD,A11C2B05-CA5B-4CAA-96E8-0CE1A3509862,Twelve O Clock,PassengerCar,MovingConstantSpeed,Northbound,30.0,No,No,2016,NISSAN,39.28075015,-77.31504009,Rogue_Nissan,11,2025,9,11,11,Thursday,2025-09-11,37
1145,MCP1465006G,250040810,Montgomery_County_Police,Property Damage Crash,2025-09-11 11:00:00,Maryland_State_Route,INTERCOUNTY CONNECTOR,ROAD END: GUARDRAIL,Single Vehicle,Backing Error,Clear,Dry,Daylight,No Control,None Detected,3F7AA6BD-1A26-451F-8BCF-3A9666114071,MD,56EA0DEB-AACD-45CB-A21F-FE8336076BE5,Five O Clock,PassengerCar,Backing,Westbound,60.0,No,No,2019,DODGE,39.1349305,-77.14616947,Charger_Dodge,11,2025,9,11,11,Thursday,2025-09-11,37
1146,MCP3251001P,250040084,Montgomery_County_Police,Injury Crash,2025-09-07 01:46:00,County_Route,WARING STATION RD,FOREST GLEN RD,Rear-End (Same Direction),Tailgating,Rain,Wet,Dark - Not Lighted,No Control,None Detected,D2401BD8-88BF-495F-8D0C-C7ACEC33A267,MD,BCFEDC7C-F266-4507-BC46-E0100EB21C16,Twelve O Clock,PassengerCar,MovingConstantSpeed,Southbound,35.0,No,No,2021,TOYOTA,39.15451444,-77.25448688,Camry_Toyota,1,2025,9,7,1,Sunday,2025-09-07,36
1147,MCP289200J1,250040673,Montgomery_County_Police,Injury Crash,2025-09-10 14:26:00,US_State_Route,CONNECTICUT AVE,DALE DR,Rear-End (Same Direction),Congestion / Backup,Rain,Wet,Daylight,No Control,None Detected,D08BC626-6887-4C7C-8166-09EAB9676F53,MD,D77BC672-CC8E-40ED-AFCF-B61DC8CDAB2D,Six O Clock,PassengerCar,SlowingOrStopping,Northbound,35.0,No,No,2018,HONDA,39.00514174,-77.02283702,Odyssey_Honda,14,2025,9,10,14,Wednesday,2025-09-10,37
1148,DD561500JW,250041489,Rockville_Police_Department,Property Damage Crash,2025-09-15 16:15:00,Maryland_State_Route,MANOR RD,RAMP 4 FR MD650 NB TO RP 5 (TO MD200 EB),Rear-End (Same Direction),Tailgating,Clear,Dry,Daylight,No Control,None Detected,E3B63022-839A-4263-A10D-434381F4A709,MD,97ABA1EB-5D12-4172-ADD2-71C1400DC735,Six O Clock,PassengerCar,SlowingOrStopping,Westbound,25.0,No,No,2012,CHEVROLET,39.08469883,-77.16140082,Express_Chevrolet,16,2025,9,15,16,Monday,2025-09-15,38
1150,MCP22980187,250041026,Montgomery_County_Police,Injury Crash,2025-09-12 16:27:00,County_Route,HOB HILL WAY,MONTGOMERY VILLAGE AVE,Head-On,Right-of-Way Violation,Clear,Dry,Daylight,Traffic Signal,None Detected,4D00721A-D391-40EB-83EE-EDF134D4F07B,MD,89D82B9E-B4D3-4871-B5D8-46A317580207,Ten O Clock,PassengerCar,MakingLeftTurn,Westbound,30.0,No,No,2012,TOYOTA,39.186765,-77.19817833,Camry_Toyota,16,2025,9,12,16,Friday,2025-09-12,37
1151,MCP3171002V,250041124,Montgomery_County_Police,Injury Crash,2025-09-13 10:00:00,County_Route,WARING STATION RD,FOREST BROOK RD,Angle Collision,Right-of-Way Violation,Clear,Dry,Daylight,No Control,None Detected,07C80A89-B159-48CB-AE14-B101D0A897CA,MD,C06D7536-F9B7-429A-B4D3-B42A08CE4BB0,Twelve O Clock,PickupTruck,MovingConstantSpeed,Southbound,30.0,No,No,2025,TOYOTA,39.16971167,-77.24923833,Tacoma_Toyota,10,2025,9,13,10,Saturday,2025-09-13,37
1152,MCP34090012,250040876,Montgomery_County_Police,Property Damage Crash,2025-09-11 16:00:00,County_Route,QUAIL VALLEY BLVD,ROCK SPRING DR,Rear-End (Same Direction),Tailgating,Clear,Dry,Daylight,Traffic Signal,None Detected,AF6E15FC-DEDD-4D12-A7B0-5231EED12BFE,MD,F3483C8F-82F1-46B0-B207-7C6E23D9B06C,Twelve O Clock,PassengerCar,MovingConstantSpeed,Southbound,25.0,No,No,2021,TOYOTA,39.16208,-77.19021983,Camry_Toyota,16,2025,9,11,16,Thursday,2025-09-11,37
1153,MCP3325004G,250041027,Montgomery_County_Police,Property Damage Crash,2025-09-12 16:12:00,County_Route,AVENTURINE WAY,CONNECTICUT AVE,Rear-End (Same Direction),Tailgating,Clear,Dry,Daylight,No Control,None Detected,981A3E14-7314-4E50-B2FA-DD85D7A0B0DE,MD,CB26FC75-1497-40A4-8A0D-EE5A29ABA133,Twelve O Clock,VanCargo,SlowingOrStopping,Southbound,15.0,No,No,2023,AUDI,39.0701265,-76.965516,A4_Audi,16,2025,9,12,16,Friday,2025-09-12,37
1155,MCP3113007B,250040552,Montgomery_County_Police,Property Damage Crash,2025-09-09 18:11:00,Maryland_State_Route,OLD COLUMBIA PIKE,POWDER MILL RD,Head-On,Lane Violation,Clear,Dry,Daylight,Traffic Signal,None Detected,52B4A77B-BA25-4DFA-B0FF-D5B8C59C636C,MD,74A931FA-29A1-409C-A9F1-2B6D8BE56D9F,Twelve O Clock,PassengerCar,MovingConstantSpeed,Not On Roadway,2.5,No,No,2002,ACURA,39.0850279,-76.9359516,MDX_Acura,18,2025,9,9,18,Tuesday,2025-09-09,37
1156,MCP3009008Z,250039792,Montgomery_County_Police,Property Damage Crash,2025-09-05 11:45:00,Maryland_State_Route,GERMANTOWN RD,FREDERICK RD GERMANTOWN RD,Angle Collision,Road Obstruction,Clear,Dry,Daylight,No Control,None Detected,6A886466-285E-4727-B930-4C64868B1149,MD,30A5FD3F-CA9E-41D6-BEB1-26224C4EBA47,Eleven O Clock,SportUtilityVehicle,MovingConstantSpeed,West,45.0,No,No,2013,ACURA,39.1921376,-77.24248179,RDX_Acura,11,2025,9,5,11,Friday,2025-09-05,36
1157,MCP34230029,250039831,Montgomery_County_Police,Property Damage Crash,2025-09-05 14:14:00,US_State_Route,COLUMBIA PIKE,HUNGERFORD DR,Angle Collision,Surface Condition,Clear,Dry,Daylight,Traffic Signal,None Detected,8B576682-FB75-48B5-BC75-209706BBA21B,MD,CA5EBA7E-BD7A-4EE5-94B9-ED2E4233E4D0,One O Clock,PassengerCar,MovingConstantSpeed,West,35.0,No,No,2007,NISSAN,39.04650534,-76.98691985,Altima_Nissan,14,2025,9,5,14,Friday,2025-09-05,36
1158,MCP30090091,250040433,Montgomery_County_Police,Property Damage Crash,2025-09-09 10:30:00,Ramp_Route,RAMP 1 FR RAMP 4 (FR IS270) TO RIDGE RD,RIDGE RD (NB/L),Angle Collision,Right-of-Way Violation,Clear,Wet,Daylight,Traffic Signal,None Detected,27208918-8B44-44F6-A785-9203E942BEEC,MD,9B52814A-6BDE-43F1-B1D0-187A62923F3B,Eight O Clock,PassengerCar,MovingConstantSpeed,Westbound,25.0,No,No,2017,KIA,39.19890068,-77.26068171,Optima_Kia,10,2025,9,9,10,Tuesday,2025-09-09,37
1159,MCP2347005Z,250041440,Montgomery_County_Police,Injury Crash,2025-09-16 12:44:00,County_Route,ASTON MANOR DR,BRIGGS CHANEY RD (WB/L),Angle Collision,Right-of-Way Violation,Clear,Dry,Daylight,Stop Sign,None Detected,11503DFE-D63D-4118-8D9D-02AFD29FAD3C,MD,00D038A6-0C8A-4E79-8B18-D8E29EC21854,Nine O Clock,PassengerCar,MakingLeftTurn,West,35.0,No,No,2002,BUICK,39.07592348,-76.9411015,Encore_Buick,12,2025,9,16,12,Tuesday,2025-09-16,38
1160,MCP3191004Z,250039922,Montgomery_County_Police,Property Damage Crash,2025-09-05 22:15:00,Municipality_Route,W GUDE DR,WILDCAT RD,Rear-End (Same Direction),Driver Inattention,Clear,Dry,Dark - Lighted,Traffic Signal,None Detected,521DE747-1BFD-4DBF-8CAB-ADD709DEBA35,MD,D76B7BE3-C46C-42BA-8B8E-AA759CFD13E5,Twelve O Clock,PassengerCar,MovingConstantSpeed,Southbound,35.0,No,No,2014,NISSAN,39.10639236,-77.15856046,Altima_Nissan,22,2025,9,5,22,Friday,2025-09-05,36
1161,MCP200800B3,250040788,Montgomery_County_Police,Injury Crash,2025-09-11 09:00:00,County_Route,SHADY GROVE RD (SB/L),MUNCASTER MILL RD,Rear-End (Same Direction),Congestion / Backup,Clear,Dry,Daylight,Traffic Signal,None Detected,20F42921-A9B0-488C-BED4-30AA11A8DFC7,MD,7C8E115C-6EFB-481A-A82A-1A925E03BB6F,Six O Clock,PassengerCar,StoppedInTrafficLane,Eastbound,40.0,No,No,2019,DODGE,39.129629,-77.16416283,Charger_Dodge,9,2025,9,11,9,Thursday,2025-09-11,37
1162,DD561500JY,250041579,Rockville_Police_Department,Property Damage Crash,2025-09-16 09:00:00,Municipality_Route,TWINBROOK PKWY (NB/L),ROCKVILLE PIKE ROLLINS AVE,Head-On,Right-of-Way Violation,Cloudy,Dry,Daylight,Traffic Signal,None Detected,3171397B-45D6-40DB-8635-A45BC12FEB63,MD,6A7181F9-3D27-480E-ABC5-A954A9AB6EF0,Twelve O Clock,PassengerCar,MakingLeftTurn,Eastbound,35.0,No,No,2013,CADILLAC,39.05872595,-77.12111863,Escalade_Cadillac,9,2025,9,16,9,Tuesday,2025-09-16,38
1163,MCP287100CX,250040681,Montgomery_County_Police,Injury Crash,2025-09-10 14:46:00,Maryland_State_Route,ROCKVILLE PIKE,GROSVENOR LA NO NAME,Angle Collision,Weather Related,Cloudy,Wet,Daylight,Traffic Signal,None Detected,3CEE5937-3B45-4400-B330-B9C7BBD1A666,MD,63296A13-9C18-43A3-8F99-7141442ED3CE,Eight O Clock,PassengerCar,MakingLeftTurn,South,30.0,No,No,2019,BMW,39.02258567,-77.10283983,3 Series_BMW,14,2025,9,10,14,Wednesday,2025-09-10,37
1164,MCP27560079,250040710,Montgomery_County_Police,Property Damage Crash,2025-09-10 17:26:00,Maryland_State_Route,GEORGIA AVE,DAWSON AVE,Angle Collision,Driver Inattention,Clear,Dry,Daylight,No Control,None Detected,7EF57DF4-9DBB-4D09-8610-7BFF243FD63F,MI,C14A6283-DA1E-4D79-90DC-A6DA449ED16B,One O Clock,PassengerCar,MovingConstantSpeed,Northbound,25.0,No,No,2024,MERCEDES-BENZ,39.04560837,-77.05200829,C-Class_Mercedes-Benz,17,2025,9,10,17,Wednesday,2025-09-10,37
1165,MCP30530098,250040859,Montgomery_County_Police,Property Damage Crash,2025-09-11 14:44:00,Bicycle_Route,SHADY GROVE RD,GARRETT PARK RD,Rear-End (Same Direction),Tailgating,Clear,Dry,Daylight,Pedestrian Crossing,None Detected,F350897F-0185-4C92-A719-8B708BEC9A43,MD,09589501-563E-4754-8D6D-522E49B09129,VehicleNotAtScene,PassengerCar,MovingConstantSpeed,Westbound,20.0,No,No,2015,MERCEDES-BENZ,39.0417325,-77.08799317,C-Class_Mercedes-Benz,14,2025,9,11,14,Thursday,2025-09-11,37
1166,MCP2761007B,250041147,Montgomery_County_Police,Injury Crash,2025-09-13 13:25:00,County_Route,OBSERVATION DR (SB/L),RIDGE RD (NB/L),Rear-End (Same Direction),Tailgating,Clear,Dry,Daylight,Traffic Signal,None Detected,2188C70F-4331-4654-A6CF-5A9D97C27DFF,MD,36D4E57F-A716-487C-8BF7-83E36A025A28,One O Clock,SportUtilityVehicle,StoppedInTrafficLane,Northbound,45.0,No,No,2020,HONDA,39.20177383,-77.25332188,Pilot_Honda,13,2025,9,13,13,Saturday,2025-09-13,37
1167,MCP2291008Z,250041311,Montgomery_County_Police,Property Damage Crash,2025-09-14 15:50:00,County_Route,BELLS MILL RD,FALLS RD,Angle Collision,Right-of-Way Violation,Clear,Dry,Daylight,Traffic Signal,None Detected,5DCF49D7-BD53-42F4-B593-E649DB6AF090,MD,4B77CEC0-C882-46BC-8C9B-A5EC56BA5D91,Nine O Clock,SportUtilityVehicle,MakingLeftTurn,North,35.0,No,No,2024,TOYOTA,39.03539133,-77.19449183,Camry_Toyota,15,2025,9,14,15,Sunday,2025-09-14,37
1168,MCP2203009W,250040778,Montgomery_County_Police,Injury Crash,2025-09-11 07:30:00,Maryland_State_Route,CONNECTICUT AVE (SB/L),BRINK RD,Rear-End (Same Direction),Road Obstruction,Clear,Dry,Daylight,No Control,None Detected,51C44BE1-F56A-4675-883F-AD0B5F7017F9,MD,A6E0A0DF-36CA-4350-BE5A-89BF7C5CFBA5,Six O Clock,PassengerCar,StoppedInTrafficLane,Southbound,35.0,No,No,2004,MAZDA,39.051615,-77.07501933,Mazda3_Mazda,7,2025,9,11,7,Thursday,2025-09-11,37
1169,MCP3428000R,250039731,Montgomery_County_Police,Property Damage Crash,2025-09-04 23:57:00,County_Route,PINEY MEETINGHOUSE RD,E DIAMOND AVE,Single Vehicle,Lane Violation,Clear,Dry,Dark - Not Lighted,No Control,None Detected,02553C92-8042-4CB6-ACC2-E0197471A6A3,VA,383A1732-F462-4048-934E-0705D374530A,Twelve O Clock,SportUtilityVehicle,MovingConstantSpeed,Southbound,30.0,No,No,2023,CHEVROLET,39.04131423,-77.23383423,Suburban_Chevrolet,23,2025,9,4,23,Thursday,2025-09-04,36
1170,DD558300BD,250040665,Rockville_Police_Department,Property Damage Crash,2025-09-10 13:31:00,Municipality_Route,FREDERICK RD,FAIRMONT AVE,Rear vs Side,Weather Related,Cloudy,Dry,Daylight,Traffic Signal,None Detected,9F040168-F839-4919-A7FA-4906FFBDE0C1,MD,9ADD7E31-EB2A-43FC-BFCE-5AB4FCEE71CF,Three O Clock,Van - Passenger (&lt;9 Seats),Parked,North,2.5,No,Yes,2023,NISSAN,39.10334739,-77.17657613,Altima_Nissan,13,2025,9,10,13,Wednesday,2025-09-10,37
1171,MCP2786004Z,250041454,Montgomery_County_Police,Property Damage Crash,2025-09-15 14:22:00,County_Route,SHAKESPEARE BLVD (WB/L),FREDERICK RD (SB/L),Angle Collision,Right-of-Way Violation,Clear,Dry,Daylight,Traffic Signal,None Detected,3FA700A3-3218-47FF-A079-B6452CB8DA8E,MD,48416341-B7CB-4D90-87D3-836D158B97FE,Three O Clock,PassengerCar,MakingLeftTurn,West,45.0,No,No,2020,TOYOTA,39.19821483,-77.2451645,Corolla_Toyota,14,2025,9,15,14,Monday,2025-09-15,38
1174,MCP3397001G,250040790,Montgomery_County_Police,Property Damage Crash,2025-09-11 08:51:00,County_Route,RUATAN ST,QUEBEC ST,Sideswipe (Same Direction),Weather Related,Cloudy,Dry,Daylight,Stop Sign,None Detected,C994893C-4F36-4402-8414-54BBE499FFEB,MD,5B2E3F2A-7948-410D-B76D-CDF921AECD9A,Five O Clock,SchoolBus,MakingRightTurn,East,20.0,No,No,2020,CHEVROLET,38.998974,-76.98926517,Silverado_Chevrolet,8,2025,9,11,8,Thursday,2025-09-11,37
1175,MCP3201008B,250041431,Montgomery_County_Police,Injury Crash,2025-09-15 12:20:00,Maryland_State_Route,GREAT SENECA HWY,CLOPPERS MILL DR,Angle Collision,Traffic Control Violation,Clear,Dry,Daylight,Traffic Signal,None Detected,96914046-01C1-4680-AFCA-000CABA5EC5A,MD,ABD4E302-971A-4B15-A246-DC96341B3583,Twelve O Clock,SportUtilityVehicle,Accelerating,Southbound,45.0,No,No,2022,TESLA,39.14867996,-77.27636663,Model Y_Tesla,12,2025,9,15,12,Monday,2025-09-15,38
1176,MCP3408001W,250041127,Montgomery_County_Police,Injury Crash,2025-09-13 10:19:00,County_Route,13TH ST,WEST SIDE DR,Single Vehicle,Right-of-Way Violation,Clear,Dry,Daylight,Traffic Signal,None Detected,4A478A95-3D71-4D06-A23F-B0FA73BA0414,MD,9198AB88-6443-4F00-BE56-DAD31B4E3CF4,One O Clock,PassengerCar,MakingRightTurn,Westbound,30.0,No,No,2019,SUBARU,38.98736426,-77.02679136,Crosstrek_Subaru,10,2025,9,13,10,Saturday,2025-09-13,37
1177,MCP3068006K,250040039,Montgomery_County_Police,Property Damage Crash,2025-09-06 17:18:00,Spur_Route,GEORGIA AVE,MONTGOMERY LA,Rear-End (Same Direction),Weather Related,Rain,Wet,Daylight,Traffic Signal,Suspect Alcohol Only,24EC5E1A-CC82-4C35-B13A-7170F7672381,MD,C8AF9558-7BCB-49C5-9754-0BF61F70832A,Twelve O Clock,SportUtilityVehicle,MovingConstantSpeed,East,25.0,No,No,2021,JEEP,38.98358483,-77.09446183,Cherokee_Jeep,17,2025,9,6,17,Saturday,2025-09-06,36
1178,MCP003600JH,250041296,Montgomery_County_Police,Property Damage Crash,2025-09-14 14:15:00,County_Route,ROCKVILLE PIKE,OSAGE ST,Sideswipe (Same Direction),Driver Inattention,Clear,Dry,Daylight,Traffic Signal,None Detected,4B8CD720-6735-44EF-8BCF-5F614F81863A,MD,A971E73E-39CB-4D92-847D-F1018127C16B,One O Clock,PassengerCar,SlowingOrStopping,Northbound,2.5,No,No,1993,LINCOLN,39.05300399,-77.04437068,Continental_Lincoln,14,2025,9,14,14,Sunday,2025-09-14,37
1179,MCP2291008Z,250041311,Montgomery_County_Police,Property Damage Crash,2025-09-14 15:50:00,County_Route,BELLS MILL RD,FALLS RD,Angle Collision,Right-of-Way Violation,Clear,Dry,Daylight,Traffic Signal,None Detected,7EE6609A-DAD9-4A52-8849-B0AFB4994D2C,MD,8D409D2F-0531-4625-9359-26E2EA3E0D1B,Twelve O Clock,PassengerCar,MovingConstantSpeed,North,35.0,No,No,2023,HYUNDAI,39.03539133,-77.19449183,Elantra_Hyundai,15,2025,9,14,15,Sunday,2025-09-14,37
1181,MCP33950045,250039759,Montgomery_County_Police,Property Damage Crash,2025-09-05 08:37:00,County_Route,POOKS HILL RD,MIMOSA LA,Sideswipe (Same Direction),Lane Violation,Clear,Dry,Daylight,No Control,None Detected,9F7E42D5-E79A-4822-9DBA-0FF6DD5C3045,MD,318D8C02-0B25-468D-82F7-AACB45BAD147,Eleven O Clock,Van - Passenger (&lt;9 Seats),MovingConstantSpeed,Unknown,25.0,No,No,2019,HONDA,39.01503783,-77.10079,Odyssey_Honda,8,2025,9,5,8,Friday,2025-09-05,36
1182,MCP2710004K,250040324,Montgomery_County_Police,Property Damage Crash,2025-09-08 16:30:00,County_Route,MASON ST,GEORGIA AVE,Rear-End (Same Direction),Tailgating,Clear,Dry,Daylight,No Control,None Detected,8B9482D7-4AF5-4B1C-9CED-595CE58A89C7,MD,AA982236-9173-4C7E-8289-C2B7F7A93598,Six O Clock,PassengerCar,SlowingOrStopping,Southbound,35.0,No,No,2016,JEEP,39.05514669,-77.05019001,Compass_Jeep,16,2025,9,8,16,Monday,2025-09-08,37
1183,MCP2761007B,250041147,Montgomery_County_Police,Injury Crash,2025-09-13 13:25:00,County_Route,OBSERVATION DR (SB/L),RIDGE RD (NB/L),Rear-End (Same Direction),Tailgating,Clear,Dry,Daylight,Traffic Signal,None Detected,C9BE019C-BDC5-414F-B86F-B46716876499,MD,1927A959-F33F-4A50-B9ED-D2BF9443C2D2,Twelve O Clock,PassengerCar,MovingConstantSpeed,Northbound,45.0,No,No,2009,HYUNDAI,39.20177383,-77.25332188,Elantra_Hyundai,13,2025,9,13,13,Saturday,2025-09-13,37
1185,MCP3289004D,250040628,Montgomery_County_Police,Injury Crash,2025-09-13 10:35:00,Bicycle_Route,ROCKVILLE PIKE,RAMP 6 FR IS 495 EB TO MD 97 SB,Rear-End (Same Direction),Congestion / Backup,Clear,Dry,Daylight,Traffic Signal,None Detected,0B896D35-4909-4B8F-AD4F-9D5F63CFAF51,MD,57CBC339-5AC7-4567-8ABF-CEFADDF0CC82,Six O Clock,PassengerCar,SlowingOrStopping,North,25.0,No,No,2023,HONDA,39.01250221,-77.0423606,Civic_Honda,10,2025,9,13,10,Saturday,2025-09-13,37