Unnamed: 0,Report Number,Local Case Number,Agency Name,ACRS Report Type,Crash Date/Time,Route Type,Road Name,Cross-Street Name,Collision Type,Circumstance_Category,Weather,Surface Condition,Light,Traffic Control,Driver Substance Abuse,Person ID,Drivers License State,Vehicle ID,Vehicle First Impact Location,Vehicle Body Type,Vehicle Movement,Vehicle Going Dir,Speed Limit,Driverless Vehicle,Parked Vehicle,Vehicle Year,Vehicle Make,Latitude,Longitude,Vehicle Model,hour,Crash_year,Crash_month,Crash_day,Crash_hour,Crash_day_name,Crash_date,Crash_week
1186,MCP203900D0,250040737,Montgomery_County_Police,Injury Crash,2025-09-10 18:59:00,Maryland_State_Route,CONNECTICUT AVE,GEORGIA AVE,Rear-End (Same Direction),Tailgating,Cloudy,Dry,Daylight,Traffic Signal,None Detected,B3F5C372-2A48-4BF3-8373-EC0631F19F76,VA,E9A52F61-B278-4AD9-AAC0-C16646F36645,Twelve O Clock,SportUtilityVehicle,StoppedInTrafficLane,Northbound,35.0,No,No,2014,HONDA,39.05615148,-77.07371628,CR-V_Honda,18,2025,9,10,18,Wednesday,2025-09-10,37
1187,EJ78990025,250040500,Gaithersburg_Police_Department,Property Damage Crash,2025-09-09 15:32:00,Municipality_Route,PAVILION DR,LONGDRAFT RD,Angle Collision,Road Obstruction,Clear,Dry,Daylight,No Control,None Detected,8FF2526B-C4F8-4C6F-82BE-C6FDB0D9E883,MD,043C4AA2-2D84-450F-9644-00B3360D8C43,Twelve O Clock,PassengerCar,MovingConstantSpeed,West,35.0,No,No,2016,DODGE,39.136359,-77.24353367,Durango_Dodge,15,2025,9,9,15,Tuesday,2025-09-09,37
1188,MCP33470034,250040503,Montgomery_County_Police,Injury Crash,2025-09-09 15:00:00,County_Route,MARINELLI RD (EB/L),ROCKVILLE PIKE (SB/L),Single Vehicle,Right-of-Way Violation,Clear,Dry,Daylight,Traffic Signal,None Detected,67C78E4C-FDD3-467B-9DEA-02A08F394A14,MD,6518975E-6A8D-447E-B499-8078C77F1488,Twelve O Clock,PassengerCar,MakingRightTurn,Southbound,35.0,No,No,2016,TOYOTA,39.04702869,-77.11287836,Prius_Toyota,15,2025,9,9,15,Tuesday,2025-09-09,37
1189,MCP2968005Z,25004951,Montgomery_County_Police,Property Damage Crash,2025-09-12 08:55:00,Municipality_Route,PICCARD DR,W GUDE DR (WB/L),Rear-End (Same Direction),Road Obstruction,Clear,Dry,Daylight,Traffic Signal,None Detected,FD5DF4DD-A825-417E-9498-D1A78C6E9D75,MD,C01763B5-5137-42D5-AEE0-ED584759301E,Six O Clock,PassengerCar,SlowingOrStopping,North,35.0,No,No,2019,HYUNDAI,39.10199867,-77.17729167,Elantra_Hyundai,8,2025,9,12,8,Friday,2025-09-12,37
1190,MCP3426002J,250041039,Montgomery_County_Police,Property Damage Crash,2025-09-12 17:10:00,County_Route,WOODFIELD RD,STEWART LA,Rear-End (Same Direction),Tailgating,Clear,Dry,Daylight,No Control,None Detected,C0095B74-710B-42C8-A137-FB6830834371,MD,FF7A3157-EA7C-4545-A181-BBD2655E0D85,Six O Clock,PassengerCar,MovingConstantSpeed,Northbound,35.0,No,No,2021,SUBARU,39.03085515,-77.16155193,Crosstrek_Subaru,17,2025,9,12,17,Friday,2025-09-12,37
1191,MCP31270057,250041520,Montgomery_County_Police,Property Damage Crash,2025-09-15 18:07:00,Maryland_State_Route,RANDOLPH RD,HAWLINGS RD,Sideswipe (Same Direction),Lane Violation,Clear,Dry,Daylight,Traffic Signal,None Detected,AC08E7F5-D476-41DB-B882-2803918F1FB2,VA,FD611256-D4B1-4BED-9CAF-25B1CDBD5F61,Seven O Clock,TransitBus,StoppedInTrafficLane,Westbound,35.0,No,No,2022,AUDI,38.98802992,-77.07639969,A4_Audi,18,2025,9,15,18,Monday,2025-09-15,38
1193,MCP28250028,250040618,Montgomery_County_Police,Property Damage Crash,2025-09-10 09:37:00,County_Route,RICHTER FARM RD (EB/L),GERMANTOWN RD,Head-On,Right-of-Way Violation,Rain,Wet,Daylight,Traffic Signal,None Detected,2E14ED5B-078F-495A-B996-812DE6A9D9F0,DC,A2644485-7661-4EB9-90EF-C4E049DA05BB,Eleven O Clock,SportUtilityVehicle,MakingLeftTurn,Southbound,35.0,No,No,2019,CHEVROLET,39.15414967,-77.28740733,Equinox_Chevrolet,9,2025,9,10,9,Wednesday,2025-09-10,37
1194,MCP32880038,250041541,Montgomery_County_Police,Property Damage Crash,2025-09-15 21:21:00,County_Route,GOSHEN RD,GUNNERS BRANCH RD,Rear-End (Same Direction),Tailgating,Clear,Dry,Dark - Lighted,Traffic Signal,None Detected,9CECFDA6-C431-4000-B0C6-52696D211506,MD,DC81B830-C035-416E-933E-664CA094955B,Six O Clock,PickupTruck,StoppedInTrafficLane,Northbound,35.0,No,No,2018,FORD,39.15763567,-77.19189617,F-150_Ford,21,2025,9,15,21,Monday,2025-09-15,38
1195,DD561500JW,250041489,Rockville_Police_Department,Property Damage Crash,2025-09-15 16:15:00,Maryland_State_Route,BALTIMORE RD,REEDIE DR,Rear-End (Same Direction),Tailgating,Clear,Dry,Daylight,No Control,None Detected,EA7D223D-209E-49D5-AADC-904135654CC3,MD,95A87CC9-3415-4768-A011-EBA43DBCC55B,Twelve O Clock,PassengerCar,MovingConstantSpeed,Westbound,25.0,No,No,2009,VOLKSWAGEN,39.08469883,-77.16140082,Jetta_Volkswagen,16,2025,9,15,16,Monday,2025-09-15,38
1196,MCP32620065,250040514,Montgomery_County_Police,Property Damage Crash,2025-09-09 16:30:00,County_Route,FAIRLAND RD,OCTAGON LA,Sideswipe (Opposite Direction),Lane Violation,Clear,Dry,Daylight,Traffic Signal,None Detected,266244AB-0605-42C2-9DCB-65BDFD759E34,MD,A2C9A59A-DCC9-4D6D-925E-B6D8373895A2,Twelve O Clock,PassengerCar,MakingLeftTurn,Eastbound,40.0,No,No,2015,HONDA,39.07556133,-76.99402533,CR-V_Honda,16,2025,9,9,16,Tuesday,2025-09-09,37
1197,MCP2782005K,250041301,Montgomery_County_Police,Property Damage Crash,2025-09-14 14:29:00,Maryland_State_Route,OLNEY LAYTONSVILLE RD,LAUREL HILL WAY,Sideswipe (Same Direction),Lane Violation,Clear,Dry,Daylight,No Control,None Detected,41410E4B-5CA1-49F0-B041-2C7295BE095B,MD,0C36DFDB-E1F6-436E-9654-04F0FE12B0F4,Nine O Clock,PassengerCar,ChangingLanes,Eastbound,30.0,No,No,2022,KIA,39.15361292,-77.06783863,Niro_Kia,14,2025,9,14,14,Sunday,2025-09-14,37
1198,MCP2356004W,250040887,Montgomery_County_Police,Property Damage Crash,2025-09-11 16:44:00,County_Route,REDLAND RD (NB/L),GENTRY RIDGE CT,Rear-End (Same Direction),Speed Related,Clear,Dry,Daylight,Warning Sign,None Detected,D011B79B-239E-45D1-B0BD-71BE8DB885CF,MD,0D0E487D-0180-4D0D-9B65-F4588F581DD3,Six O Clock,PassengerCar,SlowingOrStopping,Southbound,35.0,No,No,2015,HYUNDAI,39.12069551,-77.15886845,Santa Fe_Hyundai,16,2025,9,11,16,Thursday,2025-09-11,37
1199,MCP156300BY,250041410,Montgomery_County_Police,Property Damage Crash,2025-09-15 10:26:00,Maryland_State_Route,BRADLEY BLVD,GOLDSBORO RD,Rear-End (Same Direction),Tailgating,Clear,Dry,Daylight,No Control,None Detected,F96C1BEF-3A18-466C-8908-2090B5232B48,MD,D71F9521-9EC1-4B8C-9605-2205F80FB313,Twelve O Clock,StationWagon,SlowingOrStopping,Southbound,35.0,No,No,2013,SUBARU,39.0006695,-77.13226733,Outback_Subaru,10,2025,9,15,10,Monday,2025-09-15,38
1200,MCP3074006N,250040531,Montgomery_County_Police,Property Damage Crash,2025-09-09 16:55:00,Maryland_State_Route,REDLAND RD,DRUMM AVE,Back-to-Back,Backing Error,Clear,Dry,Daylight,No Control,None Detected,E89AE696-E2B3-4353-8B44-65416FA9BD73,PA,41E766C9-1A05-4567-80CB-AE4938FE7A56,VehicleNotAtScene,PassengerCar,Backing,Westbound,2.5,No,No,2024,KIA,39.00790422,-77.04034081,Niro_Kia,16,2025,9,9,16,Tuesday,2025-09-09,37
1201,MCP9442004G,250040602,Montgomery_County_Police,Property Damage Crash,2025-09-10 07:51:00,Bicycle_Route,EISENHOWER MEMORIAL HWY,S FREDERICK RD,Sideswipe (Same Direction),Lane Violation,Rain,Wet,Daylight,No Control,None Detected,D0CD75EA-3F8A-4135-80BC-E1820B13B0D3,MD,5D94CFB8-3B36-4B0A-A782-ECEFFC3E6923,Twelve O Clock,SingleUnitTruck,MovingConstantSpeed,Northbound,35.0,No,No,2006,FORD,39.18606683,-77.21336867,F-150_Ford,7,2025,9,10,7,Wednesday,2025-09-10,37
1202,DD5652005R,250041158,Rockville_Police_Department,Property Damage Crash,2025-09-13 15:06:00,Maryland_State_Route,VEIRS MILL RD,LAMBERTON DR,Angle Collision,Right-of-Way Violation,Clear,Dry,Daylight,No Control,None Detected,1EBA5514-AE49-40CB-85BD-6E4FBAD6087E,MD,7D94E6D3-F5B1-45CB-8C3C-56821FB3EB88,Twelve O Clock,PassengerCar,MakingLeftTurn,Westbound,35.0,No,No,2023,FORD,39.07428483,-77.11401583,Bronco Sport_Ford,15,2025,9,13,15,Saturday,2025-09-13,37
1203,MCP33950046,250039833,Montgomery_County_Police,Injury Crash,2025-09-05 14:06:00,County_Route,WOODMONT AVE,HOMECREST RD,Sideswipe (Same Direction),Driver Inattention,Clear,Dry,Daylight,No Control,None Detected,53882446-6441-4682-98BF-28BA1633880B,MD,B695EC61-80CD-4F59-AE6C-8834128D910C,One O Clock,SportUtilityVehicle,SlowingOrStopping,Southbound,15.0,No,No,2004,INFINITI,38.98153883,-77.09569933,QX50_Infiniti,14,2025,9,5,14,Friday,2025-09-05,36
1204,DM8490003K,250039370,Takoma_Park_Police_Department,Property Damage Crash,2025-09-02 21:39:00,Maryland_State_Route,NEW HAMPSHIRE AVE,MERWOOD DR,Sideswipe (Opposite Direction),Weather Related,Clear,Dry,Dark - Lighted,Traffic Signal,None Detected,D041F9D8-CBFE-495D-9F10-01A728F046C3,MD,6DB6A27E-1B9F-4605-AE44-0170E48B2043,Ten O Clock,PassengerCar,StoppedInTrafficLane,Unknown,2.5,No,No,2016,TOYOTA,38.98329632,-76.98824742,RAV4_Toyota,21,2025,9,2,21,Tuesday,2025-09-02,36
1205,MCP31270055,250041332,Montgomery_County_Police,Property Damage Crash,2025-09-14 19:15:00,County_Route,W CEDAR LA,MAPLE AVE,Rear-End (Same Direction),Tailgating,Clear,Dry,Dark - Not Lighted,Traffic Signal,None Detected,057BD484-B39B-4523-8A50-A234B7AB29C4,MD,E01D8C4D-EF1D-4D89-832B-E9D3500BAFFC,Twelve O Clock,PickupTruck,MovingConstantSpeed,Westbound,30.0,No,No,2018,FORD,39.00455421,-77.10995751,F-150_Ford,19,2025,9,14,19,Sunday,2025-09-14,37
1206,MCP3074006N,250040531,Montgomery_County_Police,Property Damage Crash,2025-09-09 16:55:00,County_Route,GEORGIA AVE,GOSHEN RD,Back-to-Back,Road Obstruction,Clear,Dry,Daylight,No Control,None Detected,D14C385F-C880-46C8-938D-AD6678786CC1,MD,41D85148-4EB3-4115-A876-1226581DD159,Six O Clock,PassengerCar,Parked,West,2.5,No,Yes,2021,HYUNDAI,39.00790422,-77.04034081,Elantra_Hyundai,16,2025,9,9,16,Tuesday,2025-09-09,37
1207,MCP2786004Z,250041454,Montgomery_County_Police,Property Damage Crash,2025-09-15 14:22:00,County_Route,SHAKESPEARE BLVD (WB/L),FREDERICK RD (SB/L),Angle Collision,Traffic Control Violation,Clear,Dry,Daylight,Traffic Signal,None Detected,E2E9628F-ACAD-4545-A279-258A398BB5C7,MD,C7E6F77D-47BB-4358-BD80-34E91440A108,Twelve O Clock,PassengerCar,MovingConstantSpeed,Southbound,45.0,No,No,2019,TOYOTA,39.19821483,-77.2451645,Camry_Toyota,14,2025,9,15,14,Monday,2025-09-15,38
1208,MCP3374003K,250041565,Montgomery_County_Police,Property Damage Crash,2025-09-16 07:23:00,Maryland_State_Route,ROCKVILLE PIKE (SB/L),BURNT MILLS AVE,Rear-End (Same Direction),Tailgating,Clear,Dry,Daylight,No Control,None Detected,C74AB01D-9E4B-4568-8143-51F90CEB7D84,MD,55D46C4C-972A-4803-98B5-AD4151B40A91,Six O Clock,PassengerCar,SlowingOrStopping,Southbound,35.0,No,No,2010,MAZDA,39.02197183,-77.103003,Mazda3_Mazda,7,2025,9,16,7,Tuesday,2025-09-16,38
1209,MCP2940008D,250040133,Montgomery_County_Police,Property Damage Crash,2025-09-07 13:10:00,Maryland_State_Route,ROCKVILLE PIKE (SB/L),DALE DR,Rear-End (Same Direction),Tailgating,Clear,Dry,Daylight,No Control,None Detected,6761BD09-05F1-4D61-8B50-D789D21E479E,MD,0850D5DE-E29C-47E5-9CE7-33832329329C,VehicleNotAtScene,PassengerCar,SlowingOrStopping,Southbound,35.0,No,No,2016,NISSAN,39.04873306,-77.11395015,Altima_Nissan,13,2025,9,7,13,Sunday,2025-09-07,36
1210,MCP3085006G,250040742,Montgomery_County_Police,Property Damage Crash,2025-09-10 19:16:00,Maryland_State_Route,CONNECTICUT AVE,ROCKVILLE PIKE,Sideswipe (Same Direction),Lane Violation,Clear,Dry,Daylight,No Control,None Detected,377C417E-1F7F-4D28-8A80-963DE43395DA,MD,5EEBB6FA-F880-4A83-9E8B-52DCB913E2FC,Eleven O Clock,PassengerCar,MovingConstantSpeed,Northbound,35.0,No,No,2019,TOYOTA,39.00548637,-77.07799187,Tacoma_Toyota,19,2025,9,10,19,Wednesday,2025-09-10,37
1211,MCP203900D0,250040737,Montgomery_County_Police,Injury Crash,2025-09-10 18:59:00,Maryland_State_Route,CONNECTICUT AVE,OLDE TOWNE AVE,Rear-End (Same Direction),Tailgating,Cloudy,Dry,Daylight,Traffic Signal,None Detected,42A99B3C-6E7C-454A-B3BF-AD19E48922B4,MD,9B876BDF-FA3C-4477-B002-CCDDC360E31F,Twelve O Clock,PassengerCar,StoppedInTrafficLane,Northbound,35.0,No,No,2013,VOLKSWAGEN,39.05615148,-77.07371628,Passat_Volkswagen,18,2025,9,10,18,Wednesday,2025-09-10,37
1212,MCP3392002K,250040775,Montgomery_County_Police,Injury Crash,2025-09-11 06:45:00,Maryland_State_Route,VEIRS MILL RD,WOODFIELD RD,Rear-End (Same Direction),Weather Related,Cloudy,Wet,Daylight,No Control,None Detected,F1D1452F-DA8B-4318-9983-7B3BDC9388DF,MD,13028C03-25B1-4FCD-A431-78E14A1461EB,Six O Clock,TransitBus,StoppedInTrafficLane,Eastbound,35.0,No,No,2020,NISSAN,39.04268838,-77.06074341,Sentra_Nissan,6,2025,9,11,6,Thursday,2025-09-11,37
1213,MCP3290004G,250040940,Montgomery_County_Police,Property Damage Crash,2025-09-12 06:53:00,County_Route,LANSDOWNE WAY,MUSGROVE RD,Sideswipe (Same Direction),Lane Violation,Clear,Dry,Daylight,No Control,None Detected,578AAC8C-813F-46E7-A104-A1828D7F296B,MD,47E01CFD-D57D-49E4-94E3-9EEA7AB8A843,Two O Clock,SchoolBus,MovingConstantSpeed,Westbound,25.0,No,No,2020,TOYOTA,39.01263244,-77.03950586,Corolla_Toyota,6,2025,9,12,6,Friday,2025-09-12,37
1214,MCP3280007D,250040127,Montgomery_County_Police,Property Damage Crash,2025-09-04 09:45:00,County_Route,MONTGOMERY VILLAGE AVE,GEORGIA AVE,Angle Collision,Mechanical / Environmental,Clear,Wet,Daylight,Yield Sign,None Detected,9620FA9C-C48D-435B-B267-0B98E0FC3966,MD,784E3976-D6AD-42B5-AF8A-424E6684FC1C,Three O Clock,PassengerCar,Passing,Not On Roadway,2.5,No,No,2004,TOYOTA,39.04084411,-76.9901212,Sequoia_Toyota,9,2025,9,4,9,Thursday,2025-09-04,36
1215,MCP242500JH,250040945,Montgomery_County_Police,Property Damage Crash,2025-09-12 08:29:00,Maryland_State_Route,RANDOLPH RD,BELVEDERE BLVD,Rear vs Side,Backing Error,Clear,Wet,Daylight,Other,None Detected,6AB9F634-0F83-4CA2-81B9-482D877B2E6E,MD,6CD6FCD0-DDD3-4FBA-924D-09FC3F178ADB,Six O Clock,SportUtilityVehicle,Backing,Unknown,2.5,No,No,2021,BMW,39.14264996,-77.04569069,X5_BMW,8,2025,9,12,8,Friday,2025-09-12,37
1216,MCP2770004K,250040612,Montgomery_County_Police,Property Damage Crash,2025-09-10 08:15:00,County_Route,OLDE MILL RUN,RAYMOND ST,Angle Collision,Weather Related,Rain,Wet,Daylight,No Control,None Detected,8435A237-189A-4261-9E5D-72E3B16274AF,MD,D66E614F-E865-484E-90E7-CE13E440216B,Seven O Clock,PickupTruck,Parked,South,15.0,No,Yes,2014,FORD,39.13491667,-77.135065,F-150_Ford,8,2025,9,10,8,Wednesday,2025-09-10,37
1217,MCP33950045,250039759,Montgomery_County_Police,Property Damage Crash,2025-09-05 08:37:00,County_Route,POOKS HILL RD,KIRKLYNN AVE,Sideswipe (Same Direction),Surface Condition,Clear,Dry,Daylight,No Control,None Detected,7C52FF0D-6E40-4D45-9E78-2A6AF0691C9F,MD,10966564-3B69-48C0-BEC5-693F0BC80807,Five O Clock,Other,StoppedInTrafficLane,Unknown,25.0,No,No,2018,BMW,39.01503783,-77.10079,M2_BMW,8,2025,9,5,8,Friday,2025-09-05,36
1218,MCP3085006G,250040742,Montgomery_County_Police,Property Damage Crash,2025-09-10 19:16:00,Maryland_State_Route,CONNECTICUT AVE,CONTINENTAL DR,Sideswipe (Same Direction),Lane Violation,Clear,Dry,Daylight,No Control,None Detected,6DD1C605-C578-4006-87E8-EC35A70B4E27,MD,C9D7E104-B119-4B93-9798-159C90E657BC,VehicleNotAtScene,TransitBus,ChangingLanes,Northbound,35.0,No,No,2023,HONDA,39.00548637,-77.07799187,Civic_Honda,19,2025,9,10,19,Wednesday,2025-09-10,37
1219,MCP3313002T,250041113,Montgomery_County_Police,Property Damage Crash,2025-09-13 05:31:00,Maryland_State_Route,NORBECK RD (WB/L),GEORGIA AVE,Rear vs Side,Driver Inattention,Clear,Dry,Dark - Lighted,Traffic Signal,None Detected,5BAD1865-B10A-4636-931F-9C6D35A1F5FE,MD,B5B395FA-7D01-49F0-A895-F25CC549E7DB,Eight O Clock,PassengerCar,MakingLeftTurn,Westbound,45.0,No,No,2022,TOYOTA,39.10949845,-77.07578837,Corolla_Toyota,5,2025,9,13,5,Saturday,2025-09-13,37
1220,MCP3428000Q,250039580,Montgomery_County_Police,Injury Crash,2025-09-04 04:46:00,Maryland_State_Route,GOLDSBORO RD (SB/L),RIVER RD (WB/L),Angle Collision,Right-of-Way Violation,Clear,Dry,Dark - Lighted,Flashing Traffic Signal,None Detected,38F81BAD-D7BE-486A-96EE-70CF7E6051A0,MD,78074A85-2A0C-4F0D-AE9A-029F61799E7C,One O Clock,PassengerCar,MovingConstantSpeed,Eastbound,30.0,No,No,2011,VOLKSWAGEN,38.97312688,-77.12202661,Jetta_Volkswagen,4,2025,9,4,4,Thursday,2025-09-04,36
1221,DD5669001D,250041233,Rockville_Police_Department,Property Damage Crash,2025-09-14 01:44:00,Municipality_Route,LINCOLN AVE,WISCONSIN AVE,Sideswipe (Same Direction),Driver Inattention,Clear,Dry,Dark - Lighted,No Control,None Detected,8D148991-7344-4677-BAEA-705440BA5218,MD,78C8FDB9-71C4-4305-AF06-F66AC2473724,One O Clock,PassengerCar,MovingConstantSpeed,Eastbound,35.0,No,No,2010,HONDA,39.0921553,-77.1453458,Civic_Honda,1,2025,9,14,1,Sunday,2025-09-14,37
1222,MCP3074006Q,250040580,Montgomery_County_Police,Injury Crash,2025-09-09 21:17:00,County_Route,FOREST GLEN RD (WB/L),FOREST GLEN RD (WB/L) GEORGIA AVE,Head-On,Surface Condition,Clear,Dry,Dark - Lighted,Traffic Signal,None Detected,F032C03D-D2C7-45E5-AB6F-02DCA2C0E56F,MD,39B3038E-EA41-4C96-A668-552869D870B7,Twelve O Clock,PassengerCar,MovingConstantSpeed,North,30.0,No,No,2012,HONDA,39.01568216,-77.04266897,Accord_Honda,21,2025,9,9,21,Tuesday,2025-09-09,37
1225,MCP3258005L,250040863,Montgomery_County_Police,Property Damage Crash,2025-09-11 15:16:00,County_Route,AMHERST AVE,NORBECK RD,Rear-End (Same Direction),Tailgating,Clear,Dry,Daylight,No Control,None Detected,E286ED09-DCA0-46F9-9C8F-5F212B705D92,VA,567D86B3-DFE9-4FC2-BEF7-EA788A6F0331,Twelve O Clock,TransitBus,MovingConstantSpeed,Northbound,15.0,No,No,2009,ACURA,39.04164224,-77.0480999,MDX_Acura,15,2025,9,11,15,Thursday,2025-09-11,37
1226,MCP2650001J,250040924,Montgomery_County_Police,Injury Crash,2025-09-11 21:14:00,Maryland_State_Route,RIVER RD (WB/L),BRIARBUSH LA,Rear-End (Same Direction),Tailgating,Clear,Other,Dark - Not Lighted,Traffic Signal,None Detected,ED9220E3-C17E-415E-9BBB-3D09C5D99DF8,VA,CDFBBAFA-DE34-4F71-A67A-81B7362F60E3,Twelve O Clock,PassengerCar,MovingConstantSpeed,Westbound,35.0,No,No,2013,NISSAN,38.98247883,-77.13664641,Altima_Nissan,21,2025,9,11,21,Thursday,2025-09-11,37
1227,MCP3374003J,250040640,Montgomery_County_Police,Property Damage Crash,2025-09-10 07:25:00,County_Route,INDIANOLA DR,GEORGIA AVE,Rear-End (Same Direction),Tailgating,Rain,Wet,Daylight,Traffic Signal,None Detected,CD57BA2E-9B27-4421-B329-470D24DCE311,MD,A0CF156C-A6B0-4248-BC7A-0C8E84726FC0,Six O Clock,PassengerCar,StoppedInTrafficLane,Westbound,30.0,No,No,2023,VOLKSWAGEN,39.11248468,-77.16161536,Jetta_Volkswagen,7,2025,9,10,7,Wednesday,2025-09-10,37
1228,MCP285900JN,250040952,Montgomery_County_Police,Property Damage Crash,2025-09-12 08:50:00,Municipality_Route,TWIN LAKES DR,SEVEN LOCKS RD,Rear-End (Same Direction),Tailgating,Clear,Dry,Daylight,Traffic Signal,None Detected,AC18C584-2092-474F-8A96-08B896F8B9C8,MD,8EB3DBA0-F40A-455F-900F-21ED3E47CCA2,Twelve O Clock,PassengerCar,SlowingOrStopping,Eastbound,40.0,No,No,2007,SUBARU,39.12902383,-77.23060255,Impreza_Subaru,8,2025,9,12,8,Friday,2025-09-12,37
1229,MCP31270055,250041332,Montgomery_County_Police,Property Damage Crash,2025-09-14 19:15:00,County_Route,W CEDAR LA,WARFIELD RD,Rear-End (Same Direction),Tailgating,Clear,Dry,Dark - Not Lighted,Traffic Signal,None Detected,2DA57EF7-CC87-4672-808A-FCC6EADE641A,MD,2C15A510-356D-4001-AF68-B7774C90448C,Six O Clock,SportUtilityVehicle,StoppedInTrafficLane,Westbound,30.0,No,No,2008,HONDA,39.00455421,-77.10995751,Civic_Honda,19,2025,9,14,19,Sunday,2025-09-14,37
1230,MCP2932009B,250039081,Montgomery_County_Police,Injury Crash,2025-09-01 03:55:00,US_State_Route,COLESVILLE RD (SB/L),SOUTHWOOD AVE,Rear vs Side,Speed Related,Clear,Dry,Dark - Lighted,Traffic Signal,None Detected,0BC846C2-BF35-420F-9B77-1BBF2F43743F,MD,20D29A40-1C02-4009-AE5B-4CECE9870F0A,Twelve O Clock,PassengerCar,MovingConstantSpeed,Southbound,40.0,No,No,2006,TOYOTA,39.02598083,-77.01103233,Corolla_Toyota,3,2025,9,1,3,Monday,2025-09-01,36
1231,MCP2203009V,250040605,Montgomery_County_Police,Injury Crash,2025-09-10 08:30:00,County_Route,GAIL ST,VEIRS MILL RD (WB/L),Angle Collision,Weather Related,Rain,Wet,Daylight,No Control,None Detected,51E3ACA5-D0B6-4B4F-A014-417971ED7FE3,MD,0B537CDE-35BD-4062-AA0D-DC4502F0077C,Four O Clock,PassengerCar,MakingLeftTurn,South,35.0,No,No,2012,TOYOTA,39.0494345,-77.0707445,Camry_Toyota,8,2025,9,10,8,Wednesday,2025-09-10,37
1232,MCP33520034,250041183,Montgomery_County_Police,Injury Crash,2025-09-13 17:40:00,County_Route,GEORGIA AVE,KIRKLYNN AVE,Single Vehicle,Driver Inattention,Clear,Dry,Daylight,No Control,None Detected,D68A3101-391F-4FEF-A48C-67334315A9D9,MD,4D7483B1-B17B-4D46-825B-0810AADF9CE7,Twelve O Clock,PassengerCar,NegotiatingCurve,Northbound,25.0,No,No,2025,FORD,39.12834335,-77.11277147,Mustang_Ford,17,2025,9,13,17,Saturday,2025-09-13,37
1233,MCP2678005X,250040604,Montgomery_County_Police,Injury Crash,2025-09-10 08:14:00,Maryland_State_Route,GEORGIA AVE (SB/L),PRICE AVE,Rear-End (Same Direction),Lane Violation,Rain,Wet,Daylight,No Control,None Detected,24479D97-191D-4FB1-A805-F4F42B1E0C23,MD,7ECF2E8E-D2EF-4746-9A61-D05CF9022D0F,Six O Clock,SportUtilityVehicle,MovingConstantSpeed,Southbound,25.0,No,No,2025,TOYOTA,39.040108,-77.0512982,Corolla Cross_Toyota,8,2025,9,10,8,Wednesday,2025-09-10,37
1234,MCP3292002X,250040767,Montgomery_County_Police,Property Damage Crash,2025-09-11 03:25:00,Interstate_Route,NO NAME (WB/L),CONNECTICUT AVE,Single Vehicle,Speed Related,Clear,Wet,Dark - Not Lighted,No Control,None Detected,CCDD0292-5F27-4D63-99A2-1ED62934EF22,MD,CBD33DC9-D7AB-4A34-BE7A-4ADC4513891C,Eleven O Clock,PassengerCar,NegotiatingCurve,Westbound,55.0,No,No,2020,TOYOTA,39.12160837,-77.18020343,Corolla_Toyota,3,2025,9,11,3,Thursday,2025-09-11,37
1235,MCP3358003M,250041146,Montgomery_County_Police,Injury Crash,2025-09-13 13:21:00,Maryland_State_Route,BRADLEY BLVD (SB/L),INDUSTRIAL PKWY,Sideswipe (Same Direction),Lane Violation,Clear,Dry,Daylight,No Control,None Detected,924D2B63-B472-4137-8C21-2F62E1D579E7,VA,65501110-9D45-43BE-8EFE-C7202EDD3D9B,Eight O Clock,PassengerCar,MovingConstantSpeed,Westbound,35.0,No,No,2022,NISSAN,38.97827821,-77.09389049,Versa_Nissan,13,2025,9,13,13,Saturday,2025-09-13,37
1236,DD5668001X,250041720,Rockville_Police_Department,Property Damage Crash,2025-09-16 19:52:00,Municipality_Route,BALTIMORE RD,LE VELLE DR,Rear-End (Same Direction),Speed Related,Rain,Wet,Dark - Not Lighted,No Control,None Detected,83368B60-4419-4F66-A9F3-0E2512D30F21,MD,A15F014E-C7E3-4FB2-9D6C-F2DD73032988,One O Clock,PassengerCar,MovingConstantSpeed,Eastbound,25.0,No,No,2022,HONDA,39.08339961,-77.14241974,CR-V_Honda,19,2025,9,16,19,Tuesday,2025-09-16,38
1237,MCP3074006S,250041704,Montgomery_County_Police,Injury Crash,2025-09-16 17:39:00,Maryland_State_Route,GEORGIA AVE,GRACE CHURCH RD,Angle Collision,Weather Related,Rain,Wet,Daylight,No Control,None Detected,30453032-6570-492E-BB70-B39AD3CCDE13,MD,826CDF75-B6B9-4F1D-A365-04ACD2B5210E,One O Clock,PassengerCar,MakingLeftTurn,Unknown,30.0,No,No,2023,FORD,39.00517799,-77.03794828,Transit_Ford,17,2025,9,16,17,Tuesday,2025-09-16,38
1238,MCP3423002B,250041275,Montgomery_County_Police,Property Damage Crash,2025-09-07 20:19:00,Maryland_State_Route,NEW HAMPSHIRE AVE,LOCKWOOD DR,Head-On,Road Obstruction,Clear,Dry,Dark - Unknown Lighting,Traffic Signal,None Detected,1F3D6DE6-0E26-4892-AE6C-937EFE5D4893,MD,19D9B95B-0DDE-49CF-B69C-2C221E42F5BD,Six O Clock,PassengerCar,StoppedInTrafficLane,North,35.0,No,No,2014,TOYOTA,39.03971708,-76.99051448,Corolla_Toyota,20,2025,9,7,20,Sunday,2025-09-07,36