Unnamed: 0,Report Number,Local Case Number,Agency Name,ACRS Report Type,Crash Date/Time,Route Type,Road Name,Cross-Street Name,Collision Type,Circumstance_Category,Weather,Surface Condition,Light,Traffic Control,Driver Substance Abuse,Person ID,Drivers License State,Vehicle ID,Vehicle First Impact Location,Vehicle Body Type,Vehicle Movement,Vehicle Going Dir,Speed Limit,Driverless Vehicle,Parked Vehicle,Vehicle Year,Vehicle Make,Latitude,Longitude,Vehicle Model,hour,Crash_year,Crash_month,Crash_day,Crash_hour,Crash_day_name,Crash_date,Crash_week
1239,DD56710018,250040731,Rockville_Police_Department,Injury Crash,2025-09-10 18:34:00,Maryland_State_Route,ROCKVILLE PIKE,RAMP 6 FR IS 495 EB TO MD 650 SB,Angle Collision,Congestion / Backup,Clear,Dry,Daylight,No Control,None Detected,C7A5BC5B-3B0B-4395-9954-884727DF6A18,MD,ED859AB4-8D3E-4C31-8077-017587BCA30D,One O Clock,PassengerCar,SlowingOrStopping,Northbound,45.0,No,No,2010,BMW,39.07666392,-77.13863446,3 Series_BMW,18,2025,9,10,18,Wednesday,2025-09-10,37
1240,MCP3009008Z,250039792,Montgomery_County_Police,Property Damage Crash,2025-09-05 11:45:00,Maryland_State_Route,GERMANTOWN RD,FREDERICK RD GERMANTOWN RD,Angle Collision,Traffic Control Violation,Clear,Dry,Daylight,Traffic Signal,None Detected,07435CC8-D27B-420F-9623-E1720AF9E9AD,MD,DC4DA6F5-B628-4AFB-8572-465FB87003BF,Four O Clock,PassengerCar,MovingConstantSpeed,Eastbound,45.0,No,No,2017,NISSAN,39.1921376,-77.24248179,Versa_Nissan,11,2025,9,5,11,Friday,2025-09-05,36
1241,MCP33890019,250262413,Montgomery_County_Police,Injury Crash,2025-09-04 12:33:00,County_Route,DALE DR,QUEEN ANNES DR,Rear vs Side,Right-of-Way Violation,Clear,Dry,Daylight,Traffic Signal,None Detected,69F23E6F-2102-47F2-9C6D-325100F4E46B,MD,E940D5B0-CBD2-4841-9F79-58C06E6BB1A4,Eleven O Clock,PassengerCar,StoppedInTrafficLane,Northbound,30.0,No,No,2016,TOYOTA,38.99873689,-77.01742615,Corolla_Toyota,12,2025,9,4,12,Thursday,2025-09-04,36
1242,EJ7907002F,250041725,Gaithersburg_Police_Department,Property Damage Crash,2025-09-16 20:39:00,Maryland_State_Route,W DIAMOND AVE (WB/L),CHESTNUT ST MUDDY BRANCH RD MUDDY BRANCH RD (SB/L),Rear-End (Same Direction),Weather Related,Rain,Wet,Dark - Lighted,Traffic Signal,None Detected,77377A5E-B66B-47AE-ADC9-41BF637376C1,DC,B4D32EC6-951B-4A32-A90E-4D86CF3B69D8,Twelve O Clock,PassengerCar,MovingConstantSpeed,North,30.0,No,No,2017,HYUNDAI,39.1401898,-77.20496646,Elantra_Hyundai,20,2025,9,16,20,Tuesday,2025-09-16,38
1243,MCP33280054,250040329,Montgomery_County_Police,Property Damage Crash,2025-09-08 17:03:00,Maryland_State_Route,VEIRS MILL RD (WB/L),RAMP 8 FR MD 355 SB TO IS 370 WB,Rear-End (Same Direction),Tailgating,Clear,Dry,Daylight,No Control,None Detected,BDA9A0FF-807D-44B5-A8EC-EE1C876C9F31,MD,26270FB9-EEEC-4D92-8EA9-23E1217B23EB,Six O Clock,SportUtilityVehicle,SlowingOrStopping,Westbound,30.0,No,No,2019,MAZDA,39.04271664,-77.0604464,CX-5_Mazda,17,2025,9,8,17,Monday,2025-09-08,37
1244,MCP3168008J,250040597,Montgomery_County_Police,Property Damage Crash,2025-09-10 07:45:00,Maryland_State_Route,W MONTGOMERY AVE,PARK RD,Rear-End (Same Direction),Tailgating,Rain,Wet,Daylight,Traffic Signal,None Detected,A55B58C2-DBE3-40B4-BEE3-E0586FDE70E4,MD,B68BE494-EDA6-4731-BC58-B1EC1F2E07CA,Twelve O Clock,PassengerCar,MovingConstantSpeed,Eastbound,35.0,No,No,2019,HYUNDAI,39.09259594,-77.18240397,Elantra_Hyundai,7,2025,9,10,7,Wednesday,2025-09-10,37
1245,MCP31620066,250039962,Montgomery_County_Police,Property Damage Crash,2025-09-06 09:00:00,Maryland_State_Route,UNIVERSITY BLVD E (WB/L),GLENMONT CIR #1,Rear-End (Same Direction),Tailgating,Clear,Dry,Daylight,No Control,None Detected,13C4B3D9-F01E-44B1-B539-100DD151346E,MD,F55F9E47-2DB2-4AB2-A9C1-BC9CB095F4BD,Six O Clock,PassengerCar,SlowingOrStopping,Westbound,30.0,No,No,2006,FORD,39.0138802,-77.00382489,Explorer_Ford,9,2025,9,6,9,Saturday,2025-09-06,36
1247,EJ78990025,250040500,Gaithersburg_Police_Department,Property Damage Crash,2025-09-09 15:32:00,Municipality_Route,PAVILION DR,LONGDRAFT RD,Angle Collision,Right-of-Way Violation,Clear,Dry,Daylight,Stop Sign,None Detected,16B6D27E-42CC-49FE-8AAE-3F0D4C559F78,MD,F729BDCF-568E-4D8B-B9CD-DF64A0DC98AC,Nine O Clock,PassengerCar,MakingLeftTurn,East,35.0,No,No,2023,VOLVO,39.136359,-77.24353367,XC90_Volvo,15,2025,9,9,15,Tuesday,2025-09-09,37
1248,MCP2931008C,250041009,Montgomery_County_Police,Property Damage Crash,2025-09-12 15:06:00,County_Route,CHERBOURG DR,CHERBOURG CT,Single Vehicle,Driver Inattention,Clear,Dry,Daylight,No Control,None Detected,D3F2B8EA-667F-4385-A829-AD2D1A692415,MD,8BD42BF9-0294-4452-8C80-F504FEC6E423,Five O Clock,SchoolBus,MakingLeftTurn,Northbound,30.0,No,No,2021,FORD,39.04347817,-77.186232,Explorer_Ford,15,2025,9,12,15,Friday,2025-09-12,37
1249,MCP2203009W,250040778,Montgomery_County_Police,Injury Crash,2025-09-11 07:30:00,Maryland_State_Route,CONNECTICUT AVE (SB/L),VEIRS MILL RD,Rear-End (Same Direction),Congestion / Backup,Clear,Dry,Daylight,No Control,None Detected,AC4EBB5D-FE95-4423-B3BC-D7D2C139D849,MD,2101AF2F-4FB0-4B36-9667-5376556FBE47,Six O Clock,SportUtilityVehicle,StoppedInTrafficLane,Southbound,35.0,No,No,2020,NISSAN,39.051615,-77.07501933,Rogue_Nissan,7,2025,9,11,7,Thursday,2025-09-11,37
1250,MCP3227006N,250040782,Montgomery_County_Police,Property Damage Crash,2025-09-11 07:36:00,County_Route,LANARK WAY,COLESVILLE RD (SB/L),Other,Weather Related,Clear,Wet,Daylight,Traffic Signal,None Detected,D1635E19-118D-47F9-B821-B795E32619B1,MD,50B0AB1D-AD4C-459D-861E-D77F6A83C3D8,Three O Clock,PassengerCar,MakingLeftTurn,West,40.0,No,No,2024,TOYOTA,39.01863291,-77.01444495,Camry_Toyota,7,2025,9,11,7,Thursday,2025-09-11,37
1251,EJ7886004M,250041360,Gaithersburg_Police_Department,Property Damage Crash,2025-09-14 23:24:00,Municipality_Route,W DEER PARK RD,MUDDY BRANCH RD,Single Vehicle,Lane Violation,Clear,Dry,Dark - Lighted,Traffic Signal,Suspect Alcohol Only,15A25CF4-4687-4F3D-B81B-A3F57930E7D3,MD,0DB377D5-F54C-4392-98FA-1307BF0D5F22,One O Clock,PassengerCar,MovingConstantSpeed,Northbound,40.0,No,No,2016,LEXUS,39.1347095,-77.2057245,IS_Lexus,23,2025,9,14,23,Sunday,2025-09-14,37
1252,MCP2356004W,250040887,Montgomery_County_Police,Property Damage Crash,2025-09-11 16:44:00,County_Route,REDLAND RD (NB/L),RAMP 1 FR MD 97 NB TO IS 495 WB,Rear-End (Same Direction),Speed Related,Clear,Dry,Daylight,Warning Sign,None Detected,516D8BC9-D297-4D85-91C1-856A0ADBC98C,MD,6B16E533-080B-4D6A-B524-EB1A32E2B67B,Twelve O Clock,PassengerCar,MovingConstantSpeed,Southbound,35.0,No,No,2021,HONDA,39.12069551,-77.15886845,Accord_Honda,16,2025,9,11,16,Thursday,2025-09-11,37
1253,MCP3255007D,250040317,Montgomery_County_Police,Property Damage Crash,2025-09-08 16:00:00,County_Route,SECOND AVE,HIPSLEY MILL RD,Sideswipe (Same Direction),Passing / Turning,Clear,Dry,Daylight,Traffic Signal,None Detected,83241A78-1299-406C-90EA-524EA4A88050,MD,D159341B-AA17-42D8-A488-96DE9B7633BB,One O Clock,TransitBus,StoppedInTrafficLane,Northbound,35.0,No,No,2011,NISSAN,38.99480967,-77.0305135,Rogue_Nissan,16,2025,9,8,16,Monday,2025-09-08,37
1254,MCP2800006Y,250040756,Montgomery_County_Police,Property Damage Crash,2025-09-10 20:47:00,Maryland_State_Route,EAST WEST HWY (WB/L),E GUDE DR,Sideswipe (Opposite Direction),Driver Inattention,Clear,Wet,Dark - Lighted,No Control,None Detected,C321E2E3-4615-404F-83D2-E89B9C07AA32,MD,7F96EF9C-A9BC-4DF8-918D-D961D67A54C2,Twelve O Clock,PassengerCar,MovingConstantSpeed,Not On Roadway,2.5,No,No,2018,HONDA,39.05130314,-77.10993961,Odyssey_Honda,20,2025,9,10,20,Wednesday,2025-09-10,37
1255,MCP33620068,250041260,Montgomery_County_Police,Property Damage Crash,2025-09-14 10:11:00,Maryland_State_Route,NEW HAMPSHIRE AVE (SB/L),POWDER MILL RD,Rear-End (Same Direction),Tailgating,Clear,Dry,Daylight,No Control,None Detected,CABF078F-E1CA-4B07-A22A-4ACB572F206E,MD,B843DDBE-BD8C-447D-A13D-7D6A61009194,Twelve O Clock,PassengerCar,MovingConstantSpeed,Southbound,35.0,No,No,2011,MAZDA,39.021153,-76.97693117,Mazda3_Mazda,10,2025,9,14,10,Sunday,2025-09-14,37
1256,MCP2347005X,250040414,Montgomery_County_Police,Property Damage Crash,2025-09-09 09:21:00,Maryland_State_Route,CHERRY HILL RD,N CHELSEA LA,Angle Collision,Right-of-Way Violation,Clear,Dry,Daylight,No Control,None Detected,FE75050E-5B3C-4CF9-A6D9-C4F806B63712,MD,6FAF63DC-DCFF-46FE-A28F-5952B53AC868,Twelve O Clock,PassengerCar,MovingConstantSpeed,Not On Roadway,2.5,No,No,2012,NISSAN,39.08260243,-76.94619837,Rogue_Nissan,9,2025,9,9,9,Tuesday,2025-09-09,37
1258,MCP3230007K,250039331,Montgomery_County_Police,Property Damage Crash,2025-09-02 17:30:00,Maryland_State_Route,NEW HAMPSHIRE AVE,BRIGGS CHANEY RD,Single Vehicle,Right-of-Way Violation,Clear,Dry,Daylight,Traffic Signal,None Detected,B5E61FDA-074B-40DE-B837-4C36B115324D,MD,C35F7837-ED11-4650-9BC1-3124143AD601,Twelve O Clock,PassengerCar,Accelerating,South,35.0,No,No,2014,NISSAN,39.1085623,-76.99782201,Altima_Nissan,17,2025,9,2,17,Tuesday,2025-09-02,36
1259,MCP31620067,250041135,Montgomery_County_Police,Injury Crash,2025-09-13 11:40:00,Maryland_State_Route,GEORGIA AVE (SB/L),PINEY BRANCH RD,Rear-End (Same Direction),Tailgating,Clear,Dry,Daylight,No Control,None Detected,6D6F38C9-8BB8-4CD9-BF79-F3A7E47A72CB,MD,E1362410-263D-45B5-A83D-E13EED549302,Twelve O Clock,PassengerCar,MovingConstantSpeed,Southbound,30.0,No,No,2013,HONDA,39.00907284,-77.04049901,Civic_Honda,11,2025,9,13,11,Saturday,2025-09-13,37
1260,MCP3392002K,250040775,Montgomery_County_Police,Injury Crash,2025-09-11 06:45:00,Maryland_State_Route,VEIRS MILL RD,MUDDY BRANCH RD,Rear-End (Same Direction),Tailgating,Cloudy,Wet,Daylight,No Control,None Detected,DA83CD43-5DE8-473F-AE1E-80C31CEFC3C9,MD,BC4C70E1-DBA6-4B8C-AF0A-D9A2B88B445A,Twelve O Clock,Motorcycle2Wheeled,ChangingLanes,Eastbound,35.0,No,No,2022,FORD,39.04268838,-77.06074341,F-150_Ford,6,2025,9,11,6,Thursday,2025-09-11,37
1261,MCP34090010,250040489,Montgomery_County_Police,Property Damage Crash,2025-09-09 15:15:00,County_Route,SHADY GROVE RD (SB/L),TWINBROOK PKWY,Sideswipe (Same Direction),Passing / Turning,Clear,Dry,Daylight,Traffic Signal,None Detected,F11ACE58-F980-4890-9F25-6B17FF6FC2F8,MD,052EB7ED-4643-4725-92DA-CAFE6E47DFB7,One O Clock,TransitBus,Passing,Southbound,35.0,No,No,2017,BMW,39.12694122,-77.17353834,X1_BMW,15,2025,9,9,15,Tuesday,2025-09-09,37
1262,DD558300BB,250040599,Rockville_Police_Department,Injury Crash,2025-09-10 07:53:00,Maryland_State_Route,HUNGERFORD DR (SB/L),N CAMPUS DR,Other,Right-of-Way Violation,Rain,Wet,Daylight,Traffic Signal,None Detected,7366938C-0F78-4465-A748-2ADB42A105B6,MD,05EC06F2-53CF-4ADD-B486-944E8595F818,Four O Clock,PassengerCar,MakingLeftTurn,East,35.0,No,No,2009,HONDA,39.10115106,-77.1549435,Civic_Honda,7,2025,9,10,7,Wednesday,2025-09-10,37
1263,MCP2800006Y,250040756,Montgomery_County_Police,Property Damage Crash,2025-09-10 20:47:00,County_Route,DARNESTOWN RD,ENT TO BUSINESS,Sideswipe (Opposite Direction),Passing / Turning,Clear,Dry,Dark - Lighted,Traffic Signal,None Detected,949B2466-E57B-4620-BB4F-C8109D339560,MD,F013BF51-F863-4927-857F-D1C578B1326F,Twelve O Clock,PassengerCar,MovingConstantSpeed,Southbound,2.5,No,No,2011,NISSAN,39.05130314,-77.10993961,Pathfinder_Nissan,20,2025,9,10,20,Wednesday,2025-09-10,37
1264,HA2414001M,25001906,Takoma_Park_Police_Department,Injury Crash,2025-09-03 08:52:00,Maryland_State_Route,NEW HAMPSHIRE AVE,WOOTTON AVE,Other,Right-of-Way Violation,Clear,Dry,Daylight,No Control,None Detected,62AD7A59-5653-4652-A606-3B8D95440FB7,MD,67BBDF4B-9A47-4170-AA93-BDAFD3E30934,One O Clock,SportUtilityVehicle,MakingLeftTurn,Westbound,35.0,No,No,2021,FORD,39.11839696,-77.10382348,Explorer_Ford,8,2025,9,3,8,Wednesday,2025-09-03,36
1265,MCP22980184,250040659,Montgomery_County_Police,Property Damage Crash,2025-09-10 12:38:00,US_State_Route,COLUMBIA PIKE,MIDLAND RD,Rear-End (Same Direction),Driver Inattention,Cloudy,Dry,Daylight,Traffic Signal,None Detected,E1F20790-7C43-41AC-86F0-CC3AA514715A,MD,A8B0A954-0581-4916-988C-FE7B50B45F57,Six O Clock,SchoolBus,SlowingOrStopping,Northbound,50.0,No,No,2024,NISSAN,39.066505,-76.95996667,Altima_Nissan,12,2025,9,10,12,Wednesday,2025-09-10,37
1266,MCP3168008J,250040597,Montgomery_County_Police,Property Damage Crash,2025-09-10 07:45:00,Maryland_State_Route,W MONTGOMERY AVE,DALE DR,Rear-End (Same Direction),Tailgating,Rain,Wet,Daylight,Traffic Signal,None Detected,7B3015B6-3888-4677-BB47-0C444F0BCD2E,WV,9342706F-5F46-4AB2-B3B2-528212576FB7,Six O Clock,PassengerCar,MovingConstantSpeed,Eastbound,35.0,No,No,2013,TOYOTA,39.09259594,-77.18240397,Prius v_Toyota,7,2025,9,10,7,Wednesday,2025-09-10,37
1267,MCP3355001Q,250039594,Montgomery_County_Police,Injury Crash,2025-09-04 08:21:00,County_Route,FLOWER AVE,PLYMOUTH ST,Angle Collision,Road Obstruction,Clear,Dry,Daylight,Traffic Signal,None Detected,B7364EC7-336A-423A-A6F5-1F6E945357BF,MD,C248656D-81B8-4B37-B3D0-28995ED7BCCA,VehicleNotAtScene,PassengerCar,MakingLeftTurn,East,25.0,No,No,2009,HONDA,39.00155514,-77.00477297,Civic_Honda,8,2025,9,4,8,Thursday,2025-09-04,36
1268,MCP3300003F,250040755,Montgomery_County_Police,Injury Crash,2025-09-10 21:20:00,Maryland_State_Route,NORBECK RD,CLARA DOWNEY AVE,Sideswipe (Opposite Direction),Lane Violation,Clear,Dry,Dark - Not Lighted,No Control,None Detected,01CA8776-1A0A-47E1-BDB7-8AAA8699C272,MD,A0A78FBE-29A7-4F21-B5A0-476E65181034,One O Clock,StationWagon,MovingConstantSpeed,Westbound,40.0,No,No,2017,FORD,39.111694,-77.07340267,Escape_Ford,21,2025,9,10,21,Wednesday,2025-09-10,37
1269,MCP30090091,250040433,Montgomery_County_Police,Property Damage Crash,2025-09-09 10:30:00,Ramp_Route,RAMP 1 FR RAMP 4 (FR IS270) TO RIDGE RD,RIDGE RD (NB/L),Angle Collision,Traffic Control Violation,Clear,Wet,Daylight,Traffic Signal,None Detected,1EC20728-8258-4948-89A0-F2BFDF1E49B9,MD,0EF9B06C-11A3-4206-86BD-5153AD730F86,Twelve O Clock,SportUtilityVehicle,MovingConstantSpeed,Northbound,45.0,No,No,2017,SUBARU,39.19890068,-77.26068171,Forester_Subaru,10,2025,9,9,10,Tuesday,2025-09-09,37
1270,EJ7871008P,250041731,Gaithersburg_Police_Department,Injury Crash,2025-09-16 21:22:00,Maryland_State_Route,MONTGOMERY VILLAGE AVE,RUSSELL AVE,Rear vs Side,Right-of-Way Violation,Rain,Wet,Dark - Lighted,Traffic Signal,None Detected,AE6253BE-113A-4C6E-BBC4-223F64079E64,MD,BBB0BA38-C6C3-4984-A849-682593108565,Six O Clock,PassengerCar,MovingConstantSpeed,Southbound,35.0,No,No,2015,HYUNDAI,39.154558,-77.2090935,Elantra_Hyundai,21,2025,9,16,21,Tuesday,2025-09-16,38
1271,MCP28660094,250041293,Montgomery_County_Police,Property Damage Crash,2025-09-14 13:15:00,Maryland_State_Route,GERMANTOWN RD,PERRY AVE,Sideswipe (Same Direction),Driver Inattention,Clear,Dry,Daylight,No Control,None Detected,D2480F0F-1436-473B-A78C-C7981004D4EB,MD,26F8B57A-4FA0-42F6-90AE-78393E709E67,VehicleNotAtScene,PassengerCar,MovingConstantSpeed,Unknown,2.5,No,No,2025,AUDI,39.0251695,-77.07111317,A6_Audi,13,2025,9,14,13,Sunday,2025-09-14,37
1272,MCP2347005Y,250040773,Montgomery_County_Police,Property Damage Crash,2025-09-11 06:11:00,US_State_Route,OLD COLUMBIA PIKE,SANDY SPRING RD (WB/L),Angle Collision,Weather Related,Rain,Wet,Dawn,Traffic Signal,None Detected,2C222E31-E382-48A7-B676-B47EE0402F64,DC,39D27D41-0618-4193-8D2D-F9F918E7CB25,Nine O Clock,PassengerCar,MakingLeftTurn,South,35.0,No,No,2013,HONDA,39.11139782,-76.93194041,Civic_Honda,6,2025,9,11,6,Thursday,2025-09-11,37
1273,MCP3171002V,250041124,Montgomery_County_Police,Injury Crash,2025-09-13 10:00:00,County_Route,WARING STATION RD,FOREST BROOK RD,Angle Collision,Right-of-Way Violation,Clear,Dry,Daylight,Stop Sign,None Detected,4FB22467-24A6-4079-BC34-F460D158DBBC,MD,43887290-ACB2-4C66-A437-E19AEBF7600C,Ten O Clock,PassengerCar,Accelerating,Southbound,20.0,No,No,2015,FORD,39.16971167,-77.24923833,Focus_Ford,10,2025,9,13,10,Saturday,2025-09-13,37
1274,MCP28250029,250040785,Montgomery_County_Police,Property Damage Crash,2025-09-11 08:00:00,Bicycle_Route,FREDERICK RD,UNIVERSITY BLVD,Rear-End (Same Direction),Passing / Turning,Clear,Dry,Daylight,Stop Sign,None Detected,2A7392EA-7313-42B1-B212-2DD7B9958E52,MD,6C3CB8B8-8A25-4EFA-BC42-4B81CA61BCF6,Eleven O Clock,SportUtilityVehicle,Passing,Southbound,30.0,No,No,2017,TOYOTA,39.14710067,-77.27282467,RAV4_Toyota,8,2025,9,11,8,Thursday,2025-09-11,37
1275,MCP2968005Z,25004951,Montgomery_County_Police,Property Damage Crash,2025-09-12 08:55:00,Municipality_Route,PICCARD DR,W GUDE DR (WB/L),Rear-End (Same Direction),Road Obstruction,Clear,Dry,Daylight,Traffic Signal,None Detected,DA65F51D-61B6-48C2-8B43-CAAE569EAC1F,MD,2C83E909-3D3F-451E-B6E4-2422B0F6CB49,Twelve O Clock,PassengerCar,Accelerating,North,35.0,No,No,2014,DODGE,39.10199867,-77.17729167,Charger_Dodge,8,2025,9,12,8,Friday,2025-09-12,37
1276,MCP34380011,250039744,Montgomery_County_Police,Injury Crash,2025-09-05 05:21:00,County_Route,ROCKLEDGE DR,ROCK SPRING DR,Rear vs Side,Right-of-Way Violation,Clear,Dry,Dark - Lighted,Flashing Traffic Signal,None Detected,0D84D3A0-BBED-4B10-97E9-108714A16ECA,MD,B224B63D-ED1E-491C-81FE-9E7A9226F72F,Twelve O Clock,PassengerCar,MovingConstantSpeed,Southbound,30.0,No,No,2018,DODGE,39.02697437,-77.13239445,Durango_Dodge,5,2025,9,5,5,Friday,2025-09-05,36
1277,MCP3225005W,250040045,Montgomery_County_Police,Property Damage Crash,2025-09-06 18:10:00,County_Route,BONIFANT RD,GOOD HOPE RD NEW HAMPSHIRE AVE,Angle Collision,Weather Related,Rain,Wet,Daylight,Traffic Signal,None Detected,9976D02E-CE4C-4090-9CC8-D560E6B57E7D,MD,504B49C1-487C-4343-A242-3281BB2CE973,Eight O Clock,SportUtilityVehicle,StoppedInTrafficLane,Northbound,45.0,No,No,2018,HONDA,39.09588788,-77.00204325,CR-V_Honda,18,2025,9,6,18,Saturday,2025-09-06,36
1278,MCP15500069,250041411,Montgomery_County_Police,Property Damage Crash,2025-09-15 10:45:00,Maryland_State_Route,ROCKVILLE PIKE (SB/L),FERNWOOD RD,Sideswipe (Same Direction),Lane Violation,Clear,Dry,Daylight,No Control,None Detected,5CA26160-5DF7-4612-972F-24456C71C501,VA,517BF0A8-8283-4D96-932F-D1A209188A06,Two O Clock,SportUtilityVehicle,MovingConstantSpeed,Southbound,35.0,No,No,2007,CHEVROLET,39.01525596,-77.10015141,Tahoe_Chevrolet,10,2025,9,15,10,Monday,2025-09-15,38
1279,MCP243600JY,250040443,Montgomery_County_Police,Injury Crash,2025-09-08 19:15:00,County_Route,FORT SUMNER DR,BROOKEWAY DR,Single Vehicle,Right-of-Way Violation,Clear,Dry,Daylight,Stop Sign,None Detected,7A92275A-3A16-46EC-9436-EE3E78959D3E,MD,A5C5E222-383F-4872-B17B-D321F3B2CBB0,Ten O Clock,SportUtilityVehicle,Accelerating,Westbound,30.0,No,No,2024,TOYOTA,38.95532229,-77.11316122,Camry_Toyota,19,2025,9,8,19,Monday,2025-09-08,37
1280,MCP33560033,250039548,Montgomery_County_Police,Injury Crash,2025-09-03 20:20:00,County_Route,MIDDLEBROOK RD,GERMANTOWN RD,Rear-End (Same Direction),Road Obstruction,Clear,Dry,Daylight,Traffic Signal,None Detected,F92D72EA-0A7A-4E2A-A8A9-22F8452FF402,MD,DA822259-CF51-4181-9F92-5B5618B4E07B,Six O Clock,PassengerCar,StoppedInTrafficLane,South,45.0,No,No,2019,SUBARU,39.17870247,-77.26735996,WRX_Subaru,20,2025,9,3,20,Wednesday,2025-09-03,36
1281,MCP2932009B,250039081,Montgomery_County_Police,Injury Crash,2025-09-01 03:55:00,US_State_Route,COLESVILLE RD (SB/L),SOUTHWOOD AVE,Rear vs Side,Right-of-Way Violation,Clear,Dry,Dark - Lighted,Traffic Signal,None Detected,520DCC4F-0F72-451A-9886-D029843F5FFD,MD,96EB8458-9767-4FA9-8005-9ED9FEF183D2,Seven O Clock,Van - Passenger (&lt;9 Seats),MakingLeftTurn,Eastbound,25.0,No,No,2017,TOYOTA,39.02598083,-77.01103233,Sienna_Toyota,3,2025,9,1,3,Monday,2025-09-01,36
1282,MCP3074006R,250040583,Montgomery_County_Police,Injury Crash,2025-09-09 22:19:00,Maryland_State_Route,GEORGIA AVE,FOREST GLEN RD,Rear-End (Same Direction),Surface Condition,Clear,Dry,Dark - Lighted,Traffic Signal,None Detected,FE9BD431-30B6-4956-BE91-41D3B7ACC868,MD,B20AD8CC-F3F7-4D6F-B27E-327CC9FD6518,Twelve O Clock,PassengerCar,SlowingOrStopping,East,30.0,No,No,2015,SUBARU,39.01556545,-77.04254022,Legacy_Subaru,22,2025,9,9,22,Tuesday,2025-09-09,37
1283,MCP3368002P,250041655,Montgomery_County_Police,Property Damage Crash,2025-09-16 14:44:00,Ramp_Route,RAMP 11 FR SHADY GROVE RD SB TO RAMP 4,WATKINS MILL RD,Rear-End (Same Direction),Tailgating,Rain,Wet,Daylight,Traffic Signal,None Detected,4332FBB2-50B5-4786-91AA-F6F2240F4952,MD,1879CCE8-8D7A-4197-A6B2-0E1EAFEDD67C,Twelve O Clock,PassengerCar,SlowingOrStopping,Southbound,40.0,No,No,2012,NISSAN,39.13160038,-77.160677,Versa_Nissan,14,2025,9,16,14,Tuesday,2025-09-16,38
1285,MCP30530098,250040859,Montgomery_County_Police,Property Damage Crash,2025-09-11 14:44:00,Bicycle_Route,MASSACHUSETTS AVE,GARRETT PARK RD,Rear-End (Same Direction),Tailgating,Clear,Dry,Daylight,No Control,None Detected,C312B84D-1EB6-44B0-860E-25BD05CAB70A,MD,B0FFD023-057E-410F-A68E-D9500462A583,Six O Clock,PassengerCar,SlowingOrStopping,Westbound,20.0,No,No,2018,TOYOTA,39.0417325,-77.08799317,Corolla_Toyota,14,2025,9,11,14,Thursday,2025-09-11,37
1286,MCP3068006M,250041163,Montgomery_County_Police,Property Damage Crash,2025-09-13 15:38:00,Maryland_State_Route,CONNECTICUT AVE,LELAND ST,Angle Collision,Passing / Turning,Clear,Dry,Daylight,No Control,None Detected,2964FBCC-B24B-4F2D-88E2-1BC13EF994C8,MD,C58E6DC4-5409-451C-8613-D50560BB4649,Eight O Clock,PassengerCar,MovingConstantSpeed,Northbound,30.0,No,No,2025,TOYOTA,38.98549537,-77.07711848,Corolla_Toyota,15,2025,9,13,15,Saturday,2025-09-13,37
1287,MCP3374003J,250040640,Montgomery_County_Police,Property Damage Crash,2025-09-10 07:25:00,County_Route,INDIANOLA DR,FENTON ST,Rear-End (Same Direction),Tailgating,Rain,Wet,Daylight,Traffic Signal,None Detected,8622FA0D-B60A-470C-A1B3-8115E5AB72BB,MD,429C773D-B73F-42EB-AE83-79B1EE9F53A4,Twelve O Clock,PassengerCar,SlowingOrStopping,Westbound,30.0,No,No,2002,VOLVO,39.11248468,-77.16161536,S60_Volvo,7,2025,9,10,7,Wednesday,2025-09-10,37
1288,MCP2347005Y,250040773,Montgomery_County_Police,Property Damage Crash,2025-09-11 06:11:00,US_State_Route,OLD COLUMBIA PIKE,SANDY SPRING RD (WB/L),Angle Collision,Passing / Turning,Rain,Wet,Dawn,Traffic Signal,None Detected,936044C2-48F1-443B-BDB7-5358BA436B67,MD,D02FC647-E937-4030-BC49-F8553AC3E89C,Twelve O Clock,PassengerCar,MakingLeftTurn,East,35.0,No,No,2007,FORD,39.11139782,-76.93194041,E-Series_Ford,6,2025,9,11,6,Thursday,2025-09-11,37
1289,MCP3019005V,250041151,Montgomery_County_Police,Property Damage Crash,2025-09-13 13:45:00,Maryland_State_Route,MONTGOMERY AVE,EXIT #31,Single Vehicle,Right-of-Way Violation,Clear,Dry,Daylight,No Control,None Detected,B0E3FC32-55E8-4B56-9F29-781CA13D8F29,MD,B2B7B3E2-9ADD-4330-96D1-178CA767BA76,One O Clock,PassengerCar,EnteringTrafficLane,Eastbound,25.0,No,No,2017,PORSCHE,38.98427033,-77.08906717,Macan_Porsche,13,2025,9,13,13,Saturday,2025-09-13,37
1290,EJ79150008,250039235,Gaithersburg_Police_Department,Injury Crash,2025-09-02 10:34:00,County_Route,SHADY GROVE RD,RAMP 3 FR SHADY GROVE RD WB TO MD200A NB,Angle Collision,Right-of-Way Violation,Clear,Dry,Daylight,Traffic Signal,None Detected,C30F266F-C1A9-4A50-A4D6-3C6D00581E53,MD,E6FFA5E5-D0F8-45A6-B333-A5B57DA98870,Nine O Clock,PassengerCar,MakingLeftTurn,Eastbound,25.0,No,No,2022,TESLA,39.13100048,-77.16102244,Model 3_Tesla,10,2025,9,2,10,Tuesday,2025-09-02,36