Unnamed: 0,Report Number,Local Case Number,Agency Name,ACRS Report Type,Crash Date/Time,Route Type,Road Name,Cross-Street Name,Collision Type,Circumstance_Category,Weather,Surface Condition,Light,Traffic Control,Driver Substance Abuse,Person ID,Drivers License State,Vehicle ID,Vehicle First Impact Location,Vehicle Body Type,Vehicle Movement,Vehicle Going Dir,Speed Limit,Driverless Vehicle,Parked Vehicle,Vehicle Year,Vehicle Make,Latitude,Longitude,Vehicle Model,hour,Crash_year,Crash_month,Crash_day,Crash_hour,Crash_day_name,Crash_date,Crash_week
1291,MCP3289004D,250040628,Montgomery_County_Police,Injury Crash,2025-09-13 10:35:00,Bicycle_Route,ROCKVILLE PIKE,RAMP 6 FR IS 495 EB TO MD 97 SB,Rear-End (Same Direction),Tailgating,Clear,Dry,Daylight,Traffic Signal,None Detected,7D4E8283-5BA0-4079-8547-4FEA35DB6337,VA,73FF6FE0-BE65-42FE-A59D-F77BED751CEC,VehicleNotAtScene,PassengerCar,SlowingOrStopping,South,25.0,No,No,2010,HONDA,39.01250221,-77.0423606,Civic_Honda,10,2025,9,13,10,Saturday,2025-09-13,37
1292,EJ7871008P,250041731,Gaithersburg_Police_Department,Injury Crash,2025-09-16 21:22:00,Maryland_State_Route,MONTGOMERY VILLAGE AVE,RUSSELL AVE,Rear vs Side,Weather Related,Rain,Wet,Dark - Lighted,Traffic Signal,None Detected,18E8C444-590B-4410-962D-F84888DAE48C,MD,F5327804-FCE7-40B1-A669-895166347A14,Twelve O Clock,PassengerCar,MovingConstantSpeed,South,35.0,No,No,2019,HONDA,39.154558,-77.2090935,CR-V_Honda,21,2025,9,16,21,Tuesday,2025-09-16,38
1293,MCP2771005K,250040941,Montgomery_County_Police,Property Damage Crash,2025-09-12 04:46:00,County_Route,GRANDVIEW AVE,GREENCASTLE RD,Sideswipe (Same Direction),Lane Violation,Clear,Wet,Dark - Not Lighted,No Control,None Detected,7742A556-23EC-4194-94B0-57E555CA004E,MD,6F57360E-E7F3-4CC2-981A-6A755E817A1D,One O Clock,PassengerCar,Backing,Northbound,25.0,No,No,2017,NISSAN,39.04820483,-77.05307717,Sentra_Nissan,4,2025,9,12,4,Friday,2025-09-12,37
1294,MCP2650001J,250040924,Montgomery_County_Police,Injury Crash,2025-09-11 21:14:00,Maryland_State_Route,RIVER RD (WB/L),REDLAND RD,Rear-End (Same Direction),Tailgating,Clear,Other,Dark - Not Lighted,Traffic Signal,None Detected,D8A99A85-5C66-42C6-8DF1-37F98E127824,MD,C63C36BD-6C97-4154-801C-A9B8B6359143,Six O Clock,PassengerCar,StoppedInTrafficLane,Westbound,2.5,No,No,2017,ACURA,38.98247883,-77.13664641,MDX_Acura,21,2025,9,11,21,Thursday,2025-09-11,37
1295,MCP3068006M,250041163,Montgomery_County_Police,Property Damage Crash,2025-09-13 15:38:00,Maryland_State_Route,CONNECTICUT AVE,LELAND ST,Angle Collision,Right-of-Way Violation,Clear,Dry,Daylight,No Control,None Detected,2CD1F997-21CB-41B4-87B9-AA0EC45A73F4,DC,7E092E23-902B-4736-9A4E-D7820944294B,Twelve O Clock,PassengerCar,MakingLeftTurn,Southbound,30.0,No,No,2007,HONDA,38.98549537,-77.07711848,Fit_Honda,15,2025,9,13,15,Saturday,2025-09-13,37
1296,MCP296200BJ,250040460,Montgomery_County_Police,Property Damage Crash,2025-09-09 12:23:00,Private_Route,RANDOLPH RD,VEIRS MILL RD (WB/L),Angle Collision,Right-of-Way Violation,Clear,Dry,Daylight,No Control,None Detected,748AC0CB-9354-4B0D-82F9-0CA4EAF62713,MD,4DDA1CE3-D7B1-45BC-BA1F-046C11ED47CB,One O Clock,PassengerCar,MovingConstantSpeed,Westbound,15.0,No,No,2017,TOYOTA,39.16117217,-77.253907,Camry_Toyota,12,2025,9,9,12,Tuesday,2025-09-09,37
1297,MCP3227006P,250040811,Montgomery_County_Police,Injury Crash,2025-09-11 11:13:00,US_State_Route,COLESVILLE RD,UNIVERSITY BLVD E,Sideswipe (Same Direction),Lane Violation,Cloudy,Dry,Daylight,Traffic Signal,None Detected,C2778F5A-833E-4DED-87CB-2385E78283C6,MD,77A19F8D-834C-4697-8B20-7FB0606E507A,Eight O Clock,TransitBus,MovingConstantSpeed,West,35.0,No,No,2023,TOYOTA,39.01972765,-77.0131649,Camry_Toyota,11,2025,9,11,11,Thursday,2025-09-11,37
1298,MCP2107006V,250041448,Montgomery_County_Police,Property Damage Crash,2025-09-16 12:45:00,Maryland_State_Route,MONTROSE PKWY,CRABBS BRANCH WAY,Sideswipe (Opposite Direction),Lane Violation,Clear,Dry,Daylight,Stop Sign,None Detected,28FBFA2C-8EFA-4F75-8C19-078E20021FCF,MD,020B5848-0B35-40B8-9859-E6FC2F22D528,VehicleNotAtScene,PassengerCar,Backing,Not On Roadway,2.5,No,No,2018,TESLA,39.19808791,-77.25884944,Model 3_Tesla,12,2025,9,16,12,Tuesday,2025-09-16,38
1299,MCP3289004C,250040251,Montgomery_County_Police,Injury Crash,2025-09-08 10:41:00,County_Route,COLONIAL LA,SOUTHWOOD AVE,Sideswipe (Same Direction),Right-of-Way Violation,Clear,Dry,Daylight,No Control,None Detected,45E863A8-E37E-4FED-A579-50946418C47B,MD,8E31566B-6BD3-43FC-9C90-C8DFD5B96CFD,Ten O Clock,PassengerCar,MakingLeftTurn,Northbound,25.0,No,No,2024,TOYOTA,38.99193906,-77.02787331,RAV4_Toyota,10,2025,9,8,10,Monday,2025-09-08,37
1300,MCP3227006P,250040811,Montgomery_County_Police,Injury Crash,2025-09-11 11:13:00,US_State_Route,COLESVILLE RD,UNIVERSITY BLVD E,Sideswipe (Same Direction),Lane Violation,Cloudy,Dry,Daylight,Traffic Signal,None Detected,A844DDAD-FDBC-446D-9310-555923098441,DC,7D167798-017D-4FBC-87E1-839CCE75C36B,One O Clock,PassengerCar,MovingConstantSpeed,Unknown,35.0,No,No,2016,GMC,39.01972765,-77.0131649,Yukon_GMC,11,2025,9,11,11,Thursday,2025-09-11,37
1301,MCP3271005Z,250041047,Montgomery_County_Police,Property Damage Crash,2025-09-12 16:52:00,County_Route,WOODFIELD RD,ARLISS ST,Angle Collision,Mechanical / Environmental,Clear,Wet,Daylight,Yield Sign,None Detected,D69F2C4A-923F-464D-89D2-1EB9CB33B285,VA,F120E6B1-2ABD-4404-B964-949DC65E8C41,Ten O Clock,SportUtilityVehicle,MovingConstantSpeed,Not On Roadway,2.5,No,No,2011,JEEP,39.00781405,-77.04016446,Grand Cherokee_Jeep,16,2025,9,12,16,Friday,2025-09-12,37
1302,MCP31270057,250041520,Montgomery_County_Police,Property Damage Crash,2025-09-15 18:07:00,Maryland_State_Route,ROCKVILLE PIKE,PARKLAWN DR,Sideswipe (Same Direction),Lane Violation,Clear,Dry,Daylight,Traffic Signal,None Detected,F1D6EA89-89FC-470D-B4EE-12AFC02E4F11,MD,52E1B9A5-62F2-40CB-8479-A914477451A0,VehicleNotAtScene,PassengerCar,ChangingLanes,Westbound,35.0,No,No,2021,HYUNDAI,38.98802992,-77.07639969,IONIQ_Hyundai,18,2025,9,15,18,Monday,2025-09-15,38
1303,MCP3148008D,250041324,Montgomery_County_Police,Injury Crash,2025-09-14 18:15:00,County_Route,OLNEY LAYTONSVILLE RD,ROCKVILLE PIKE (SB/L),Angle Collision,Traffic Control Violation,Clear,Dry,Daylight,Traffic Signal,Suspect Alcohol Only,DF55AC16-0465-4B03-89C6-1E1ACC824232,MD,E6D0A8EB-99F9-4C2C-BE6A-3BD2C0D6C41B,Twelve O Clock,PassengerCar,MovingConstantSpeed,Southbound,35.0,No,No,2010,NISSAN,38.99516927,-77.09648756,Sentra_Nissan,18,2025,9,14,18,Sunday,2025-09-14,37
1305,MCP3000005G,250040768,Montgomery_County_Police,Property Damage Crash,2025-09-11 04:40:00,Maryland_State_Route,GERMANTOWN RD,WILDCAT RD,Single Vehicle,Speed Related,Rain,Wet,Dark - Lighted,Traffic Signal,None Detected,E183EF31-0826-4EF5-B20C-E8BC2F8879AF,MD,BFBE1AF2-CE16-4474-88A8-5A5C0EF3548B,Twelve O Clock,PickupTruck,NegotiatingCurve,Westbound,40.0,No,No,2005,DODGE,39.16307594,-77.28263146,Dakota_Dodge,4,2025,9,11,4,Thursday,2025-09-11,37
1306,MCP2708009D,250040534,Montgomery_County_Police,Property Damage Crash,2025-09-09 17:31:00,US_State_Route,COLESVILLE RD,STEEPLE PL,Sideswipe (Same Direction),Lane Violation,Clear,Dry,Daylight,No Control,None Detected,F25312FC-BCEE-4B48-B521-94AA090CBC52,MD,4B65062E-EFD3-4E30-80F3-626834100E95,Eleven O Clock,PassengerCar,SlowingOrStopping,Northbound,35.0,No,No,2006,HONDA,39.02820348,-77.0086731,Accord_Honda,17,2025,9,9,17,Tuesday,2025-09-09,37
1307,MCP33950046,250039833,Montgomery_County_Police,Injury Crash,2025-09-05 14:06:00,County_Route,WOODMONT AVE,GERMANTOWN RD (SB/L),Sideswipe (Same Direction),Passing / Turning,Clear,Dry,Daylight,No Control,None Detected,62C656F8-21E6-43D3-A9F4-7C7C4CB5B6CA,MD,0ECF63D9-6C4E-428E-87F4-AD5311FA90A9,Eleven O Clock,Motorcycle2Wheeled,SlowingOrStopping,Unknown,15.0,No,No,2025,FORD,38.98153883,-77.09569933,F-150_Ford,14,2025,9,5,14,Friday,2025-09-05,36
1308,MCP2356004W,250040887,Montgomery_County_Police,Property Damage Crash,2025-09-11 16:44:00,County_Route,REDLAND RD (NB/L),CLAGETT DR,Rear-End (Same Direction),Tailgating,Clear,Dry,Daylight,Warning Sign,None Detected,DCD5CD08-5A18-4A58-B683-57C5FE35BB66,MD,D20EEF65-C910-49F0-9E3D-F2121553F319,Six O Clock,PassengerCar,SlowingOrStopping,Southbound,35.0,No,No,2018,TESLA,39.12069551,-77.15886845,Model 3_Tesla,16,2025,9,11,16,Thursday,2025-09-11,37
1309,EJ7903004Y,250041577,Gaithersburg_Police_Department,Injury Crash,2025-09-16 08:45:00,Maryland_State_Route,QUINCE ORCHARD RD (SB/L),MIDLAND RD,Single Vehicle,Lane Violation,Cloudy,Dry,Daylight,No Control,None Detected,F5C597E0-AF91-4921-BEA5-9B9763D186C4,MD,1B348B7F-2698-4368-BF6F-A77D231461C8,Twelve O Clock,SportUtilityVehicle,MovingConstantSpeed,Southbound,35.0,No,No,2019,BMW,39.126026,-77.24562983,X1_BMW,8,2025,9,16,8,Tuesday,2025-09-16,38
1310,MCP3214003K,250040761,Montgomery_County_Police,Property Damage Crash,2025-09-10 22:50:00,County_Route,FATHER HURLEY BLVD,CRYSTAL ROCK DR,Rear-End (Same Direction),Speed Related,Rain,Wet,Dark - Lighted,Traffic Signal,Suspect Alcohol Only,72F589C2-C34E-4474-966F-7BB3C89160B0,MD,F2A183E1-5E42-4941-8A4A-7A11C8EA785F,Twelve O Clock,SportUtilityVehicle,SlowingOrStopping,Southbound,45.0,No,No,2015,MAZDA,39.19371307,-77.27011933,CX-5_Mazda,22,2025,9,10,22,Wednesday,2025-09-10,37
1311,DD558300BB,250040599,Rockville_Police_Department,Injury Crash,2025-09-10 07:53:00,Maryland_State_Route,HUNGERFORD DR (SB/L),N CAMPUS DR,Other,Weather Related,Rain,Wet,Daylight,Traffic Signal,None Detected,7BC0B76C-F09F-4452-917F-BF3F5BC69C44,MD,67212D20-15F2-4981-A7A5-60A01FA29E25,Twelve O Clock,PassengerCar,MovingConstantSpeed,East,35.0,No,No,2019,TESLA,39.10115106,-77.1549435,Model 3_Tesla,7,2025,9,10,7,Wednesday,2025-09-10,37
1312,EJ7907002F,250041725,Gaithersburg_Police_Department,Property Damage Crash,2025-09-16 20:39:00,Maryland_State_Route,W DIAMOND AVE (WB/L),CHESTNUT ST MUDDY BRANCH RD MUDDY BRANCH RD (SB/L),Rear-End (Same Direction),Weather Related,Rain,Wet,Dark - Lighted,Traffic Signal,None Detected,3D108F89-C3DD-414B-A571-69287A8A6B7C,MD,7FAA9F1B-B9FC-46A6-8100-66D76FBBAE4B,Seven O Clock,PassengerCar,MovingConstantSpeed,East,30.0,No,No,2011,VOLVO,39.1401898,-77.20496646,S60_Volvo,20,2025,9,16,20,Tuesday,2025-09-16,38
1313,MCP2761007B,250041147,Montgomery_County_Police,Injury Crash,2025-09-13 13:25:00,County_Route,OBSERVATION DR (SB/L),RIDGE RD (NB/L),Rear-End (Same Direction),Congestion / Backup,Clear,Dry,Daylight,Traffic Signal,None Detected,00B3CC58-9C4F-4C14-8A01-2BB115543D44,DC,660E32E7-0928-4281-94B6-1A7925855E6F,Six O Clock,Van - Passenger (&lt;9 Seats),StoppedInTrafficLane,Northbound,45.0,No,No,2022,TOYOTA,39.20177383,-77.25332188,Sienna_Toyota,13,2025,9,13,13,Saturday,2025-09-13,37
1314,MCP3319003W,250039404,Montgomery_County_Police,Property Damage Crash,2025-09-03 08:01:00,County_Route,HILDAROSE DR,GEORGIA AVE (SB/L),Sideswipe (Same Direction),Lane Violation,Clear,Dry,Daylight,No Control,None Detected,0ABE3731-51E9-4558-946D-7CA054AE7167,MD,2BB0AA4C-677B-4D1D-B305-49F1E9F9257B,Two O Clock,SportUtilityVehicle,MovingConstantSpeed,Southbound,35.0,No,No,2016,TOYOTA,39.02051458,-77.04451749,RAV4_Toyota,8,2025,9,3,8,Wednesday,2025-09-03,36
1315,MCP28660093,250041155,Montgomery_County_Police,Property Damage Crash,2025-09-13 13:30:00,Maryland_State_Route,NEW HAMPSHIRE AVE,SLIGO CREEK PKWY,Sideswipe (Same Direction),Driver Inattention,Clear,Wet,Daylight,No Control,None Detected,9448B3B3-DE47-49D0-901E-38888A66124A,MD,98366820-5DE8-4D6C-A7F9-6534F6A60754,VehicleNotAtScene,PassengerCar,SlowingOrStopping,Unknown,2.5,No,No,2014,HONDA,38.9817525,-77.09915561,Civic_Honda,13,2025,9,13,13,Saturday,2025-09-13,37
1316,EJ78880084,250041030,Gaithersburg_Police_Department,Injury Crash,2025-09-12 16:30:00,County_Route,MUDDY BRANCH RD,BLACKTHORN ST,Rear-End (Same Direction),Tailgating,Clear,Dry,Daylight,No Control,None Detected,C698C247-29B3-4E6E-8FB3-65F457AF44DC,MD,617B11AA-32C2-4D69-B9B7-1B50DF1C57FB,Seven O Clock,SportUtilityVehicle,MovingConstantSpeed,Northbound,45.0,No,No,2006,CHEVROLET,39.13198983,-77.20630283,Express_Chevrolet,16,2025,9,12,16,Friday,2025-09-12,37
1317,MCP31260072,250041343,Montgomery_County_Police,Property Damage Crash,2025-09-14 20:53:00,Local_Route,ELM FOREST CT,SNOWDEN FARM PKWY,Single Vehicle,Passing / Turning,Clear,Dry,Dark - Lighted,Stop Sign,None Detected,B31EC37A-1A19-4424-BB0C-0DBBCC74CA95,NY,FB2C3B2F-121F-4DEE-8A10-EA857C254F44,Twelve O Clock,PassengerCar,MakingLeftTurn,Westbound,35.0,No,No,2021,DODGE,39.22900428,-77.25144401,Charger_Dodge,20,2025,9,14,20,Sunday,2025-09-14,37
1318,MCP22980189,250041182,Montgomery_County_Police,Property Damage Crash,2025-09-13 17:29:00,County_Route,BUSHEY DR,VEIRS MILL RD,Rear-End (Same Direction),Tailgating,Clear,Dry,Daylight,Stop Sign,None Detected,4FF37797-A9EF-4824-98C1-3F5D892623D8,AZ,3858E7DB-3E14-4E07-8745-DA9A949BA89E,Twelve O Clock,PassengerCar,MovingConstantSpeed,Southbound,35.0,No,No,1995,MAZDA,39.05449242,-77.07954934,MX-5 Miata_Mazda,17,2025,9,13,17,Saturday,2025-09-13,37
1319,MCP22980187,250041026,Montgomery_County_Police,Injury Crash,2025-09-12 16:27:00,County_Route,HOB HILL WAY,MONTGOMERY VILLAGE AVE,Head-On,Lane Violation,Clear,Dry,Daylight,Traffic Signal,None Detected,51C1B3B5-72AC-4471-8516-30A560828213,MD,8F008D6E-1EDF-4961-9A07-DDD1C2F4C690,Twelve O Clock,SportUtilityVehicle,MovingConstantSpeed,Northbound,30.0,No,No,2021,JEEP,39.186765,-77.19817833,Compass_Jeep,16,2025,9,12,16,Friday,2025-09-12,37
1320,MCP2503002B,250040257,Montgomery_County_Police,Property Damage Crash,2025-09-08 11:11:00,County_Route,TOWNE RD,MONTROSE PKWY (WB/L),Sideswipe (Same Direction),Lane Violation,Clear,Dry,Daylight,Traffic Signal,None Detected,CFF70FA2-F50A-4570-A668-1D691EFE1303,MD,C6E592FD-88C4-4564-95C8-CF6A50AE6373,Two O Clock,OtherTruck,SlowingOrStopping,Eastbound,40.0,No,No,2019,TOYOTA,39.05202074,-77.11850098,Camry_Toyota,11,2025,9,8,11,Monday,2025-09-08,37
1321,MCP2351006D,250040614,Montgomery_County_Police,Property Damage Crash,2025-09-10 09:04:00,County_Route,S HORNERS LA,MONTGOMERY AVE,Sideswipe (Same Direction),Lane Violation,Rain,Wet,Daylight,Traffic Signal,None Detected,2B36E581-60F3-47AD-9538-3F06D53FE4B0,MD,5BBDCDAC-7AFF-43C9-8B02-0A716B172F7D,Ten O Clock,SchoolBus,SlowingOrStopping,Eastbound,35.0,No,No,2020,TOYOTA,39.07062373,-77.11386621,Camry_Toyota,9,2025,9,10,9,Wednesday,2025-09-10,37
1322,MCP2974005V,250041618,Montgomery_County_Police,Property Damage Crash,2025-09-16 11:29:00,County_Route,OLD COLUMBIA PIKE,FAIRLAND RD,Sideswipe (Same Direction),Lane Violation,Cloudy,Dry,Daylight,Traffic Signal,None Detected,54F0B5FD-6F71-454F-BCFD-8FDCDBEC9595,MD,811A14B7-1C62-4584-8147-043ADDE76041,Nine O Clock,PassengerCar,MovingConstantSpeed,Southbound,55.0,No,No,2014,TOYOTA,39.07584742,-76.95782292,Camry_Toyota,11,2025,9,16,11,Tuesday,2025-09-16,38
1323,MCP3074006R,250040583,Montgomery_County_Police,Injury Crash,2025-09-09 22:19:00,Maryland_State_Route,GEORGIA AVE,FOREST GLEN RD,Rear-End (Same Direction),Surface Condition,Clear,Dry,Dark - Lighted,Traffic Signal,None Detected,12DD28B2-9EA1-46D3-B7F9-CCBA54E8E3D5,MD,71AED738-E9B4-4EA1-9332-312DB34572C6,Five O Clock,PassengerCar,SlowingOrStopping,East,30.0,No,No,2015,TOYOTA,39.01556545,-77.04254022,Camry_Toyota,22,2025,9,9,22,Tuesday,2025-09-09,37
1324,MCP3220005H,250040921,Montgomery_County_Police,Property Damage Crash,2025-09-11 19:56:00,Interstate_Route,EISENHOWER MEMORIAL HWY,CONGRESSIONAL LA,Sideswipe (Same Direction),Lane Violation,Clear,Dry,Dark - Lighted,No Control,None Detected,819E2AAD-4B73-498D-AE5D-24AB1E97AD77,MD,6E5C49EA-3B65-4E3B-9CEA-BB859957CCE3,One O Clock,TransitBus,MovingConstantSpeed,Northbound,55.0,No,No,2019,DODGE,39.15538667,-77.22412683,Charger_Dodge,19,2025,9,11,19,Thursday,2025-09-11,37
1325,MCP3441001H,250041334,Montgomery_County_Police,Property Damage Crash,2025-09-14 19:42:00,Maryland_State_Route,DARNESTOWN RD,GLADSTONE DR,Angle Collision,Right-of-Way Violation,Clear,Dry,Daylight,No Control,None Detected,EBCB83C1-5912-418B-8423-4DAB39A84E7A,MD,8EB2B1D5-82F7-4718-8CC6-8FFBFEDBBA32,Eleven O Clock,PassengerCar,MovingConstantSpeed,Not On Roadway,2.5,No,No,2014,KIA,39.04276288,-77.1131544,Sorento_Kia,19,2025,9,14,19,Sunday,2025-09-14,37
1327,MCP3290004F,250039812,Montgomery_County_Police,Injury Crash,2025-09-05 12:44:00,County_Route,WORTH AVE,RAMP 6 FR MD 124 EB TO RAMP 7 (TO IS270),Rear-End (Same Direction),Congestion / Backup,Clear,Dry,Daylight,Stop Sign,None Detected,24A35DBD-DAFE-4CC9-B98B-7065DA1FAD96,MD,14E14333-0B9E-4C1C-B3A4-E9194CE3F144,Six O Clock,PassengerCar,StoppedInTrafficLane,Northbound,25.0,No,No,2014,CHEVROLET,39.00840994,-77.01692702,Silverado_Chevrolet,12,2025,9,5,12,Friday,2025-09-05,36
1328,MCP3355001R,250040422,Montgomery_County_Police,Property Damage Crash,2025-09-09 09:38:00,Maryland_State_Route,UNIVERSITY BLVD E,LANGLEY DR,Rear-End (Same Direction),Tailgating,Clear,Dry,Daylight,No Control,None Detected,5D1A9299-F9C4-4C1F-AB88-EE06C153EAB9,MD,648C4658-61A8-4BAA-94A8-BE931FBC164A,Twelve O Clock,PassengerCar,MovingConstantSpeed,Northbound,35.0,No,No,1993,JEEP,39.0014035,-76.99567467,Wrangler_Jeep,9,2025,9,9,9,Tuesday,2025-09-09,37
1329,MCP2203009W,250040778,Montgomery_County_Police,Injury Crash,2025-09-11 07:30:00,Maryland_State_Route,CONNECTICUT AVE (SB/L),INDIANOLA DR,Rear-End (Same Direction),Tailgating,Clear,Dry,Daylight,No Control,None Detected,EFB86410-9370-4BF5-A3D7-5647F28E53F2,MD,872C1455-BCBC-4822-B634-FF171EA9471E,Twelve O Clock,PickupTruck,SlowingOrStopping,Southbound,35.0,No,No,2008,TOYOTA,39.051615,-77.07501933,Tundra_Toyota,7,2025,9,11,7,Thursday,2025-09-11,37
1330,MCP3171002W,250041426,Montgomery_County_Police,Injury Crash,2025-09-15 11:55:00,Maryland_State_Route,GERMANTOWN RD (SB/L),RAMP 5 FR RAMP 8 (FR IS270) TO MD 118 EB,Angle Collision,Road Obstruction,Clear,Dry,Daylight,Traffic Signal,None Detected,ACEF8AA8-0BDD-4D97-9087-7E1BB4A901B0,MD,14DF5DA1-15D9-4ED9-83C6-93ECBB396090,Twelve O Clock,SportUtilityVehicle,Accelerating,North,20.0,No,No,2016,LAND ROVER,39.18333336,-77.2571431,Range Rover_Land Rover,11,2025,9,15,11,Monday,2025-09-15,38
1331,MCP3301003D,250039553,Montgomery_County_Police,Property Damage Crash,2025-09-03 21:25:00,County_Route,ADELPHI RD (WB/L),ATHERTON DR,Rear-End (Same Direction),Right-of-Way Violation,Clear,Dry,Dark - Lighted,No Control,None Detected,0E87AE55-9740-4C8A-BA15-BD677D339603,MD,9874C89B-B764-48F9-A701-1EABAB314AA9,Seven O Clock,PassengerCar,MakingRightTurn,Westbound,35.0,No,No,2021,TOYOTA,39.01100051,-76.97717982,RAV4_Toyota,21,2025,9,3,21,Wednesday,2025-09-03,36
1332,DD558300BC,250040647,Rockville_Police_Department,Property Damage Crash,2025-09-10 11:55:00,Maryland_State_Route,BEL PRE RD,UNIVERSITY BLVD E,Sideswipe (Same Direction),Passing / Turning,Cloudy,Dry,Daylight,Traffic Signal,None Detected,FA86A7A4-436C-4867-A9D5-2C871E931A49,MD,3B73B095-C1DC-4CA7-91F0-3C403C9E07CD,Three O Clock,PickupTruck,MakingRightTurn,Unknown,2.5,No,No,2020,FORD,39.11255043,-77.172461,F-350_Ford,11,2025,9,10,11,Wednesday,2025-09-10,37
1333,MCP209400PN,250040613,Montgomery_County_Police,Injury Crash,2025-09-10 08:52:00,County_Route,MOHICAN RD,MACARTHUR BLVD,Single Vehicle,Speed Related,Rain,Wet,Daylight,No Control,None Detected,574698EA-274E-443B-937A-DA52DCBAA9B4,MD,B1F5DE12-D2BE-46FE-BB7E-20CC9D6349C5,Twelve O Clock,SportUtilityVehicle,MovingConstantSpeed,Eastbound,35.0,No,No,2023,VOLVO,38.96097698,-77.13300019,XC90_Volvo,8,2025,9,10,8,Wednesday,2025-09-10,37
1334,MCP22980182,250040556,Montgomery_County_Police,Property Damage Crash,2025-09-09 19:01:00,County_Route,RIDGE RD,CEDAR BLUFF DR,Single Vehicle,Driver Inattention,Clear,Dry,Dusk,No Control,None Detected,914C92C5-A302-401F-BC9A-123E8CB8382C,MD,F45DC428-C6C5-4E58-B943-D04DB96B8BDE,Nine O Clock,PassengerCar,NegotiatingCurve,Eastbound,40.0,No,No,2008,NISSAN,39.16407167,-77.14915833,Altima_Nissan,19,2025,9,9,19,Tuesday,2025-09-09,37
1335,MCP3074006Q,250040580,Montgomery_County_Police,Injury Crash,2025-09-09 21:17:00,County_Route,FOREST GLEN RD (WB/L),FOREST GLEN RD (WB/L) GEORGIA AVE,Head-On,Right-of-Way Violation,Clear,Dry,Dark - Lighted,Traffic Signal,None Detected,D79F0453-6DAE-41BA-B9E3-9423ACAF8AC7,VA,A076321B-40BA-4BFC-AE39-CB1637989894,Twelve O Clock,PassengerCar,MakingLeftTurn,South,30.0,No,No,2017,TOYOTA,39.01568216,-77.04266897,Corolla_Toyota,21,2025,9,9,21,Tuesday,2025-09-09,37
1336,MCP3214003K,250040761,Montgomery_County_Police,Property Damage Crash,2025-09-10 22:50:00,County_Route,FATHER HURLEY BLVD,CRYSTAL ROCK DR,Rear-End (Same Direction),Weather Related,Rain,Wet,Dark - Lighted,Traffic Signal,None Detected,4709EF0A-519D-4925-8742-6C3224DAE842,MD,0997C56F-7597-4113-9491-6F36AE41060C,Six O Clock,PassengerCar,StoppedInTrafficLane,Southbound,45.0,No,No,2015,TOYOTA,39.19371307,-77.27011933,Corolla_Toyota,22,2025,9,10,22,Wednesday,2025-09-10,37
1337,MCP32620065,250040514,Montgomery_County_Police,Property Damage Crash,2025-09-09 16:30:00,County_Route,FAIRLAND RD,OCTAGON LA,Sideswipe (Opposite Direction),Lane Violation,Clear,Dry,Daylight,Traffic Signal,None Detected,1B9CE0BE-5528-4946-B776-52F76AD919D9,MD,8EAB1129-48E6-438A-9B52-4F341AC636E9,Twelve O Clock,PassengerCar,MovingConstantSpeed,Westbound,40.0,No,No,2015,JEEP,39.07556133,-76.99402533,Cherokee_Jeep,16,2025,9,9,16,Tuesday,2025-09-09,37
1338,MCP2347005X,250040414,Montgomery_County_Police,Property Damage Crash,2025-09-09 09:21:00,County_Route,FIELDS RD,DARTMOUTH AVE,Angle Collision,Right-of-Way Violation,Clear,Dry,Daylight,No Control,None Detected,B28D3A40-F9C0-4058-8F87-B1FFE9E0BD8A,MD,8B909E0A-3825-4CE5-86E3-1B18ECA7EE94,Five O Clock,PassengerCar,MovingConstantSpeed,Not On Roadway,2.5,No,No,2018,HONDA,39.08260243,-76.94619837,CR-V_Honda,9,2025,9,9,9,Tuesday,2025-09-09,37
1339,MCP3289004C,250040251,Montgomery_County_Police,Injury Crash,2025-09-08 10:41:00,County_Route,COLONIAL LA,LORAIN AVE,Sideswipe (Same Direction),Lane Violation,Clear,Dry,Daylight,No Control,None Detected,3A2046FE-D8D3-4CC3-9593-36215D336649,WV,F70506F9-6BBB-4653-961D-B6D0CD8025D1,Five O Clock,PassengerCar,MovingConstantSpeed,Not On Roadway,20.0,No,No,2022,VOLKSWAGEN,38.99193906,-77.02787331,Tiguan_Volkswagen,10,2025,9,8,10,Monday,2025-09-08,37
1340,MCP3271005Z,250041047,Montgomery_County_Police,Property Damage Crash,2025-09-12 16:52:00,County_Route,METRORAIL TRACK B2 RAIL,HIDDEN VALLEY DR,Angle Collision,Backing Error,Clear,Dry,Daylight,No Control,None Detected,B10F7A9A-D63A-461F-9F48-CEB8136E3B3F,MD,0528E440-EC7C-46E1-A148-7787C49C31D2,Five O Clock,PassengerCar,Backing,Not On Roadway,2.5,No,No,2020,HONDA,39.00781405,-77.04016446,Accord_Honda,16,2025,9,12,16,Friday,2025-09-12,37
1341,MCP3171002W,250041426,Montgomery_County_Police,Injury Crash,2025-09-15 11:55:00,Maryland_State_Route,GERMANTOWN RD (SB/L),RAMP 5 FR RAMP 8 (FR IS270) TO MD 118 EB,Angle Collision,Road Obstruction,Clear,Dry,Daylight,Traffic Signal,None Detected,5D963CE3-B338-4FB1-84C7-88E04BBD5088,MD,9958B9C9-EEB4-450A-82A3-3D5D5663812F,Twelve O Clock,SportUtilityVehicle,MovingConstantSpeed,North,40.0,No,No,2024,TOYOTA,39.18333336,-77.2571431,Corolla Cross_Toyota,11,2025,9,15,11,Monday,2025-09-15,38