Unnamed: 0,Report Number,Local Case Number,Agency Name,ACRS Report Type,Crash Date/Time,Route Type,Road Name,Cross-Street Name,Collision Type,Circumstance_Category,Weather,Surface Condition,Light,Traffic Control,Driver Substance Abuse,Person ID,Drivers License State,Vehicle ID,Vehicle First Impact Location,Vehicle Body Type,Vehicle Movement,Vehicle Going Dir,Speed Limit,Driverless Vehicle,Parked Vehicle,Vehicle Year,Vehicle Make,Latitude,Longitude,Vehicle Model,hour,Crash_year,Crash_month,Crash_day,Crash_hour,Crash_day_name,Crash_date,Crash_week
1342,MCP33620068,250041260,Montgomery_County_Police,Property Damage Crash,2025-09-14 10:11:00,Maryland_State_Route,NEW HAMPSHIRE AVE (SB/L),WESTBARD AVE,Rear-End (Same Direction),Tailgating,Clear,Dry,Daylight,No Control,None Detected,906EE5CB-7AF6-4D27-BD51-3E54D5E0DEA4,MD,4407E493-5D12-4991-B201-0BE1B5FB8A08,Six O Clock,PassengerCar,MovingConstantSpeed,Southbound,35.0,No,No,2020,FORD,39.021153,-76.97693117,Escape_Ford,10,2025,9,14,10,Sunday,2025-09-14,37
1343,MCP31620067,250041135,Montgomery_County_Police,Injury Crash,2025-09-13 11:40:00,Maryland_State_Route,GEORGIA AVE (SB/L),OAKMONT AVE,Rear-End (Same Direction),Tailgating,Clear,Dry,Daylight,No Control,None Detected,2504C684-07DE-458B-900A-4CD6D6989A68,MD,01284398-EB9E-4EF4-8951-155E2C52A0C1,Six O Clock,PassengerCar,SlowingOrStopping,Southbound,30.0,No,No,2011,FORD,39.00907284,-77.04049901,Edge_Ford,11,2025,9,13,11,Saturday,2025-09-13,37
1344,MCP33950043,250039238,Montgomery_County_Police,Injury Crash,2025-09-02 10:42:00,Maryland_State_Route,WASHINGTON GROVE LA,SHADY GROVE RD,Single Vehicle,Driver Inattention,Clear,Dry,Daylight,Traffic Signal,None Detected,2700D481-1ED0-4392-BEB5-69C7ABA03C5B,MD,542F6330-03BA-4DC1-8718-25FE2855513E,Twelve O Clock,PassengerCar,Accelerating,Not On Roadway,2.5,No,No,2020,VOLKSWAGEN,39.04057467,-77.110352,Jetta_Volkswagen,10,2025,9,2,10,Tuesday,2025-09-02,36
1345,MCP33560033,250039548,Montgomery_County_Police,Injury Crash,2025-09-03 20:20:00,County_Route,MIDDLEBROOK RD,GERMANTOWN RD,Rear-End (Same Direction),Tailgating,Clear,Dry,Daylight,Traffic Signal,None Detected,5FB8E322-2E76-4CEF-9311-D17AF1F30BC8,MD,2C938F15-2D84-4C4C-90D2-6900CAA9F7FA,Twelve O Clock,PickupTruck,SlowingOrStopping,North,45.0,No,No,2008,FORD,39.17870247,-77.26735996,F-150_Ford,20,2025,9,3,20,Wednesday,2025-09-03,36
1346,MCP3290004F,250039812,Montgomery_County_Police,Injury Crash,2025-09-05 12:44:00,County_Route,WORTH AVE,TOWER OAKS BLVD,Rear-End (Same Direction),Tailgating,Clear,Dry,Daylight,Stop Sign,None Detected,A548E4C6-CE1E-491F-A1A8-A27371BDD658,MD,6DBC05D0-47C9-416D-8533-0C45B379F557,VehicleNotAtScene,PassengerCar,SlowingOrStopping,Northbound,25.0,No,No,2000,HONDA,39.00840994,-77.01692702,Civic_Honda,12,2025,9,5,12,Friday,2025-09-05,36
1347,MCP27560079,250040710,Montgomery_County_Police,Property Damage Crash,2025-09-10 17:26:00,Maryland_State_Route,GEORGIA AVE,DAWSON AVE,Angle Collision,Right-of-Way Violation,Clear,Dry,Daylight,Yield Sign,None Detected,76C3B435-3A47-455B-915F-2A6FAE9A9768,VA,EE000093-BA6D-4A00-ADCD-58F2F78437AF,Eleven O Clock,PassengerCar,EnteringTrafficLane,Westbound,25.0,No,No,2018,TESLA,39.04560837,-77.05200829,Model 3_Tesla,17,2025,9,10,17,Wednesday,2025-09-10,37
1348,MCP3407001J,250041046,Montgomery_County_Police,Property Damage Crash,2025-09-12 19:12:00,Maryland_State_Route,E RANDOLPH RD (WB/L),TARA RD,Back-to-Back,Backing Error,Clear,Dry,Dark - Lighted,No Control,None Detected,0BEDE28A-D785-40F5-8B49-11C9DCC31E67,MD,136E59BD-44C0-4DFD-9C10-DD14CFE53F51,Seven O Clock,PassengerCar,Backing,Not On Roadway,2.5,No,No,2018,MAZDA,39.18137358,-77.2733293,CX-5_Mazda,19,2025,9,12,19,Friday,2025-09-12,37
1349,MCP3227006P,250040811,Montgomery_County_Police,Injury Crash,2025-09-11 11:13:00,US_State_Route,COLESVILLE RD,UNIVERSITY BLVD E,Sideswipe (Same Direction),Lane Violation,Cloudy,Dry,Daylight,Traffic Signal,None Detected,04AD28B8-2ECC-4565-BD29-7868A3F6D0A8,MD,EC180D51-DA6E-499E-A77D-6756847786A5,Ten O Clock,PassengerCar,MovingConstantSpeed,Unknown,35.0,No,No,2013,HYUNDAI,39.01972765,-77.0131649,Sonata_Hyundai,11,2025,9,11,11,Thursday,2025-09-11,37
1350,MCP3074006S,250041704,Montgomery_County_Police,Injury Crash,2025-09-16 17:39:00,Maryland_State_Route,GEORGIA AVE,GRACE CHURCH RD,Angle Collision,Lane Violation,Rain,Wet,Daylight,No Control,None Detected,B47AC14A-A37C-44F5-877F-A3C5316AADAF,MD,038C6706-9D09-4B09-850C-74352136C2D5,Twelve O Clock,PassengerCar,MovingConstantSpeed,Southbound,30.0,No,No,2024,TOYOTA,39.00517799,-77.03794828,RAV4_Toyota,17,2025,9,16,17,Tuesday,2025-09-16,38
1351,MCP3428000Q,250039580,Montgomery_County_Police,Injury Crash,2025-09-04 04:46:00,Maryland_State_Route,GOLDSBORO RD (SB/L),RIVER RD (WB/L),Angle Collision,Right-of-Way Violation,Clear,Dry,Dark - Lighted,Flashing Traffic Signal,None Detected,6DABD6DC-02ED-4C42-89E9-1117340B2C39,MD,7CDAD729-5958-4962-912B-4E026F84DED3,Twelve O Clock,PassengerCar,MovingConstantSpeed,Southbound,35.0,No,No,2023,TOYOTA,38.97312688,-77.12202661,Camry_Toyota,4,2025,9,4,4,Thursday,2025-09-04,36
1352,MCP2770004K,250040612,Montgomery_County_Police,Property Damage Crash,2025-09-10 08:15:00,County_Route,OLDE MILL RUN,SEVEN LOCKS RD,Angle Collision,Backing Error,Rain,Wet,Daylight,No Control,None Detected,88394DA8-9A4C-47F5-9B9F-0BFE5826F9C8,MD,17754CF8-4175-4FC6-B0C2-9BF8A011B598,Five O Clock,PassengerCar,Backing,Not On Roadway,15.0,No,No,2019,MINI,39.13491667,-77.135065,Countryman_Mini,8,2025,9,10,8,Wednesday,2025-09-10,37
1353,MCP3074006P,250040546,Montgomery_County_Police,Property Damage Crash,2025-09-09 18:23:00,County_Route,DEARBORN AVE,ROAD END,Sideswipe (Opposite Direction),Lane Violation,Clear,Dry,Daylight,No Control,None Detected,CAC58F44-6E84-4B98-AF44-B013EC6BE026,MD,BC4ED586-2428-4397-8668-66EFA695C808,Twelve O Clock,PassengerCar,MovingConstantSpeed,Eastbound,25.0,No,No,2011,HONDA,39.0103469,-77.00282207,Accord_Honda,18,2025,9,9,18,Tuesday,2025-09-09,37
1354,MCP22980189,250041182,Montgomery_County_Police,Property Damage Crash,2025-09-13 17:29:00,County_Route,BUSHEY DR,VEIRS MILL RD,Rear-End (Same Direction),Right-of-Way Violation,Clear,Dry,Daylight,Stop Sign,None Detected,EB0F62B7-3AE2-4B5D-9366-D463C6DD5F7D,MD,217B1C1B-F3AF-404D-A2F0-833426865960,Five O Clock,SportUtilityVehicle,MakingLeftTurn,Westbound,35.0,No,No,2016,HONDA,39.05449242,-77.07954934,Pilot_Honda,17,2025,9,13,17,Saturday,2025-09-13,37
1355,MCP2927004V,250040883,Montgomery_County_Police,Property Damage Crash,2025-09-11 16:30:00,Spur_Route,WATKINS MILL RD,SPENCER RD,Angle Collision,Right-of-Way Violation,Clear,Dry,Daylight,Traffic Signal,None Detected,DBFE2C46-99CB-4AAC-B266-E8F9BF067820,MD,A9059D7B-7C95-4A66-8A12-7839B8DC259C,Twelve O Clock,PassengerCar,MakingLeftTurn,Eastbound,35.0,No,No,2018,VOLKSWAGEN,39.00760606,-77.01975601,Passat_Volkswagen,16,2025,9,11,16,Thursday,2025-09-11,37
1356,MCP3350004G,250040090,Montgomery_County_Police,Property Damage Crash,2025-09-07 04:30:00,Interstate_Route,EISENHOWER MEMORIAL HWY,FIRE STATION #20,Rear-End (Same Direction),Driver Inattention,Clear,Dry,Dark - Not Lighted,No Control,Suspect Alcohol Only,0C4E6EE5-23F9-40C6-B29D-78282DAEA5B0,MD,C12576F5-555C-47D7-BF2D-62974D84B1AF,Twelve O Clock,PassengerCar,MovingConstantSpeed,Northbound,55.0,No,No,2014,TOYOTA,39.03224768,-77.13499066,Camry_Toyota,4,2025,9,7,4,Sunday,2025-09-07,36
1357,MCP15500069,250041411,Montgomery_County_Police,Property Damage Crash,2025-09-15 10:45:00,Maryland_State_Route,ROCKVILLE PIKE (SB/L),ENT TO SILVER SPRING FIRE STATION #1,Sideswipe (Same Direction),Lane Violation,Clear,Dry,Daylight,No Control,None Detected,F5FB4138-5188-4043-AEB7-0FDE832B4DF3,MD,18799C03-8A83-4BE0-A0E6-BE40420C2260,Ten O Clock,PickupTruck,MovingConstantSpeed,Southbound,35.0,No,No,2019,FORD,39.01525596,-77.10015141,F-450_Ford,10,2025,9,15,10,Monday,2025-09-15,38
1358,MCP3251001P,250040084,Montgomery_County_Police,Injury Crash,2025-09-07 01:46:00,County_Route,WARING STATION RD,RAMP 8 FR IS270 SB TO FATHER HURLEY BLVD,Rear-End (Same Direction),Speed Related,Rain,Wet,Dark - Not Lighted,No Control,None Detected,29C00E19-5E7B-472C-B7C6-25227A0F16F6,MD,825DC7F7-D719-477B-8FC4-5DA1374F4189,Six O Clock,PassengerCar,SlowingOrStopping,Northbound,35.0,No,No,2003,BMW,39.15451444,-77.25448688,3 Series_BMW,1,2025,9,7,1,Sunday,2025-09-07,36
1359,MCP2203009V,250040605,Montgomery_County_Police,Injury Crash,2025-09-10 08:30:00,County_Route,GAIL ST,VEIRS MILL RD (WB/L),Angle Collision,Weather Related,Rain,Wet,Daylight,No Control,None Detected,BD52C04C-6A99-4332-B103-30E781160FDF,MD,BECFFE3E-1D98-4121-8D9A-072DA5F2806A,Eleven O Clock,SportUtilityVehicle,MovingConstantSpeed,North,35.0,No,No,2009,NISSAN,39.0494345,-77.0707445,Versa_Nissan,8,2025,9,10,8,Wednesday,2025-09-10,37
1360,MCP3384001Q,250040328,Montgomery_County_Police,Injury Crash,2025-09-08 14:35:00,Government_Route,SLIGO CREEK PKWY,COLESVILLE RD COLESVILLE RD (SB/L) ST ANDREWS WAY,Single Vehicle,Lane Violation,Clear,Dry,Daylight,Traffic Signal,None Detected,0D288697-B390-4843-8815-6780607B7D7F,MD,358171C8-DFC3-4BE2-B0C5-DA3A28CD9A68,One O Clock,PassengerCar,MovingConstantSpeed,Southbound,35.0,No,No,2024,MAZDA,39.00768624,-77.02008906,Mazda3_Mazda,14,2025,9,8,14,Monday,2025-09-08,37
1361,DD5648004C,250041270,Rockville_Police_Department,Property Damage Crash,2025-09-14 11:50:00,Municipality_Route,CONGRESSIONAL LA,ROCKVILLE PIKE,Angle Collision,Road Obstruction,Clear,Dry,Daylight,Traffic Signal,None Detected,B915C6D4-5142-4A4D-AA7B-3816DC430FCC,MD,E5369E54-14D9-4764-B075-515DF11A4AF3,Twelve O Clock,PassengerCar,MovingConstantSpeed,North,40.0,No,No,2014,TOYOTA,39.06432668,-77.1260717,Corolla_Toyota,11,2025,9,14,11,Sunday,2025-09-14,37
1363,DD56730024,250041881,Rockville_Police_Department,Property Damage Crash,2025-09-17 17:25:00,County_Route,RANDOLPH RD,LELAND ST,Angle Collision,Right-of-Way Violation,Clear,Dry,Daylight,No Control,None Detected,46DAB692-23E0-4D29-A890-AE088522DDFA,MD,9BBED4B0-CC7C-42EC-8BAD-4E76702F39F4,Three O Clock,PassengerCar,MakingRightTurn,Not On Roadway,2.5,No,No,2021,CHRYSLER,39.06263737,-77.1269065,Pacifica_Chrysler,17,2025,9,17,17,Wednesday,2025-09-17,38
1364,MCP06170076,250042468,Montgomery_County_Police,Property Damage Crash,2025-09-21 06:42:00,County_Route,NORTHWYN DR,TWIN FORKS LA,Single Vehicle,Lane Violation,Cloudy,Dry,Dawn,No Control,Suspect Alcohol Only,3645EFA9-C6E5-4F6F-82E7-84B827D9248D,MD,18A2F7FE-A942-4AB3-8093-2FA54D74DE4A,Underside,PassengerCar,Parking,Not On Roadway,30.0,No,No,2011,BMW,39.09223613,-77.01205515,5 Series_BMW,6,2025,9,21,6,Sunday,2025-09-21,38
1365,MCP34940002,250041052,Montgomery_County_Police,Property Damage Crash,2025-09-12 18:23:00,US_State_Route,OMEGA DR,DENLEY RD,Angle Collision,Right-of-Way Violation,Clear,Dry,Daylight,No Control,None Detected,385A3DAE-1C90-4608-9621-B846794CE974,MD,918E316F-B678-48CE-BF2A-32B7D54119DB,One O Clock,PickupTruck,MakingLeftTurn,Northbound,30.0,No,No,2018,CHEVROLET,38.99887679,-77.02616853,Colorado_Chevrolet,18,2025,9,12,18,Friday,2025-09-12,37
1366,DM84390046,250040396,Takoma_Park_Police_Department,Property Damage Crash,2025-09-09 07:03:00,Maryland_State_Route,MONTGOMERY VILLAGE AVE,RAMP 9 FR IS 370 EB TO SHADY GROVE RD SB,Angle Collision,Driver Inattention,Clear,Dry,Daylight,Traffic Signal,None Detected,8B7AA647-0FB6-456A-A75D-3318E1B2E915,MD,A6265F82-20E2-4D4A-8897-A8080242EAA8,Nine O Clock,PickupTruck,MovingConstantSpeed,Not On Roadway,2.5,No,No,2017,FORD,38.98859509,-76.98828139,F-250_Ford,7,2025,9,9,7,Tuesday,2025-09-09,37
1367,MCP3400002R,250042066,Montgomery_County_Police,Property Damage Crash,2025-09-18 17:03:00,US_State_Route,COLUMBIA PIKE,BONDY LA,Rear-End (Same Direction),Driver Inattention,Clear,Dry,Daylight,Traffic Signal,None Detected,02604DDE-2397-4DA4-A339-DB2E4FE0B9BD,MD,9EF678AC-AD58-4EDC-A06E-F577303DEB10,Six O Clock,PassengerCar,MovingConstantSpeed,Northbound,45.0,No,No,2020,CHEVROLET,39.0465445,-76.98667933,Silverado_Chevrolet,17,2025,9,18,17,Thursday,2025-09-18,38
1368,MCP32630057,250042214,Montgomery_County_Police,Property Damage Crash,2025-09-19 14:15:00,County_Route,ROCKLEDGE DR (SB/L),DEMOCRACY BLVD,Rear-End (Same Direction),Congestion / Backup,Clear,Dry,Daylight,Traffic Signal,None Detected,28DF1297-F305-47B6-AD41-FEAD86F30DC4,MD,5FEF14C8-7228-411F-83DB-210C8EB1AFC3,Six O Clock,PassengerCar,StoppedInTrafficLane,West,35.0,No,No,2017,PORSCHE,39.02291485,-77.13228466,Macan_Porsche,14,2025,9,19,14,Friday,2025-09-19,38
1369,MCP30500070,250042823,Montgomery_County_Police,Injury Crash,2025-09-23 15:49:00,County_Route,INDEPENDENCE ST,PARKLAND DR (NB/L),Angle Collision,Lane Violation,Clear,Dry,Daylight,No Control,None Detected,3D9C2674-5B0E-48C6-B240-040019C86E86,MD,92453C68-F4A4-494E-9E3F-2E298646DFD6,Twelve O Clock,PassengerCar,MovingConstantSpeed,Northbound,25.0,No,No,2007,CHEVROLET,39.07271367,-77.08692833,Cobalt_Chevrolet,15,2025,9,23,15,Tuesday,2025-09-23,39
1370,MCP2455008G,250042811,Montgomery_County_Police,Property Damage Crash,2025-09-23 14:35:00,County_Route,AVERY RD,ROAD END,Single Vehicle,Driver Inattention,Clear,Dry,Daylight,No Control,None Detected,76E97ADE-3C49-4BDC-A7C9-1DC4DC510D5F,MD,32AAD0EF-6032-4F71-9B37-104875EBBD71,One O Clock,PickupTruck,MovingConstantSpeed,Southbound,25.0,No,No,2016,CHEVROLET,39.10272588,-77.12408874,Silverado_Chevrolet,14,2025,9,23,14,Tuesday,2025-09-23,39
1371,MCP3037007J,250042083,Montgomery_County_Police,Injury Crash,2025-09-18 18:36:00,Maryland_State_Route,FREDERICK RD,MONTROSE RD,Head-On,Lane Violation,Clear,Dry,Daylight,Traffic Signal,None Detected,FC300401-967E-4C28-91C9-DADCC2C6E42A,MD,394B39D2-0AA7-42AD-9149-29797C880910,Eleven O Clock,Motorcycle2Wheeled,MovingConstantSpeed,Southbound,40.0,No,No,2025,TOYOTA,39.21580333,-77.25261983,Camry_Toyota,18,2025,9,18,18,Thursday,2025-09-18,38
1372,MCP3258005N,250042078,Montgomery_County_Police,Property Damage Crash,2025-09-18 17:48:00,Maryland_State_Route,UNIVERSITY BLVD W,GEORGIA AVE,Rear-End (Same Direction),Congestion / Backup,Clear,Dry,Daylight,Traffic Signal,None Detected,17026113-9F53-48D2-AC51-9338412A7674,MD,57F68E1A-7EDF-4728-952A-F1426358F451,Six O Clock,PassengerCar,StoppedInTrafficLane,Northbound,25.0,No,No,2023,HYUNDAI,39.04141131,-77.05163553,Elantra_Hyundai,17,2025,9,18,17,Thursday,2025-09-18,38
1373,DD556700B1,250042602,Rockville_Police_Department,Property Damage Crash,2025-09-22 08:40:00,Interstate_Route,EISENHOWER MEMORIAL HWY,ENT TO WHITE OAK SHOPPING CENTER,Single Vehicle,Driver Inattention,Clear,Dry,Daylight,No Control,None Detected,B94FD802-7F57-45DD-B78A-3AEE739B2C6A,MD,9B61B84E-B670-48DD-8356-0873DDBE5C48,Twelve O Clock,SportUtilityVehicle,MovingConstantSpeed,Northbound,55.0,No,No,2020,DODGE,39.03256926,-77.13746174,Durango_Dodge,8,2025,9,22,8,Monday,2025-09-22,39
1374,MCP3040008H,250041888,Montgomery_County_Police,Property Damage Crash,2025-09-17 18:45:00,Maryland_State_Route,W EDMONSTON DR,TEMPLETON PL,Rear-End (Same Direction),Speed Related,Rain,Wet,Dusk,No Control,None Detected,941F79F3-664F-46C0-B279-EAB2F534B689,MD,45C3850A-0954-43C0-BE57-D6A306D16F08,Eleven O Clock,PassengerCar,MovingConstantSpeed,Eastbound,40.0,No,No,2012,MERCEDES-BENZ,39.17667933,-77.10033883,C-Class_Mercedes-Benz,18,2025,9,17,18,Wednesday,2025-09-17,38
1375,MCP33300033,250040664,Montgomery_County_Police,Injury Crash,2025-09-10 13:30:00,County_Route,KENSINGTON BLVD,GRANDVIEW AVE,Single Vehicle,Weather Related,Rain,Wet,Daylight,Stop Sign,None Detected,4B05E8AD-0488-48E2-B19F-ECA213DA45E3,MD,1D1CD175-890B-4FC7-B783-BCC3DD4226BF,NonCollision,PassengerCar,MakingLeftTurn,North,25.0,No,No,2019,HONDA,39.04172642,-77.05317159,CR-V_Honda,13,2025,9,10,13,Wednesday,2025-09-10,37
1376,HA2525000S,25002040,Takoma_Park_Police_Department,Property Damage Crash,2025-09-22 08:30:00,Government_Route,SLIGO CREEK PKWY,JACKSON AVE,Sideswipe (Opposite Direction),Lane Violation,Clear,Dry,Daylight,No Control,None Detected,8BD653CE-80C0-4C8A-8CC7-52E213DB8D3C,MD,8DD2358C-5349-43B6-B83D-0741889F985F,VehicleNotAtScene,PassengerCar,MovingConstantSpeed,Northbound,25.0,No,No,2011,BUICK,39.02287675,-77.02993049,Encore_Buick,8,2025,9,22,8,Monday,2025-09-22,39
1377,MCP26990023,250039864,Montgomery_County_Police,Injury Crash,2025-09-05 16:31:00,County_Route,TUCKERMAN LA,ODENDHAL AVE,Sideswipe (Same Direction),Right-of-Way Violation,Clear,Dry,Daylight,Traffic Signal,None Detected,90C65E0A-C16C-433E-AE85-24BE9C9BE4A6,MD,BC5145DC-4E18-4E5D-94DB-15D76BD6B6E1,One O Clock,PassengerCar,ChangingLanes,Northbound,35.0,No,No,2016,KIA,39.04000465,-77.15737551,Optima_Kia,16,2025,9,5,16,Friday,2025-09-05,36
1378,MCP3053009B,250042077,Montgomery_County_Police,Property Damage Crash,2025-09-18 18:00:00,Maryland_State_Route,PLYERS MILL RD,CONNECTICUT AVE,Other,Right-of-Way Violation,Clear,Dry,Daylight,Traffic Signal,None Detected,2AED08B6-B795-4045-8B40-1E004450B818,MD,F7CA0329-6B7F-44F2-9716-6BB2D7E9B17F,VehicleNotAtScene,PassengerCar,MakingUTurn,South,25.0,No,No,2015,NISSAN,39.02968554,-77.07588996,Altima_Nissan,18,2025,9,18,18,Thursday,2025-09-18,38
1379,MCP3094006L,250041851,Montgomery_County_Police,Property Damage Crash,2025-09-17 15:41:00,Maryland_State_Route,MUNCASTER MILL RD,WHEATRIDGE DR,Angle Collision,Right-of-Way Violation,Cloudy,Dry,Daylight,No Control,None Detected,59A280D7-B0FF-4B3C-986E-791D3154E218,MD,837EC10D-76DF-4C95-A2A7-F7FA1C5A77FE,Twelve O Clock,PassengerCar,MakingLeftTurn,Northbound,35.0,No,No,2025,HONDA,39.14609322,-77.14508831,CR-V_Honda,15,2025,9,17,15,Wednesday,2025-09-17,38
1380,MCP2159003M,250042383,Montgomery_County_Police,Injury Crash,2025-09-20 13:41:00,Maryland_State_Route,VEIRS MILL RD,ROCKLEDGE DR,Rear-End (Same Direction),Congestion / Backup,Cloudy,Dry,Daylight,No Control,None Detected,DEF0BB84-EB37-4D39-B913-0079EA95316A,MD,6C5F5F0B-F39F-4DDA-9B38-80E2746F6F27,Six O Clock,SportUtilityVehicle,StoppedInTrafficLane,Southbound,30.0,No,No,2019,KIA,39.24053663,-77.2816474,Sorento_Kia,13,2025,9,20,13,Saturday,2025-09-20,38
1381,MCP2816004S,250041134,Montgomery_County_Police,Property Damage Crash,2025-09-13 11:11:00,Private_Route,ROEDER RD,NORTON RD S GLEN RD,Angle Collision,Driver Inattention,Clear,Dry,Daylight,No Control,None Detected,3EA0057A-0998-4EFD-8835-ECAF304EBA54,MD,34F6C7C9-B804-4571-A0D8-ABC0D1853EBA,Four O Clock,PassengerCar,MovingConstantSpeed,East,30.0,No,No,2024,MERCEDES-BENZ,39.03146333,-77.21207167,GLS_Mercedes-Benz,11,2025,9,13,11,Saturday,2025-09-13,37
1382,MCP3396002G,250042507,Montgomery_County_Police,Property Damage Crash,2025-09-21 13:45:00,County_Route,UNIVERSITY BLVD W,NEW HAMPSHIRE AVE,Single Vehicle,Driver Inattention,Clear,Dry,Daylight,No Control,None Detected,FAA0BC03-7CF3-4F99-8E6D-6287F1645DC4,MD,92EAED58-4FAF-44F3-9FBF-A88342A06899,Ten O Clock,Other,MovingConstantSpeed,Not On Roadway,2.5,No,No,2018,FORD,39.11448381,-77.2041744,Taurus_Ford,13,2025,9,21,13,Sunday,2025-09-21,38
1383,MCP3094006K,250041684,Montgomery_County_Police,Injury Crash,2025-09-16 16:29:00,County_Route,RANDOLPH RD,MONTROSE PKWY,Head-On,Lane Violation,Rain,Wet,Daylight,No Control,None Detected,F1A48B67-8098-4577-A595-180950446D43,MD,B5DA1907-A6A2-403A-98AA-E9ABDA775EA8,Twelve O Clock,SportUtilityVehicle,MovingConstantSpeed,Northbound,35.0,No,No,2022,TOYOTA,39.14176355,-77.14364152,Camry_Toyota,16,2025,9,16,16,Tuesday,2025-09-16,38
1384,MCP3408001Y,250042270,Montgomery_County_Police,Injury Crash,2025-09-19 18:00:00,Maryland_State_Route,UNIVERSITY BLVD E,GUNNERS BRANCH RD,Rear-End (Same Direction),Speed Related,Clear,Dry,Daylight,No Control,None Detected,10500D24-B69F-48B2-8027-B8726C6CDE7C,MD,B6F9C124-5A01-444C-A86D-250BEF86BE86,Twelve O Clock,PassengerCar,MovingConstantSpeed,Southbound,25.0,No,No,2021,TOYOTA,38.9953272,-76.99311332,Corolla_Toyota,18,2025,9,19,18,Friday,2025-09-19,38
1385,MCP2187002X,250041132,Montgomery_County_Police,Property Damage Crash,2025-09-13 11:25:00,Municipality_Route,RIDGE RD,RAILROAD ST,Sideswipe (Opposite Direction),Lane Violation,Clear,Dry,Daylight,No Control,None Detected,D537618D-6A1A-42AD-A4F9-9C520A6E3CBF,MD,25AAE206-7B8A-43A1-9312-F5FC14E28F32,Eleven O Clock,StationWagon,NegotiatingCurve,Southbound,25.0,No,No,2022,TOYOTA,39.13530967,-77.17487133,RAV4_Toyota,11,2025,9,13,11,Saturday,2025-09-13,37
1386,MCP2503002C,250041388,Montgomery_County_Police,Property Damage Crash,2025-09-15 07:52:00,Maryland_State_Route,RIVER RD,PEACH TREE RD,Single Vehicle,Lane Violation,Clear,Dry,Daylight,No Control,None Detected,A6ED13F9-238A-4E52-B950-127F85F26EC6,MD,F7CB66B6-EF02-4738-9A18-3AC09D31B163,One O Clock,SchoolBus,SlowingOrStopping,Westbound,50.0,No,No,2021,HYUNDAI,39.06342167,-77.28839167,Elantra_Hyundai,7,2025,9,15,7,Monday,2025-09-15,38
1387,MCP1534001P,250040809,Montgomery_County_Police,Property Damage Crash,2025-09-11 10:56:00,Maryland_State_Route,CHERRY HILL RD,OAKRIDGE AVE,Sideswipe (Same Direction),Lane Violation,Clear,Dry,Daylight,No Control,None Detected,F7DBB4CA-079E-4B82-9B7D-950EB223BD87,MD,BE72CE0B-E10E-45C7-8DA0-4EB1A43531A8,Eleven O Clock,SingleUnitTruck,MakingLeftTurn,Northbound,35.0,No,No,1993,INFINITI,39.24764025,-77.14381753,Q50_Infiniti,10,2025,9,11,10,Thursday,2025-09-11,37
1388,MCP2760007C,250042046,Montgomery_County_Police,Property Damage Crash,2025-09-18 15:25:00,Maryland_State_Route,MONTGOMERY VILLAGE AVE,CENTERWAY RD,Rear-End (Same Direction),Tailgating,Clear,Dry,Daylight,No Control,None Detected,54CB031E-5E24-42D8-B29D-CEA1E445B4F0,MD,7CFAE314-2197-4660-8DF0-E89AED3007A9,VehicleNotAtScene,SportUtilityVehicle,StoppedInTrafficLane,Northbound,35.0,No,No,2016,VOLVO,39.15886367,-77.20322333,XC90_Volvo,15,2025,9,18,15,Thursday,2025-09-18,38
1389,MCP3059008W,250042194,Montgomery_County_Police,Property Damage Crash,2025-09-18 20:30:00,County_Route,BUSHEY DR,RAMP 2 FR MONTROSE PKWY TO MD 355 NB,Other,Right-of-Way Violation,Clear,Dry,Dark - Lighted,Stop Sign,None Detected,8DA3A991-0F1B-475A-B7AD-19BDC4EA4B59,MD,56DF0B9F-5616-4EB8-A596-BD569A6DE85F,VehicleNotAtScene,PassengerCar,MovingConstantSpeed,Southbound,25.0,No,No,2018,TOYOTA,39.05539227,-77.07899923,Camry_Toyota,20,2025,9,18,20,Thursday,2025-09-18,38
1390,DD5674001Y,250041341,Rockville_Police_Department,Property Damage Crash,2025-09-14 20:36:00,Maryland_State_Route,ROCKVILLE PIKE,HALPINE RD,Rear-End (Same Direction),Congestion / Backup,Clear,Dry,Dark - Lighted,Traffic Signal,None Detected,C572A8A1-0051-465F-8E7C-2CCAF9FE6C44,VA,F331A1C7-51ED-467D-A2B4-6CBF49E158A6,Six O Clock,PassengerCar,StoppedInTrafficLane,Northbound,35.0,No,No,2012,HYUNDAI,39.06184965,-77.1239136,Elantra_Hyundai,20,2025,9,14,20,Sunday,2025-09-14,37
1391,MCP3408001Z,250042294,Montgomery_County_Police,Property Damage Crash,2025-09-19 17:50:00,Interstate_Route,CAPITAL BELTWAY,BRYANT PARK CIR,Single Vehicle,Lane Violation,Clear,Dry,Daylight,No Control,None Detected,A30B933D-51C9-4FA7-8FC6-7CFE6E7F9A81,MD,3A56A28A-35E1-4F72-9EEC-4E6B37C0FDE9,One O Clock,PassengerCar,Accelerating,Eastbound,55.0,No,No,2025,FORD,39.01636319,-77.0107147,Explorer_Ford,17,2025,9,19,17,Friday,2025-09-19,38