Unnamed: 0,Report Number,Local Case Number,Agency Name,ACRS Report Type,Crash Date/Time,Route Type,Road Name,Cross-Street Name,Collision Type,Circumstance_Category,Weather,Surface Condition,Light,Traffic Control,Driver Substance Abuse,Person ID,Drivers License State,Vehicle ID,Vehicle First Impact Location,Vehicle Body Type,Vehicle Movement,Vehicle Going Dir,Speed Limit,Driverless Vehicle,Parked Vehicle,Vehicle Year,Vehicle Make,Latitude,Longitude,Vehicle Model,hour,Crash_year,Crash_month,Crash_day,Crash_hour,Crash_day_name,Crash_date,Crash_week
1392,MCP3136007N,250041945,Montgomery_County_Police,Property Damage Crash,2025-09-18 07:26:00,Maryland_State_Route,MACARTHUR BLVD,ENT TO BURNT MILLS SHOPPING CENTER,Rear-End (Same Direction),Congestion / Backup,Clear,Wet,Daylight,No Control,None Detected,A263F048-7FE8-4D0E-995E-CF42887D7114,DC,CAFD7BAB-E60C-482D-93E7-98E8E1A2C6B8,Six O Clock,PassengerCar,SlowingOrStopping,Northbound,25.0,No,No,2021,TESLA,38.98632633,-77.013633,Model Y_Tesla,7,2025,9,18,7,Thursday,2025-09-18,38
1393,MCP26200038,250042260,Montgomery_County_Police,Property Damage Crash,2025-09-19 17:30:00,Maryland_State_Route,OLD GEORGETOWN RD,DEL RAY AVE,Rear vs Side,Traffic Control Violation,Clear,Dry,Daylight,Stop Sign,None Detected,293BC0CF-9659-458C-AE2D-2337B0A45265,MD,5495E85D-8F04-43B9-884A-217DB3131A70,One O Clock,PassengerCar,MovingConstantSpeed,Northbound,30.0,No,No,2023,KIA,38.98837773,-77.10028105,Niro_Kia,17,2025,9,19,17,Friday,2025-09-19,38
1394,MCP3392002N,250041598,Montgomery_County_Police,Property Damage Crash,2025-09-16 10:14:00,County_Route,NEWPORT MILL RD,PHILADELPHIA AVE,Sideswipe (Same Direction),Lane Violation,Cloudy,Dry,Daylight,Traffic Signal,None Detected,40E93FC9-87B4-457C-AD27-F550FA188AB7,MD,8B9A9BA5-5F37-4C82-A7DA-5F56E5DAAFB3,Eleven O Clock,PassengerCar,ChangingLanes,Eastbound,35.0,No,No,2009,HYUNDAI,39.04504486,-77.06475022,Santa Fe_Hyundai,10,2025,9,16,10,Tuesday,2025-09-16,38
1395,MCP32710061,250041690,Montgomery_County_Police,Injury Crash,2025-09-16 17:00:00,Maryland_State_Route,WISCONSIN AVE,GLENDALE RD,Rear-End (Same Direction),Tailgating,Rain,Wet,Daylight,Traffic Signal,None Detected,A5022057-15DB-40E2-A735-772D9592D2D1,SC,D5EFB1EC-C940-40A2-A351-D6F87132A67F,Twelve O Clock,PassengerCar,MovingConstantSpeed,Northbound,25.0,No,No,2020,VOLKSWAGEN,38.98208989,-77.09300398,Jetta_Volkswagen,17,2025,9,16,17,Tuesday,2025-09-16,38
1396,MCP33070036,250041569,Montgomery_County_Police,Property Damage Crash,2025-09-16 07:45:00,County_Route,OLD COLUMBIA PIKE,RAMP 6 FR SHADY GROVE RD EB TO MD200A SB,Head-On,Lane Violation,Clear,Dry,Daylight,No Control,None Detected,3439817B-DFDB-4112-87E7-670A2D051924,MD,FE29F20E-1356-4D9E-B542-0929000082A9,Twelve O Clock,PassengerCar,SlowingOrStopping,Northbound,25.0,No,No,2006,HONDA,39.0611949,-77.06814003,Accord_Honda,7,2025,9,16,7,Tuesday,2025-09-16,38
1397,MCP3067003G,250042373,Montgomery_County_Police,Injury Crash,2025-09-20 12:35:00,Maryland_State_Route,MUNCASTER MILL RD,LOCKWOOD DR,Head-On,Right-of-Way Violation,Clear,Dry,Daylight,No Control,None Detected,F229AC9D-E5C9-4CA3-94F3-9C8E500DE710,MD,7BAF4B8A-0293-45DF-9068-0A7AC28DAE06,One O Clock,PassengerCar,MakingLeftTurn,Northbound,35.0,No,No,2017,HONDA,39.146215,-77.14526383,CR-V_Honda,12,2025,9,20,12,Saturday,2025-09-20,38
1398,MCP284600BT,250042924,Montgomery_County_Police,Property Damage Crash,2025-09-24 09:45:00,County_Route,LYDIA ST,GAIL ST,Sideswipe (Same Direction),Passing / Turning,Cloudy,Dry,Daylight,No Control,None Detected,07545810-7C0D-4962-8E30-C71634760D50,MD,59585D39-F3CA-4ECA-8599-3126B5C60335,Five O Clock,SchoolBus,MakingRightTurn,Southbound,15.0,No,No,2017,LEXUS,39.07596733,-77.077112,ES 330_Lexus,9,2025,9,24,9,Wednesday,2025-09-24,39
1399,MCP27450038,250040632,Montgomery_County_Police,Property Damage Crash,2025-09-10 10:32:00,County_Route,SHADY GROVE RD,OLNEY SANDY SPRING RD,Rear-End (Same Direction),Tailgating,Clear,Wet,Daylight,No Control,None Detected,325E3143-4F72-47D9-83C2-FF09E6D6A6C3,MD,00996A09-3447-433D-8C14-8A3A5ADBA7CC,Six O Clock,PassengerCar,StoppedInTrafficLane,Northbound,40.0,No,No,2024,TOYOTA,39.1365746,-77.15499006,Camry_Toyota,10,2025,9,10,10,Wednesday,2025-09-10,37
1400,MCP34220021,250040934,Montgomery_County_Police,Property Damage Crash,2025-09-12 00:01:00,County_Route,LEIGHTON AVE,COLESVILLE RD (SB/L),Single Vehicle,Lane Violation,Clear,Dry,Dark - Lighted,No Control,None Detected,BD5367AC-057A-449B-9C07-7D4E76A6D1AD,MD,DBF78DE4-9DBA-438D-801C-31B333B8BCAB,Twelve O Clock,PassengerCar,MovingConstantSpeed,Northbound,35.0,No,No,2022,TOYOTA,39.01066467,-77.01752667,Camry_Toyota,0,2025,9,12,0,Friday,2025-09-12,37
1401,MCP3426002N,250042868,Montgomery_County_Police,Property Damage Crash,2025-09-23 20:28:00,Maryland_State_Route,OLD GEORGETOWN RD,GLENALLAN AVE,Rear-End (Same Direction),Tailgating,Clear,Dry,Dark - Lighted,Traffic Signal,None Detected,6C14175A-DFEE-46AB-BB68-1741883038A7,MD,B4A9C971-FEA2-4839-B4AC-6E8CD96ED992,One O Clock,PassengerCar,MovingConstantSpeed,Northbound,35.0,No,No,2022,CHEVROLET,39.02457449,-77.12500598,Tahoe_Chevrolet,20,2025,9,23,20,Tuesday,2025-09-23,39
1402,EJ79130019,250040997,Gaithersburg_Police_Department,Property Damage Crash,2025-09-12 00:00:00,County_Route,CLOPPER RD,RIDGE RD,Rear-End (Same Direction),Driver Inattention,Clear,Dry,Dark - Unknown Lighting,Stop Sign,None Detected,A019E929-80C7-4434-B8D1-25597D388CCD,MD,376B63E3-8116-435A-9CFF-FAC3540DDD92,VehicleNotAtScene,PassengerCar,SlowingOrStopping,Unknown,2.5,No,No,2015,HONDA,39.14541661,-77.19523511,Accord_Honda,0,2025,9,12,0,Friday,2025-09-12,37
1403,MCP3426002L,250041987,Montgomery_County_Police,Property Damage Crash,2025-09-18 11:35:00,Maryland_State_Route,GEORGIA AVE,QUINCE ORCHARD RD,Other,Backing Error,Clear,Dry,Daylight,No Control,None Detected,F79A868B-7D31-4B8F-A711-2056D73DB00A,MD,83318D8B-2414-4A5A-8A32-AC2810AE79C4,VehicleNotAtScene,PassengerCar,Backing,Not On Roadway,2.5,No,No,2004,LEXUS,38.96301265,-77.08760051,RX 350_Lexus,11,2025,9,18,11,Thursday,2025-09-18,38
1404,MCP308600C3,250040240,Montgomery_County_Police,Property Damage Crash,2025-09-08 09:40:00,County_Route,SHADY GROVE RD (SB/L),SKYLARK RD,Sideswipe (Same Direction),Lane Violation,Clear,Dry,Daylight,No Control,None Detected,4DF57858-D468-42C4-A93A-21DB94E6878A,MD,3C10B22F-75E3-482C-9DCC-800EB59566A5,One O Clock,SchoolBus,MovingConstantSpeed,Southbound,45.0,No,No,2020,HONDA,39.14154899,-77.1517378,Crosstour_Honda,9,2025,9,8,9,Monday,2025-09-08,37
1405,MCP2228002H,250041807,Montgomery_County_Police,Injury Crash,2025-09-17 12:21:00,County_Route,BRINK RD (WB/L),LYTTONSVILLE PL,Single Vehicle,Speed Related,Rain,Wet,Daylight,No Control,None Detected,FE59A1CA-5B28-420B-BD07-0986029C18F3,MD,CB3C3D1D-8174-4E45-99C1-55AC50472CF4,Twelve O Clock,PassengerCar,MovingConstantSpeed,Westbound,35.0,No,No,2011,HONDA,39.20494524,-77.18657961,CR-V_Honda,12,2025,9,17,12,Wednesday,2025-09-17,38
1406,MCP3400002P,250040904,Montgomery_County_Police,Injury Crash,2025-09-11 18:47:00,County_Route,TAMARACK RD,E RANDOLPH RD E RANDOLPH RD (WB/L),Head-On,Traffic Control Violation,Clear,Dry,Daylight,Traffic Signal,None Detected,E3F7CEDC-0DB7-4611-83C7-A8228F824FB4,MD,D3F7C747-C2D3-4FD1-987F-7E1CCCE6B30C,Twelve O Clock,PassengerCar,MovingConstantSpeed,Eastbound,40.0,No,No,2020,HONDA,39.0677515,-76.98586133,CR-V_Honda,18,2025,9,11,18,Thursday,2025-09-11,37
1407,MCP3044008P,250042091,Montgomery_County_Police,Property Damage Crash,2025-09-18 19:35:00,US_State_Route,COLUMBIA PIKE,ENT TO FEDERAL PLAZA S.C.,Rear-End (Same Direction),Congestion / Backup,Clear,Dry,Dark - Not Lighted,Traffic Signal,None Detected,5D00F682-2A5A-4310-91E6-B6F9C4628E72,MD,91C01B32-6F6B-4E4D-99B5-BF242BEBCF8E,Six O Clock,PassengerCar,StoppedInTrafficLane,Northbound,50.0,No,No,2025,HONDA,39.071351,-76.95678033,Accord_Honda,19,2025,9,18,19,Thursday,2025-09-18,38
1408,MCP33950049,250041761,Montgomery_County_Police,Injury Crash,2025-09-17 08:12:00,County_Route,GROSVENOR LA,ROCKVILLE PIKE (SB/L),Rear-End (Same Direction),Road Obstruction,Cloudy,Dry,Daylight,Stop Sign,None Detected,74232EDA-E6C1-4D9A-A257-A3190EC84D03,MD,F5FF3652-2862-49A5-960C-61C331067626,Six O Clock,SportUtilityVehicle,NegotiatingCurve,West,25.0,No,No,2014,HONDA,39.02245911,-77.10310239,Pilot_Honda,8,2025,9,17,8,Wednesday,2025-09-17,38
1409,MCP3233005V,250042805,Montgomery_County_Police,Property Damage Crash,2025-09-23 14:26:00,County_Route,CHESTER ST,DALE DR,Rear-End (Same Direction),Tailgating,Clear,Dry,Daylight,No Control,None Detected,6CF0BE99-E662-461A-8C02-43BEA02E14F9,MD,71C3191C-1D54-4D3C-A1F2-9E0426B866E8,Twelve O Clock,PassengerCar,MovingConstantSpeed,Eastbound,35.0,No,No,2010,HONDA,38.98971574,-76.99362044,Civic_Honda,14,2025,9,23,14,Tuesday,2025-09-23,39
1410,MCP3381002Z,250042334,Montgomery_County_Police,Injury Crash,2025-09-20 03:58:00,Maryland_State_Route,GREAT SENECA HWY (SB/L),CLOPPER RD CLOPPER RD (WB/L),Angle Collision,Driver Inattention,Clear,Dry,Dark - Lighted,Traffic Signal,None Detected,DA2D44D9-5C19-4DB7-A34E-0EB0A4240BBA,MD,6E972685-19E1-47F9-9216-64E0BE156DA7,Five O Clock,SportUtilityVehicle,MovingConstantSpeed,Northbound,35.0,No,No,2007,HYUNDAI,39.1591097,-77.27544174,Santa Fe_Hyundai,3,2025,9,20,3,Saturday,2025-09-20,38
1411,MCP287500BG,250042267,Montgomery_County_Police,Property Damage Crash,2025-09-18 13:15:00,Maryland_State_Route,CONNECTICUT AVE (SB/L),NO NAME,Rear-End (Same Direction),Congestion / Backup,Clear,Dry,Daylight,Traffic Signal,None Detected,D68A00FB-5571-4BF3-A7F4-A3AB60CECF2D,MD,EBCFCDD7-2601-40A2-8DC2-6D82BF5D67D0,Six O Clock,SingleUnitTruck,SlowingOrStopping,Southbound,35.0,No,No,2013,CHEVROLET,39.000227,-77.07698371,Silverado_Chevrolet,13,2025,9,18,13,Thursday,2025-09-18,38
1412,MCP2761007D,250042486,Montgomery_County_Police,Property Damage Crash,2025-09-21 10:29:00,Maryland_State_Route,FREDERICK RD,FATHER HURLEY BLVD,Rear-End (Same Direction),Driver Inattention,Cloudy,Wet,Daylight,No Control,None Detected,EAB966FD-3808-42DC-87BD-FF0733A3310B,MD,B7C1DA71-E242-4FA1-8D78-830D88E13AD9,Six O Clock,TransitBus,MovingConstantSpeed,Northbound,45.0,No,No,2019,JEEP,39.20533305,-77.24612772,Grand Cherokee_Jeep,10,2025,9,21,10,Sunday,2025-09-21,38
1413,MCP27450038,250040632,Montgomery_County_Police,Property Damage Crash,2025-09-10 10:32:00,County_Route,SHADY GROVE RD,ROCKVILLE PIKE (SB/L),Rear-End (Same Direction),Weather Related,Clear,Wet,Daylight,No Control,None Detected,C0E92E51-0D91-4E4C-8E15-0AD74BEE840D,XX,6E3ED965-4271-4779-B09E-15D8FAC4CB7D,Six O Clock,PassengerCar,StoppedInTrafficLane,Northbound,40.0,No,No,2016,HYUNDAI,39.1365746,-77.15499006,Elantra_Hyundai,10,2025,9,10,10,Wednesday,2025-09-10,37
1414,MCP22700057,250042478,Montgomery_County_Police,Property Damage Crash,2025-09-21 09:30:00,County_Route,PARKWOOD DR,LOST KNIFE RD,Rear-End (Same Direction),Tailgating,Clear,Dry,Daylight,No Control,None Detected,A7465C89-D73E-414E-81E6-E3D7DA9A690B,MD,0B606AB2-7640-4ACF-BF93-21D9F1DAF8EC,Six O Clock,PassengerCar,SlowingOrStopping,Southbound,25.0,No,No,2021,TOYOTA,39.01644837,-77.09288966,Camry_Toyota,9,2025,9,21,9,Sunday,2025-09-21,38
1415,MCP308600C3,250040240,Montgomery_County_Police,Property Damage Crash,2025-09-08 09:40:00,County_Route,SHADY GROVE RD (SB/L),LAYHILL RD,Sideswipe (Same Direction),Lane Violation,Clear,Dry,Daylight,No Control,None Detected,FB49D8E3-D24B-4A33-B4F9-AF75BAFD809D,MD,840A0E23-382B-4C26-B1EA-17BA6F00E36F,Eight O Clock,TruckTractor,MovingConstantSpeed,Southbound,45.0,No,No,2005,CHEVROLET,39.14154899,-77.1517378,Silverado_Chevrolet,9,2025,9,8,9,Monday,2025-09-08,37
1416,MCP308600C4,250042029,Montgomery_County_Police,Injury Crash,2025-09-18 14:00:00,County_Route,SNOUFFERS SCHOOL RD,CORRIGAN SQ ACCESS RD,Rear-End (Same Direction),Tailgating,Clear,Dry,Daylight,No Control,None Detected,21D31717-417E-432D-8981-F5BEB3BE321C,MD,215EA271-EC2F-487A-B0BC-99DA28DD52CD,Eight O Clock,SingleUnitTruck,MovingConstantSpeed,Westbound,40.0,No,No,2017,FORD,39.16917522,-77.17594837,F-150_Ford,14,2025,9,18,14,Thursday,2025-09-18,38
1417,MCP3109009C,250041518,Montgomery_County_Police,Fatal Crash,2025-09-15 18:07:00,Government_Route,BEACH DR,BRINK RD,Single Vehicle,Speed Related,Clear,Dry,Daylight,No Control,None Detected,A0685D15-0F89-4946-A573-916A600BD33F,MD,D1B72D3A-33BB-4BD6-B100-B3B254402FD5,Twelve O Clock,Motorcycle2Wheeled,MovingConstantSpeed,Southbound,25.0,No,No,2006,NISSAN,39.02625439,-77.09432595,Altima_Nissan,18,2025,9,15,18,Monday,2025-09-15,38
1418,MCP2195007L,250041769,Montgomery_County_Police,Injury Crash,2025-09-17 08:49:00,Bicycle_Route,OLD COLUMBIA PIKE,ENT TO BUSINESS,Sideswipe (Same Direction),Lane Violation,Rain,Wet,Daylight,No Control,None Detected,F2D7A203-5B58-40C6-98B1-B9E1F617E4B4,MD,8F71B84E-D9BB-4ABF-935A-89374DC724ED,Five O Clock,PassengerCar,ChangingLanes,Southbound,35.0,No,No,2016,TOYOTA,39.15908209,-77.27520055,Camry_Toyota,8,2025,9,17,8,Wednesday,2025-09-17,38
1419,DD57060003,250042580,Rockville_Police_Department,Property Damage Crash,2025-09-22 07:53:00,Municipality_Route,MONROE ST,FLEET ST,Rear-End (Same Direction),Congestion / Backup,Cloudy,Dry,Daylight,Traffic Signal,None Detected,8356B87B-F05B-4781-9E3E-A2617D9FEF43,MD,CF1E5310-61EB-4C30-B4A0-07BD116E19DE,Nine O Clock,TransitBus,MakingLeftTurn,South,25.0,No,No,2016,JEEP,39.0807146,-77.14999447,Wrangler_Jeep,7,2025,9,22,7,Monday,2025-09-22,39
1420,MCP28180057,250042147,Montgomery_County_Police,Injury Crash,2025-09-19 07:40:00,Maryland_State_Route,SENECA RD,GREAT SENECA HWY,Single Vehicle,Right-of-Way Violation,Clear,Dry,Daylight,Traffic Signal,None Detected,68DC9FE9-E0DE-4075-8B79-7DB249C3AF31,MD,49F34AC8-CE67-414A-B437-B5B98B2ADAC9,Seven O Clock,PassengerCar,Backing,Not On Roadway,2.5,No,No,2008,NISSAN,39.08867233,-77.11833723,Altima_Nissan,7,2025,9,19,7,Friday,2025-09-19,38
1421,MCP3389001B,250040792,Montgomery_County_Police,Property Damage Crash,2025-09-11 08:48:00,Maryland_State_Route,FREDERICK RD,BELLAVISTA DR,Sideswipe (Same Direction),Passing / Turning,Clear,Dry,Daylight,No Control,None Detected,ED50AE3B-42E8-4860-A23B-ACB29FA57172,MD,ECD9BDF2-1C77-4060-A869-2C973832BE2D,One O Clock,TransitBus,NegotiatingCurve,Not On Roadway,2.5,No,No,2020,MAZDA,38.99326425,-77.03185017,CX-9_Mazda,8,2025,9,11,8,Thursday,2025-09-11,37
1422,MCP34440011,250041305,Montgomery_County_Police,Property Damage Crash,2025-09-14 15:21:00,Maryland_State_Route,VEIRS MILL RD (WB/L),CHESTNUT AVE,Rear-End (Same Direction),Backing Error,Clear,Dry,Daylight,No Control,None Detected,370F13D9-708F-4DCF-A1CE-8BDC4CDE48DD,MD,ED1F6C6F-721C-4A56-85F6-3F935A6914D2,Six O Clock,PassengerCar,Backing,Not On Roadway,2.5,No,No,2006,FORD,39.02046027,-77.01335032,Explorer_Ford,15,2025,9,14,15,Sunday,2025-09-14,37
1423,MCP3452001M,250042701,Montgomery_County_Police,Injury Crash,2025-09-22 18:26:00,Maryland_State_Route,GEORGIA AVE (SB/L),LOCKWOOD DR,Rear-End (Same Direction),Tailgating,Clear,Dry,Dusk,No Control,None Detected,E0D54429-AF98-45E5-9EF9-3D57262D4F86,MD,27BCF435-15C9-4BF5-95AB-FA80024F7743,Six O Clock,PickupTruck,MovingConstantSpeed,Southbound,35.0,No,No,2013,CHEVROLET,39.059066,-77.050364,Silverado_Chevrolet,18,2025,9,22,18,Monday,2025-09-22,39
1424,MCP3422001Y,250039079,Montgomery_County_Police,Property Damage Crash,2025-09-01 02:30:00,County_Route,SPRING MEADOWS DR,DARNESTOWN RD GERMANTOWN RD (SB/L),Single Vehicle,Road Obstruction,Clear,Dry,Dark - Not Lighted,Traffic Signal,None Detected,E252F336-CD31-452D-A93F-AE86DB8455C2,MD,AACBD6A6-66A9-4476-A00D-43DF7C9DA12C,Eight O Clock,PassengerCar,MovingConstantSpeed,Southbound,50.0,No,No,2018,FORD,39.10994379,-77.30264606,Taurus_Ford,2,2025,9,1,2,Monday,2025-09-01,36
1425,DD5674001Y,250041341,Rockville_Police_Department,Property Damage Crash,2025-09-14 20:36:00,Maryland_State_Route,ROCKVILLE PIKE,HALPINE RD,Rear-End (Same Direction),Tailgating,Clear,Dry,Dark - Lighted,Traffic Signal,Suspect Alcohol Only,7C95E119-30EA-4525-8BF2-61E1CDE45D34,MD,9F3304ED-C5BD-49B5-B2AB-B408601B9E22,VehicleNotAtScene,PassengerCar,MovingConstantSpeed,Northbound,35.0,No,No,2011,MAZDA,39.06184965,-77.1239136,Mazda3_Mazda,20,2025,9,14,20,Sunday,2025-09-14,37
1426,MCP289100FK,250041594,Montgomery_County_Police,Injury Crash,2025-09-16 10:01:00,Maryland_State_Route,GEORGIA AVE,OLD BALTIMORE RD,Sideswipe (Same Direction),Speed Related,Clear,Dry,Daylight,No Control,None Detected,B8B2FC68-7027-4AEA-B939-3E79F14CF93F,MD,E0C9D18A-D415-4998-A666-1FF07E607D78,Three O Clock,PassengerCar,MovingConstantSpeed,Northbound,30.0,No,No,2025,TOYOTA,39.0153909,-77.04254906,Camry_Toyota,10,2025,9,16,10,Tuesday,2025-09-16,38
1427,MCP3411002Y,250042269,Montgomery_County_Police,Injury Crash,2025-09-19 17:56:00,Maryland_State_Route,ROCKVILLE PIKE (SB/L),TIMBERWOOD AVE,Rear-End (Same Direction),Tailgating,Clear,Dry,Daylight,No Control,None Detected,0847F62B-F5B4-460E-B3C0-A74BBD2DE92B,MD,399910A0-4B32-4A5A-A067-0D5CA788196C,Eleven O Clock,PassengerCar,MovingConstantSpeed,Southbound,35.0,No,No,2018,NISSAN,39.03928966,-77.10922221,Rogue Sport_Nissan,17,2025,9,19,17,Friday,2025-09-19,38
1428,MCP3136007N,250041945,Montgomery_County_Police,Property Damage Crash,2025-09-18 07:26:00,Maryland_State_Route,WEST SIDE DR,ASPEN HILL RD,Rear-End (Same Direction),Tailgating,Clear,Wet,Daylight,No Control,None Detected,20D6D507-5DD3-4A34-9B46-259C134EC4D8,MD,7C4F85D1-F6DE-4E92-8EF9-4588A5CC2DE5,Twelve O Clock,PassengerCar,MovingConstantSpeed,Northbound,25.0,No,No,2014,HYUNDAI,38.98632633,-77.013633,Elantra_Hyundai,7,2025,9,18,7,Thursday,2025-09-18,38
1429,MCP3329004Q,250042612,Montgomery_County_Police,Injury Crash,2025-09-22 11:07:00,Interstate_Route,CAPITAL BELTWAY,LORAIN AVE,Rear-End (Same Direction),Congestion / Backup,Clear,Dry,Daylight,No Control,None Detected,2D1CA393-1881-47B3-91A5-E4E040014156,MD,BAB7B2E3-39D5-4070-B34E-6DF407C7615D,Six O Clock,PassengerCar,SlowingOrStopping,Eastbound,55.0,No,No,2024,HONDA,39.01576417,-77.01788883,Accord_Honda,11,2025,9,22,11,Monday,2025-09-22,39
1430,DD5567009Z,250041970,Rockville_Police_Department,Property Damage Crash,2025-09-18 10:18:00,Municipality_Route,BICKFORD AVE,EVERETT ST,Other,Right-of-Way Violation,Clear,Dry,Daylight,No Control,None Detected,BA642220-D873-40BD-998B-944973356E38,MD,959DD1E8-ACDE-4988-927C-1026D93387C8,Three O Clock,SingleUnitTruck,MovingConstantSpeed,Northbound,25.0,No,No,2018,FORD,39.09225229,-77.15658774,F-550_Ford,10,2025,9,18,10,Thursday,2025-09-18,38
1431,MCP32710060,250041648,Montgomery_County_Police,Property Damage Crash,2025-09-16 14:08:00,Interstate_Route,CAPITAL BELTWAY (WB/L),RAMP 8 FR IS270 SB TO FATHER HURLEY BLVD,Rear-End (Same Direction),Tailgating,Cloudy,Dry,Daylight,No Control,None Detected,049652E3-4343-482C-AF90-258E04EDD7C2,MD,525DE97F-7E0C-45FC-B5F6-1A6671B83CAD,Six O Clock,PassengerCar,SlowingOrStopping,Westbound,55.0,No,No,2017,HONDA,39.01345847,-77.03712217,CR-V_Honda,14,2025,9,16,14,Tuesday,2025-09-16,38
1432,MCP28000071,250042892,Montgomery_County_Police,Property Damage Crash,2025-09-23 23:44:00,Maryland_State_Route,CONNECTICUT AVE,PERRY AVE,Angle Collision,Surface Condition,Clear,Dry,Dark - Lighted,Traffic Signal,None Detected,898B7ED4-BEB6-43E6-9808-70D5670EA898,MD,26B1060B-44F7-4EA1-9414-1E1BCCD7D0E0,Twelve O Clock,PassengerCar,MakingLeftTurn,East,25.0,No,No,2017,HONDA,39.03286192,-77.07486885,CR-V_Honda,23,2025,9,23,23,Tuesday,2025-09-23,39
1433,MCP3411002Y,250042269,Montgomery_County_Police,Injury Crash,2025-09-19 17:56:00,Maryland_State_Route,ROCKVILLE PIKE (SB/L),UNIVERSITY BLVD W,Rear-End (Same Direction),Tailgating,Clear,Dry,Daylight,No Control,None Detected,05ACB19A-6A24-4A66-A20A-B91A286F7010,DC,FB8B55C5-62DE-4CE0-A01A-AA56EC19DD86,Six O Clock,Moped,SlowingOrStopping,Southbound,35.0,No,No,2025,TOYOTA,39.03928966,-77.10922221,Camry_Toyota,17,2025,9,19,17,Friday,2025-09-19,38
1434,MCP2298018C,250041964,Montgomery_County_Police,Property Damage Crash,2025-09-18 09:59:00,Interstate_Route,CAPITAL BELTWAY (WB/L),OAKVIEW DR,Rear-End (Same Direction),Right-of-Way Violation,Clear,Dry,Daylight,No Control,None Detected,2643CF3C-5F70-4406-884B-EF30E8978A05,MD,EE6C9E33-EF66-4EDA-A940-FD234867C4C9,Six O Clock,PassengerCar,ChangingLanes,Westbound,55.0,No,No,2022,TOYOTA,39.01071149,-77.06479398,Camry_Toyota,9,2025,9,18,9,Thursday,2025-09-18,38
1435,DD56730025,250042074,Rockville_Police_Department,Property Damage Crash,2025-09-18 17:37:00,Municipality_Route,BEALL AVE #2,W GUDE DR,Rear-End (Same Direction),Tailgating,Clear,Dry,Daylight,Traffic Signal,None Detected,0250C63D-F3CD-41B9-96B8-CE5E4C402103,MD,E0396BC4-8B9E-4876-855C-67544D4D72E9,Six O Clock,PassengerCar,Accelerating,Eastbound,15.0,No,No,2022,TOYOTA,39.08743818,-77.15023029,Sienna_Toyota,17,2025,9,18,17,Thursday,2025-09-18,38
1436,MCP3451000Q,250041351,Montgomery_County_Police,Property Damage Crash,2025-09-14 21:09:00,Maryland_State_Route,ROCKVILLE PIKE (SB/L),EDSON LA,Rear-End (Same Direction),Tailgating,Clear,Dry,Dark - Lighted,Traffic Signal,None Detected,0E5EE7C2-55FB-4486-87C4-8BD44A9CB3C5,MD,88947FE0-BEB6-42F0-860D-7A30C277D13D,VehicleNotAtScene,PassengerCar,SlowingOrStopping,Southbound,35.0,No,No,2015,HONDA,39.04037176,-77.10976173,Civic_Honda,21,2025,9,14,21,Sunday,2025-09-14,37
1437,MCP34140023,250039214,Montgomery_County_Police,Injury Crash,2025-09-02 09:20:00,County_Route,DIXON AVE,VEIRS MILL RD,Single Vehicle,Speed Related,Clear,Dry,Other,No Control,Alcohol Present,BD0F4B8B-F6D6-45CD-84E9-797A3092A44A,DC,3A26BBD4-C405-414E-A81C-0006938A9797,Twelve O Clock,PassengerCar,MovingConstantSpeed,Unknown,15.0,No,No,2009,TOYOTA,38.99361622,-77.02798006,RAV4_Toyota,9,2025,9,2,9,Tuesday,2025-09-02,36
1438,MCP2948007Y,250041855,Montgomery_County_Police,Property Damage Crash,2025-09-17 15:38:00,Maryland_State_Route,VEIRS MILL RD (WB/L),LAYTONSVILLE RD,Rear-End (Same Direction),Tailgating,Rain,Wet,Daylight,No Control,None Detected,1D3221AD-631D-4B13-85DF-973BF064F770,MD,6EA04D4F-65F4-4C51-9557-3FBC2F7D4102,One O Clock,Van - Passenger (&lt;9 Seats),SlowingOrStopping,Westbound,35.0,No,No,2014,HONDA,39.04473356,-77.06416521,Odyssey_Honda,15,2025,9,17,15,Wednesday,2025-09-17,38
1439,MCP26640072,250042615,Montgomery_County_Police,Property Damage Crash,2025-09-22 11:40:00,Maryland_State_Route,UNIVERSITY BLVD W (WB/L),MIDVAIL AVE,Rear-End (Same Direction),Tailgating,Clear,Dry,Daylight,Warning Sign,None Detected,FD0B4D39-837B-40EB-953D-7BE1906E9DC4,MD,69EA71DF-677C-48FD-9779-BE9972F768A2,One O Clock,PassengerCar,MovingConstantSpeed,Westbound,35.0,No,No,2020,TOYOTA,39.03831959,-77.05850113,Camry_Toyota,11,2025,9,22,11,Monday,2025-09-22,39
1440,MCP2664006X,250042148,Montgomery_County_Police,Property Damage Crash,2025-09-19 08:00:00,County_Route,LONE OAK DR,KEMP MILL RD,Sideswipe (Same Direction),Driver Inattention,Clear,Dry,Daylight,No Control,None Detected,F2917DCD-DF9D-437C-82B6-7744DFFED962,MD,2A98843D-7A39-41D4-8445-084DE0F8080A,VehicleNotAtScene,PassengerCar,MovingConstantSpeed,Southbound,2.5,No,No,2022,TOYOTA,39.05620695,-77.08319623,Camry_Toyota,8,2025,9,19,8,Friday,2025-09-19,38