Unnamed: 0,Report Number,Local Case Number,Agency Name,ACRS Report Type,Crash Date/Time,Route Type,Road Name,Cross-Street Name,Collision Type,Circumstance_Category,Weather,Surface Condition,Light,Traffic Control,Driver Substance Abuse,Person ID,Drivers License State,Vehicle ID,Vehicle First Impact Location,Vehicle Body Type,Vehicle Movement,Vehicle Going Dir,Speed Limit,Driverless Vehicle,Parked Vehicle,Vehicle Year,Vehicle Make,Latitude,Longitude,Vehicle Model,hour,Crash_year,Crash_month,Crash_day,Crash_hour,Crash_day_name,Crash_date,Crash_week
1441,MCP28140054,250039955,Montgomery_County_Police,Property Damage Crash,2025-09-06 07:38:00,County_Route,AMITY DR,GEORGIA AVE,Rear-End (Same Direction),Tailgating,Clear,Dry,Daylight,No Control,None Detected,FE20D2F8-7285-47ED-833B-8CBFA5026BAD,MD,1D1FD411-397E-4E9F-A901-6F91D2561B21,Twelve O Clock,PassengerCar,MovingConstantSpeed,Northbound,35.0,No,No,2017,HYUNDAI,39.1424095,-77.16621983,Sonata_Hyundai,7,2025,9,6,7,Saturday,2025-09-06,36
1442,MCP3379002B,250042100,Montgomery_County_Police,Injury Crash,2025-09-18 20:09:00,County_Route,LEAMAN FARM RD,GREAT SENECA HWY (SB/L),Angle Collision,Driver Inattention,Clear,Dry,Dark - Lighted,No Control,None Detected,788BB1EE-872C-4AC6-9D03-4810C78823B3,MD,85D6C7B6-55AB-42FE-AD9E-0D738028F3FF,Twelve O Clock,PassengerCar,MovingConstantSpeed,Northbound,40.0,No,No,2016,NISSAN,39.15581824,-77.27675429,Rogue_Nissan,20,2025,9,18,20,Thursday,2025-09-18,38
1443,EJ7870007V,250042226,Gaithersburg_Police_Department,Property Damage Crash,2025-09-19 16:05:00,Municipality_Route,DALAMAR ST,FREDERICK RD,Sideswipe (Same Direction),Tailgating,Clear,Dry,Daylight,Traffic Signal,None Detected,8D627A48-554A-49C9-B8AD-32DE2E5DC823,MD,0D6EAB9D-4BEE-47AB-BE95-00B1A24FEF20,Three O Clock,PickupTruck,MovingConstantSpeed,Northbound,30.0,No,No,2025,TOYOTA,39.14660463,-77.20474694,Tundra_Toyota,16,2025,9,19,16,Friday,2025-09-19,38
1444,MCP2298018C,250041964,Montgomery_County_Police,Property Damage Crash,2025-09-18 09:59:00,Interstate_Route,CAPITAL BELTWAY (WB/L),GOLDSBORO RD,Rear-End (Same Direction),Tailgating,Clear,Dry,Daylight,No Control,None Detected,2BD84029-5AFF-45BA-9CBE-EE8BA295A9AB,MD,675E0F2A-6CE1-4512-84C4-F5893FBC3277,Twelve O Clock,SportUtilityVehicle,MovingConstantSpeed,Westbound,55.0,No,No,2019,JEEP,39.01071149,-77.06479398,Renegade_Jeep,9,2025,9,18,9,Thursday,2025-09-18,38
1445,MCP9399002T,250041362,Montgomery_County_Police,Property Damage Crash,2025-09-15 00:03:00,County_Route,CHERRY GROVE DR,CONGRESSIONAL PKWY,Head-On,Lane Violation,Clear,Dry,Dark - Lighted,No Control,None Detected,6E51B7C9-1553-4F0D-A34E-3B35F43B46D7,MD,AB140732-EA2B-496C-BE5E-DD1FEFB55161,Eleven O Clock,SportUtilityVehicle,MovingConstantSpeed,Southbound,25.0,No,No,2011,MERCEDES-BENZ,39.106692,-77.24259367,Gl_Mercedes-Benz,0,2025,9,15,0,Monday,2025-09-15,38
1446,MCP1534001P,250040809,Montgomery_County_Police,Property Damage Crash,2025-09-11 10:56:00,Maryland_State_Route,RIVER RD,LEMAY RD,Sideswipe (Same Direction),Passing / Turning,Clear,Dry,Daylight,No Control,None Detected,5B6C1927-4ACE-4A1B-BFF5-9EBDE5443004,MD,925554B1-726A-4629-962E-5C4E0B496E69,Three O Clock,PassengerCar,Passing,North,35.0,No,No,2010,HONDA,39.24764025,-77.14381753,CR-V_Honda,10,2025,9,11,10,Thursday,2025-09-11,37
1448,MCP2770004M,250041805,Montgomery_County_Police,Property Damage Crash,2025-09-17 12:30:00,County_Route,PIER POINT PL,MIDCOUNTY HWY (SB/L),Angle Collision,Weather Related,Rain,Wet,Daylight,Traffic Signal,None Detected,A6C0754E-5FE2-4C43-9951-8BA94F03E6C9,MD,82E26F69-541D-4AA0-8B21-5888E06D3B2C,Ten O Clock,PassengerCar,MakingLeftTurn,East,15.0,No,No,2012,HONDA,39.1594187,-77.19847214,Civic_Honda,12,2025,9,17,12,Wednesday,2025-09-17,38
1449,MCP3408001V,250041003,Montgomery_County_Police,Injury Crash,2025-09-12 14:12:00,Interstate_Route,CAPITAL BELTWAY,IVY OAK DR,Rear-End (Same Direction),Tailgating,Clear,Dry,Daylight,No Control,None Detected,3763F408-12F8-4F27-B6FA-AB6124BB0558,MD,E47D4261-1D92-49F7-9824-71A830804753,Five O Clock,PassengerCar,SlowingOrStopping,Eastbound,55.0,No,No,2013,HONDA,39.00592084,-77.07311673,CR-V_Honda,14,2025,9,12,14,Friday,2025-09-12,37
1450,MCP156300BZ,250042363,Montgomery_County_Police,Injury Crash,2025-09-20 11:29:00,Maryland_State_Route,OLD GEORGETOWN RD (SB/L),RAMP 10 FR MD 187B TO MD 187 NB,Angle Collision,Traffic Control Violation,Clear,Dry,Daylight,Traffic Signal,None Detected,3A393E2A-026E-4DDD-92FE-474128AE0D3A,MD,7F69C6C0-98A0-4952-A8B1-8469B3C703B6,Twelve O Clock,PassengerCar,MovingConstantSpeed,Southbound,35.0,No,No,2022,TOYOTA,39.03017333,-77.1266135,Camry_Toyota,11,2025,9,20,11,Saturday,2025-09-20,38
1451,EJ78880085,250042264,Gaithersburg_Police_Department,Property Damage Crash,2025-09-19 17:55:00,Maryland_State_Route,QUINCE ORCHARD RD,MIDDLEBROOK RD,Angle Collision,Traffic Control Violation,Clear,Dry,Daylight,Traffic Signal,None Detected,0FAC5597-51B4-4685-AB65-0E0B8D3BCFF4,MD,0FB8832C-48A2-4FCB-9C1B-50D3B2FBD4CB,Twelve O Clock,SportUtilityVehicle,MovingConstantSpeed,Northbound,40.0,No,No,2017,SUBARU,39.14539967,-77.219946,Forester_Subaru,17,2025,9,19,17,Friday,2025-09-19,38
1452,MCP9399002T,250041362,Montgomery_County_Police,Property Damage Crash,2025-09-15 00:03:00,County_Route,CHERRY GROVE DR,SAM EIG HWY,Head-On,Lane Violation,Clear,Dry,Dark - Lighted,No Control,None Detected,D1980432-1CAD-435B-B86A-B82FCA815598,MD,37ABB492-4620-4C4F-95AE-647B2D81298B,Eleven O Clock,PassengerCar,MovingConstantSpeed,Northbound,25.0,No,No,2014,MAZDA,39.106692,-77.24259367,Mazda6_Mazda,0,2025,9,15,0,Monday,2025-09-15,38
1453,DD5674001X,250041316,Rockville_Police_Department,Injury Crash,2025-09-14 16:47:00,Maryland_State_Route,FREDERICK RD (SB/L),VISTA DR,Angle Collision,Driver Inattention,Clear,Dry,Daylight,No Control,None Detected,1F0919AB-7DBA-4F69-BC8F-4AD830CBA671,MD,5F7FF1ED-341F-421E-B5EE-0EB04AF15402,One O Clock,PassengerCar,MovingConstantSpeed,Southbound,30.0,No,No,2008,HONDA,39.12079917,-77.17500117,Civic_Honda,16,2025,9,14,16,Sunday,2025-09-14,37
1454,MCP3445000X,250042158,Montgomery_County_Police,Injury Crash,2025-09-19 09:20:00,Maryland_State_Route,ROCKVILLE PIKE (SB/L),DARNESTOWN RD,Rear-End (Same Direction),Tailgating,Clear,Dry,Daylight,No Control,None Detected,11F83D23-F5DB-4CF4-BC66-1CF013AB221C,MD,17EDF71A-E521-462E-96BB-F220E3EEEE48,Six O Clock,PassengerCar,SlowingOrStopping,Southbound,35.0,No,No,2004,TOYOTA,39.04855,-77.11383417,4Runner_Toyota,9,2025,9,19,9,Friday,2025-09-19,38
1456,MCP2761007C,250042405,Montgomery_County_Police,Property Damage Crash,2025-09-20 14:40:00,County_Route,MIDDLEBROOK RD,GRUBB RD,Angle Collision,Weather Related,Clear,Dry,Daylight,Other,None Detected,16A803A7-D697-4E34-A67D-97E872018F73,CT,2023FCB0-11CB-46ED-9110-E2534754C7AA,Eight O Clock,PickupTruck,MovingConstantSpeed,Unknown,2.5,No,No,2007,CHEVROLET,39.22855223,-77.2895296,Silverado_Chevrolet,14,2025,9,20,14,Saturday,2025-09-20,38
1457,MCP34440012,250042256,Montgomery_County_Police,Property Damage Crash,2025-09-19 17:15:00,Maryland_State_Route,METRORAIL TRACK B1 RAIL,OBSERVATION DR,Angle Collision,Lane Violation,Clear,Dry,Daylight,Traffic Signal,None Detected,3B34C589-0E5A-4919-9048-03008FADA98D,MD,DD43D198-7B12-4926-A811-598913DFAE19,Two O Clock,PassengerCar,ChangingLanes,Northbound,30.0,No,No,2025,NISSAN,39.010869,-77.04093267,Sentra_Nissan,17,2025,9,19,17,Friday,2025-09-19,38
1458,EJ78990027,250041545,Gaithersburg_Police_Department,Property Damage Crash,2025-09-15 21:47:00,Municipality_Route,S SUMMIT AVE,OLDE TOWNE AVE,Angle Collision,Road Obstruction,Clear,Dry,Dark - Lighted,No Control,None Detected,47EC70A4-3FA0-4080-B61D-4CDA6EE4762C,MD,270FDAF2-7561-47E7-9516-43DF57D8B4A2,One O Clock,PassengerCar,MovingConstantSpeed,South,25.0,No,No,1999,LEXUS,39.140503,-77.19354683,ES_Lexus,21,2025,9,15,21,Monday,2025-09-15,38
1459,MCP32620067,250042874,Montgomery_County_Police,Property Damage Crash,2025-09-23 21:30:00,County_Route,RUSSELL AVE,SUNSET DR,Sideswipe (Opposite Direction),Lane Violation,Rain,Wet,Dark - Not Lighted,No Control,None Detected,D400AB58-5BA9-4267-AACB-0433373956E7,MD,257B633B-BB74-4DE3-97FF-35F4AF66FCB8,Eleven O Clock,PassengerCar,MakingLeftTurn,Southbound,35.0,No,No,2019,INFINITI,39.06786333,-76.9371785,QX50_Infiniti,21,2025,9,23,21,Tuesday,2025-09-23,39
1460,MCP30550051,250041177,Montgomery_County_Police,Property Damage Crash,2025-09-13 16:19:00,County_Route,PALMIRA LA,UNIVERSITY BLVD W,Head-On,Passing / Turning,Clear,Dry,Daylight,No Control,None Detected,F7C378E7-0414-4224-B2B9-0757C6A0BA8F,MD,21EF28B2-6BC4-45D9-874C-438AD360A170,Twelve O Clock,PickupTruck,MakingLeftTurn,Southbound,25.0,No,No,2013,FORD,39.07729753,-77.07859973,F-150_Ford,16,2025,9,13,16,Saturday,2025-09-13,37
1461,MCP2723009Y,250042310,Montgomery_County_Police,Property Damage Crash,2025-09-19 21:45:00,Maryland_State_Route,GEORGIA AVE (SB/L),HEATHFIELD RD,Angle Collision,Traffic Control Violation,Clear,Dry,Dark - Lighted,Traffic Signal,None Detected,A0D97FB9-EF2A-42FA-851D-D778A9D328A6,MD,3B65330E-AD75-4D1A-BB7D-3C30349EB48E,Twelve O Clock,PassengerCar,MovingConstantSpeed,Southbound,35.0,No,No,1999,DODGE,39.08754054,-77.0795209,Dakota_Dodge,21,2025,9,19,21,Friday,2025-09-19,38
1462,MCP3320003Z,250039839,Montgomery_County_Police,Property Damage Crash,2025-09-05 14:40:00,County_Route,DUBLIN DR,MERRIMAC DR,Sideswipe (Same Direction),Lane Violation,Clear,Dry,Daylight,No Control,None Detected,34C33634-CD2A-4D01-8AF1-DFC3C701EC9E,MD,6343D676-AB07-4A06-B9CC-E4372A950532,VehicleNotAtScene,PassengerCar,MovingConstantSpeed,Southbound,25.0,No,No,1998,TOYOTA,39.02238883,-77.03565383,Camry_Toyota,14,2025,9,5,14,Friday,2025-09-05,36
1463,DD57040001,250042285,Rockville_Police_Department,Injury Crash,2025-09-19 19:18:00,County_Route,GEORGIA AVE,BRIGHTON KNOLLS DR,Single Vehicle,Driver Inattention,Clear,Dry,Dark - Lighted,Traffic Signal,None Detected,E7988585-FCC3-4CAA-9EF9-8CD9285354E6,MD,6A40C6D6-FD1C-48EE-8642-353440BCC3DD,One O Clock,PassengerCar,Accelerating,Northbound,2.5,No,No,2022,BMW,39.08781792,-77.15275397,3 Series_BMW,19,2025,9,19,19,Friday,2025-09-19,38
1464,DD56710019,250042429,Rockville_Police_Department,Property Damage Crash,2025-09-20 19:59:00,Maryland_State_Route,ROCKVILLE PIKE,DILSTON RD,Angle Collision,Right-of-Way Violation,Clear,Dry,Dark - Lighted,Flashing Traffic Signal,None Detected,EB3810E3-862F-453F-9036-9381E9349E42,MD,B622BCFD-B2D2-4C81-9E5B-EF6F65312FBE,Eleven O Clock,PassengerCar,ChangingLanes,Southbound,35.0,No,No,2023,TESLA,39.05899902,-77.12139195,Model Y_Tesla,19,2025,9,20,19,Saturday,2025-09-20,38
1465,MCP2298018F,250041988,Montgomery_County_Police,Injury Crash,2025-09-18 11:45:00,Maryland_State_Route,CONNECTICUT AVE (SB/L),DECATUR AVE,Angle Collision,Right-of-Way Violation,Clear,Dry,Daylight,No Control,None Detected,6177F17D-BE33-4F5F-9E15-FE35DB9D2154,MD,D897F291-A8C8-4923-A373-FB161181B7DA,Twelve O Clock,PassengerCar,MovingConstantSpeed,Southbound,30.0,No,No,2020,HONDA,39.03384167,-77.07515167,CR-V_Honda,11,2025,9,18,11,Thursday,2025-09-18,38
1467,MCP30500070,250042823,Montgomery_County_Police,Injury Crash,2025-09-23 15:49:00,County_Route,INDEPENDENCE ST,PARKLAND DR (NB/L),Angle Collision,Right-of-Way Violation,Clear,Dry,Daylight,No Control,None Detected,AABE9CD5-328D-4FF3-8A6F-0ADD2743CE3F,MD,4D35C19B-7DDC-4998-AA77-EF7BB9F6D5B4,Four O Clock,SportUtilityVehicle,MovingConstantSpeed,Eastbound,25.0,No,No,2017,ACURA,39.07271367,-77.08692833,RDX_Acura,15,2025,9,23,15,Tuesday,2025-09-23,39
1468,DD5604005N,250041946,Rockville_Police_Department,Property Damage Crash,2025-09-18 08:05:00,Municipality_Route,BALTIMORE RD,BRINK RD,Angle Collision,Road Obstruction,Clear,Dry,Daylight,No Control,None Detected,94C51237-AFDE-4C12-B431-E7A04319F955,MD,696F352C-243A-4B41-B487-AFBCC8915D09,Twelve O Clock,PickupTruck,MakingLeftTurn,East,25.0,No,No,2008,GMC,39.08450292,-77.1350661,Sierra_GMC,8,2025,9,18,8,Thursday,2025-09-18,38
1469,MCP06170075,250041810,Montgomery_County_Police,Injury Crash,2025-09-17 12:48:00,County_Route,PRINCE PHILIP DR (SB/L),OLNEY SANDY SPRING RD,Angle Collision,Weather Related,Rain,Wet,Daylight,Traffic Signal,None Detected,9BFC54A6-C140-462E-934E-9E8140871D13,MD,FCD952C4-F390-4FB3-8C2A-84ADC12B5430,Twelve O Clock,PassengerCar,MovingConstantSpeed,North,30.0,No,No,2022,SUBARU,39.1495192,-77.05786728,Outback_Subaru,12,2025,9,17,12,Wednesday,2025-09-17,38
1470,DD5631006D,250042112,Rockville_Police_Department,Injury Crash,2025-09-18 19:00:00,Municipality_Route,N HORNERS LA,HOWARD AVE,Rear-End (Same Direction),Driver Inattention,Clear,Dry,Dark - Lighted,Pedestrian Crossing,None Detected,4F104E74-40A6-4B61-BF3A-CF1F8D65AD81,MD,6DC9B058-B433-4B6C-9E60-2792A5C2B503,NonCollision,PassengerCar,MovingConstantSpeed,Southbound,25.0,No,No,2008,KIA,39.09093304,-77.14346222,Optima_Kia,19,2025,9,18,19,Thursday,2025-09-18,38
1471,MCP3329004N,250041465,Montgomery_County_Police,Injury Crash,2025-09-15 14:48:00,Maryland_State_Route,CONNECTICUT AVE,PERRY AVE,Angle Collision,Traffic Control Violation,Clear,Dry,Daylight,Traffic Signal,None Detected,110D7C95-9BEB-489A-894A-A7E77A454ACE,MD,750F0012-3B63-4365-9E88-C58E4ED59AF7,Twelve O Clock,Motorcycle2Wheeled,MovingConstantSpeed,Northbound,35.0,No,No,2018,TOYOTA,39.03287583,-77.07489133,RAV4_Toyota,14,2025,9,15,14,Monday,2025-09-15,38
1472,MCP312900DJ,250041091,Montgomery_County_Police,Injury Crash,2025-09-12 22:37:00,County_Route,REEDIE DR,AIRPARK RD,Sideswipe (Same Direction),Lane Violation,Clear,Dry,Dark - Lighted,No Control,Suspect Alcohol Only,F8A39440-96E8-4D6B-A1AF-52842D3A7F66,MD,6DD7DB76-B262-4B03-A6A3-8ACD038F4ECA,One O Clock,SportUtilityVehicle,MovingConstantSpeed,Eastbound,25.0,No,No,1993,FORD,39.039203,-77.04841583,F-150_Ford,22,2025,9,12,22,Friday,2025-09-12,37
1473,DD5653005G,250042967,Rockville_Police_Department,Injury Crash,2025-09-24 14:06:00,Municipality_Route,HALPINE RD (EB/L),ROCKVILLE PIKE (SB/L),Single Vehicle,Right-of-Way Violation,Cloudy,Dry,Daylight,Traffic Signal,None Detected,6D54EAD3-15EA-4C1E-B4FD-C0B59C154D62,MD,F19D5CAB-7741-49C0-8E91-DAF2C44AF77A,One O Clock,PassengerCar,MakingRightTurn,North,30.0,No,No,2019,HONDA,39.0617344,-77.12424583,Civic_Honda,14,2025,9,24,14,Wednesday,2025-09-24,39
1474,DD5604005N,250041946,Rockville_Police_Department,Property Damage Crash,2025-09-18 08:05:00,Municipality_Route,BALTIMORE RD,WOODFIELD RD,Angle Collision,Road Obstruction,Clear,Dry,Daylight,No Control,None Detected,85AC3CCD-F757-4FD5-BEAE-65AC9AC6D9CB,MD,DF827AED-3AB8-4EFF-B63F-F5A5CC108380,Two O Clock,PassengerCar,MovingConstantSpeed,North,25.0,No,No,2015,HONDA,39.08450292,-77.1350661,Accord_Honda,8,2025,9,18,8,Thursday,2025-09-18,38
1476,MCP2212004V,250042092,Montgomery_County_Police,Injury Crash,2025-09-18 19:20:00,Maryland_State_Route,GEORGIA AVE,CIRCLE GATE DR,Other,Congestion / Backup,Clear,Dry,Dark - Lighted,Traffic Signal,None Detected,D0EFFD75-9DCC-454A-9A94-2745EDCC4D75,MD,CCF7D3E6-7AE5-4ECC-B407-75FDE7949AB4,Six O Clock,PassengerCar,StoppedInTrafficLane,Southbound,35.0,No,No,2007,HONDA,39.05306669,-77.05084201,Accord_Honda,19,2025,9,18,19,Thursday,2025-09-18,38
1477,MCP3339005J,250041842,Montgomery_County_Police,Injury Crash,2025-09-17 14:54:00,Maryland_State_Route,GEORGIA AVE,GLENMONT SHOPPING CTR CUT THRU CUT,Rear vs Side,Lane Violation,Cloudy,Wet,Daylight,No Control,None Detected,9D941074-A64F-4757-B6D0-3F426171B6FC,MD,FFA7EEDC-C0FA-45AD-A57C-9DE388CE06ED,Eight O Clock,PassengerCar,MovingConstantSpeed,Southbound,35.0,No,No,2023,TOYOTA,39.05936317,-77.05036683,Camry_Toyota,14,2025,9,17,14,Wednesday,2025-09-17,38
1479,MCP3313002V,250042456,Montgomery_County_Police,Property Damage Crash,2025-09-21 01:14:00,County_Route,MUNCASTER MILL RD,LINDALE DR,Rear-End (Same Direction),Driver Inattention,Clear,Dry,Dark - Lighted,No Control,None Detected,BA2F4A5E-F5EF-4E9B-B93E-64A3346AF2B6,MD,9439AFC3-FDBA-419C-9E25-0DFA669A2202,Eleven O Clock,PassengerCar,MovingConstantSpeed,Eastbound,35.0,No,No,2014,MAZDA,39.09039103,-77.05282837,Mazda6_Mazda,1,2025,9,21,1,Sunday,2025-09-21,38
1480,MCP3452001K,250042156,Montgomery_County_Police,Property Damage Crash,2025-09-19 09:06:00,County_Route,RANDOLPH RD,BAUER DR,Sideswipe (Same Direction),Passing / Turning,Clear,Wet,Daylight,No Control,None Detected,25D5E7E4-8621-4E0D-A1D9-D75A76F45181,MD,B6F80779-90D8-4F18-B7BB-3F7010C93913,Five O Clock,TransitBus,NegotiatingCurve,Southbound,2.5,No,No,2019,BMW,39.06197706,-77.05268635,5 Series_BMW,9,2025,9,19,9,Friday,2025-09-19,38
1481,MCP32570091,250042138,Montgomery_County_Police,Injury Crash,2025-09-19 05:30:00,Maryland_State_Route,ROCKVILLE PIKE (SB/L),NICHOLSON LA,Sideswipe (Opposite Direction),Lane Violation,Clear,Dry,Dark - Lighted,Traffic Signal,None Detected,746DD1AF-78BE-4DE7-9FB5-E6BA39F29743,MD,82484DE3-EC00-40D0-A8D0-6EACFE26D048,Eleven O Clock,PassengerCar,StoppedInTrafficLane,Northbound,35.0,No,No,2015,ACURA,39.04466462,-77.11179972,TLX_Acura,5,2025,9,19,5,Friday,2025-09-19,38
1482,MCP3392002M,250040779,Montgomery_County_Police,Property Damage Crash,2025-09-11 07:30:00,Maryland_State_Route,VEIRS MILL RD,VALLEY BROOK DR,Sideswipe (Same Direction),Lane Violation,Cloudy,Wet,Daylight,No Control,None Detected,A01929D1-F890-4EDA-9768-60989378474C,DC,D843F3E1-3FEF-4D7E-B3B6-93BBE4365EAD,Ten O Clock,TransitBus,MovingConstantSpeed,Eastbound,35.0,No,No,2019,TOYOTA,39.04906006,-77.0700518,Camry_Toyota,7,2025,9,11,7,Thursday,2025-09-11,37
1483,MCP296500BG,250040624,Montgomery_County_Police,Property Damage Crash,2025-09-10 10:15:00,County_Route,BONIFANT RD,GOOD HOPE RD NEW HAMPSHIRE AVE,Rear-End (Same Direction),Weather Related,Rain,Wet,Daylight,Traffic Signal,Suspect Alcohol + Drug,4B5BD0E7-1202-4B9D-8E8D-D95CB7B9BC8B,MD,C360183C-418E-41F9-8014-199FE01823AF,Eleven O Clock,PassengerCar,MovingConstantSpeed,South,45.0,No,No,2018,FORD,39.09589923,-77.00201731,Fusion_Ford,10,2025,9,10,10,Wednesday,2025-09-10,37
1484,MCP93220028,250042571,Montgomery_County_Police,Property Damage Crash,2025-09-22 03:30:00,County_Route,HINES RD,BEACH DR,Single Vehicle,Driver Inattention,Clear,Dry,Dark - Lighted,No Control,None Detected,5E423FC5-7FEB-49F5-96B5-D095A80C771A,MD,280F91D5-15F4-46D1-8E8F-AB92E3BC1211,Twelve O Clock,PassengerCar,MovingConstantSpeed,Eastbound,35.0,No,No,2004,TOYOTA,39.14218572,-77.07368953,Avalon_Toyota,3,2025,9,22,3,Monday,2025-09-22,39
1485,MCP3053009B,250042077,Montgomery_County_Police,Property Damage Crash,2025-09-18 18:00:00,Maryland_State_Route,PLYERS MILL RD,CONNECTICUT AVE,Other,Lane Violation,Clear,Dry,Daylight,Traffic Signal,None Detected,1B8BC09F-0F8E-40E2-ABE3-9A21E1FA9273,MD,F19CF689-504E-4EAE-B80A-AE2F85E112BB,VehicleNotAtScene,PassengerCar,MovingConstantSpeed,Unknown,25.0,No,No,2018,CHEVROLET,39.02968554,-77.07588996,Colorado_Chevrolet,18,2025,9,18,18,Thursday,2025-09-18,38
1486,MCP32630057,250042214,Montgomery_County_Police,Property Damage Crash,2025-09-19 14:15:00,County_Route,ROCKLEDGE DR (SB/L),DEMOCRACY BLVD,Rear-End (Same Direction),Road Obstruction,Clear,Dry,Daylight,Traffic Signal,None Detected,EA280335-1A5C-4DB1-AB75-7F184AD4929E,MD,1AE26378-DDB1-476B-A446-52796D49E5A3,Twelve O Clock,PassengerCar,MovingConstantSpeed,West,35.0,No,No,2019,SUBARU,39.02291485,-77.13228466,Outback_Subaru,14,2025,9,19,14,Friday,2025-09-19,38
1487,MCP3408001V,250041003,Montgomery_County_Police,Injury Crash,2025-09-12 14:12:00,Interstate_Route,CAPITAL BELTWAY,THAYER AVE,Rear-End (Same Direction),Tailgating,Clear,Dry,Daylight,No Control,None Detected,D2884303-2D57-4293-9212-25612F2C451A,DC,59974E4A-1F6E-4777-9EEC-B66DF9A64C21,Eleven O Clock,PassengerCar,SlowingOrStopping,Eastbound,55.0,No,No,2016,FORD,39.00592084,-77.07311673,Taurus_Ford,14,2025,9,12,14,Friday,2025-09-12,37
1488,MCP3317003V,250041079,Montgomery_County_Police,Injury Crash,2025-09-12 20:44:00,Maryland_State_Route,NELSON ST,BUTLER RD,Head-On,Driver Inattention,Clear,Dry,Dark - Lighted,No Control,None Detected,6B9A23F6-619E-401C-A612-BB8DC438FC72,MD,ABA925F1-50C8-4F60-82E6-CAE63692B69A,Eleven O Clock,PassengerCar,SlowingOrStopping,Eastbound,25.0,No,No,2019,VOLKSWAGEN,39.10934981,-76.93531592,Jetta_Volkswagen,20,2025,9,12,20,Friday,2025-09-12,37
1489,MCP3113007F,250042871,Montgomery_County_Police,Injury Crash,2025-09-23 21:30:00,US_State_Route,COLUMBIA PIKE (SB/L),THAYER AVE,Single Vehicle,Speed Related,Rain,Wet,Dark - Lighted,No Control,None Detected,4F0316E0-CD64-4712-A2D2-B3E531AE3C1F,MD,998B4DF7-155A-4ED8-9DBA-A283D3DA70E4,One O Clock,PassengerCar,MovingConstantSpeed,Northbound,40.0,No,No,2025,SUBARU,39.08122352,-76.95005395,Forester_Subaru,21,2025,9,23,21,Tuesday,2025-09-23,39
1490,MCP3031007C,250042224,Montgomery_County_Police,Property Damage Crash,2025-09-19 15:00:00,County_Route,OLD BALTIMORE RD,GEORGIA AVE,Rear-End (Same Direction),Congestion / Backup,Clear,Dry,Daylight,Traffic Signal,None Detected,201DE7B2-A928-4A85-BD86-56E5C3BFB09C,MD,DF98FD33-562B-4494-AAFF-9E5DE1A9EA2D,Six O Clock,PassengerCar,StoppedInTrafficLane,East,45.0,No,No,2015,HONDA,39.13703019,-77.06887555,Odyssey_Honda,15,2025,9,19,15,Friday,2025-09-19,38
1491,MCP3430000P,250042064,Montgomery_County_Police,Property Damage Crash,2025-09-18 17:03:00,Maryland_State_Route,GEORGIA AVE (SB/L),WICKHAM RD,Sideswipe (Same Direction),Lane Violation,Clear,Dry,Daylight,No Control,None Detected,08AA1E00-8107-430D-BA18-938514BADF48,MD,25AA6893-7170-4A7E-8C8D-667F600E83AC,Three O Clock,PassengerCar,MovingConstantSpeed,Southbound,30.0,No,No,2020,NISSAN,39.0090304,-77.0405206,Altima_Nissan,17,2025,9,18,17,Thursday,2025-09-18,38
1492,MCP23950036,250041917,Montgomery_County_Police,Property Damage Crash,2025-09-17 21:29:00,County_Route,RIVER RD,EDWARDS FERRY RD,Single Vehicle,Speed Related,Cloudy,Wet,Dark - Not Lighted,No Control,None Detected,096568D9-F094-4039-87DC-3A4D3920CBB6,MD,56394E9E-335C-4077-9DB2-43049158F03C,One O Clock,PassengerCar,MovingConstantSpeed,Southbound,30.0,No,No,2023,TOYOTA,39.10457809,-77.41438358,Corolla_Toyota,21,2025,9,17,21,Wednesday,2025-09-17,38
1493,MCP311100B8,250041765,Montgomery_County_Police,Property Damage Crash,2025-09-17 08:18:00,County_Route,JOHNSON AVE,QUINCE ORCHARD RD,Single Vehicle,Lane Violation,Cloudy,Wet,Daylight,No Control,None Detected,29FB4CB7-9689-4067-996B-E06A1DD227B0,MD,4859DB51-A102-46CE-8477-849841327822,Two O Clock,SchoolBus,MovingConstantSpeed,Westbound,20.0,No,No,2018,KIA,39.00568091,-77.11743931,Optima_Kia,8,2025,9,17,8,Wednesday,2025-09-17,38
1494,MCP32010088,250040230,Montgomery_County_Police,Property Damage Crash,2025-09-08 07:50:00,Maryland_State_Route,GERMANTOWN RD,INDIANOLA DR,Rear-End (Same Direction),Driver Inattention,Clear,Dry,Daylight,No Control,None Detected,0CCB8347-7906-434E-A119-E1BF5C9CBF56,MD,F4E10BA6-0748-466A-9025-51B26D5F73D9,Six O Clock,SportUtilityVehicle,SlowingOrStopping,Not On Roadway,2.5,No,No,2024,HONDA,39.11542904,-77.23197906,CR-V_Honda,7,2025,9,8,7,Monday,2025-09-08,37