Unnamed: 0,Report Number,Local Case Number,Agency Name,ACRS Report Type,Crash Date/Time,Route Type,Road Name,Cross-Street Name,Collision Type,Circumstance_Category,Weather,Surface Condition,Light,Traffic Control,Driver Substance Abuse,Person ID,Drivers License State,Vehicle ID,Vehicle First Impact Location,Vehicle Body Type,Vehicle Movement,Vehicle Going Dir,Speed Limit,Driverless Vehicle,Parked Vehicle,Vehicle Year,Vehicle Make,Latitude,Longitude,Vehicle Model,hour,Crash_year,Crash_month,Crash_day,Crash_hour,Crash_day_name,Crash_date,Crash_week
1495,MCP3319003Y,250041800,Montgomery_County_Police,Property Damage Crash,2025-09-16 13:27:00,County_Route,FREDERICK RD,WESTLAKE DR,Other,Road Obstruction,Clear,Dry,Daylight,No Control,None Detected,0AABB19A-AEE3-40BA-9A28-D50353C9C64D,MD,D2E17286-0B8E-4D42-8A7B-53DD5A49E95B,Twelve O Clock,PassengerCar,Parked,East,2.5,No,Yes,2021,HONDA,39.01051596,-77.04191506,Civic_Honda,13,2025,9,16,13,Tuesday,2025-09-16,38
1496,MCP27520079,250040853,Montgomery_County_Police,Property Damage Crash,2025-09-11 14:30:00,Maryland_State_Route,BROOKE RD,OLNEY LAYTONSVILLE RD,Rear-End (Same Direction),Driver Inattention,Clear,Dry,Daylight,No Control,None Detected,1C31DBF5-4D5F-476F-8B47-067793845F37,MD,35F252B5-7894-4725-A963-41F6F5C3BAA7,VehicleNotAtScene,Van - Passenger (&lt;9 Seats),SlowingOrStopping,Unknown,2.5,No,No,2021,FORD,39.02800139,-77.14489194,Transit_Ford,14,2025,9,11,14,Thursday,2025-09-11,37
1498,MCP32710062,250042067,Montgomery_County_Police,Property Damage Crash,2025-09-18 17:25:00,County_Route,RANDOLPH RD (WB/L),BRAMBLE BUSH DR,Angle Collision,Right-of-Way Violation,Clear,Dry,Daylight,No Control,None Detected,A8C49DB5-9F31-448D-A9EA-D2554C007571,MD,52D45682-5E26-481F-B68D-CBC86756D0FD,Eleven O Clock,PassengerCar,EnteringTrafficLane,Westbound,35.0,No,No,2013,ACURA,39.05344513,-77.10791786,TL_Acura,17,2025,9,18,17,Thursday,2025-09-18,38
1499,MCP3329004N,250041465,Montgomery_County_Police,Injury Crash,2025-09-15 14:48:00,Maryland_State_Route,CONNECTICUT AVE,PERRY AVE,Angle Collision,Right-of-Way Violation,Clear,Dry,Daylight,Traffic Signal,None Detected,789AD6B6-EF8B-43C5-BC55-B1DCDBA8B609,MD,353E3CBF-154A-4750-882B-F9700D0C3022,Four O Clock,PassengerCar,MakingLeftTurn,Southbound,35.0,No,No,2005,TOYOTA,39.03287583,-77.07489133,RAV4_Toyota,14,2025,9,15,14,Monday,2025-09-15,38
1500,MCP34020049,250040774,Montgomery_County_Police,Property Damage Crash,2025-09-11 06:56:00,County_Route,POWDER MILL RD,REDLAND RD,Back-to-Back,Backing Error,Clear,Dry,Daylight,Lane Use Control,None Detected,9C9F0875-10EB-4286-A0CC-D716496204BA,MD,3C0B0C36-BCA5-4DA8-BC34-A0521179C305,Seven O Clock,TransitBus,Backing,Not On Roadway,35.0,No,No,2024,NISSAN,39.0218096,-76.97818848,Altima_Nissan,6,2025,9,11,6,Thursday,2025-09-11,37
1501,MCP3402004G,250041941,Montgomery_County_Police,Property Damage Crash,2025-09-18 07:46:00,County_Route,GREENCASTLE RD,GRAND PRE RD,Sideswipe (Same Direction),Passing / Turning,Clear,Dry,Daylight,No Control,None Detected,80D27686-D87D-40C9-BF69-C88516BE8497,MD,85C9F916-172D-48A2-BA2E-F8CB6197C8A1,Eleven O Clock,SchoolBus,MakingUTurn,Eastbound,35.0,No,No,2020,FORD,39.09391024,-76.93377968,F-550_Ford,7,2025,9,18,7,Thursday,2025-09-18,38
1502,MCP3037007J,250042083,Montgomery_County_Police,Injury Crash,2025-09-18 18:36:00,Maryland_State_Route,FREDERICK RD,CASTLE BLVD,Head-On,Right-of-Way Violation,Clear,Dry,Daylight,Traffic Signal,None Detected,761BCD87-33A5-461B-8B8D-2028CCB37C6E,MD,3386E40B-B3F1-4BFA-99A6-4BDC67775D03,Twelve O Clock,SportUtilityVehicle,MakingLeftTurn,Northbound,40.0,No,No,2018,HYUNDAI,39.21580333,-77.25261983,Tucson_Hyundai,18,2025,9,18,18,Thursday,2025-09-18,38
1503,EJ78880085,250042264,Gaithersburg_Police_Department,Property Damage Crash,2025-09-19 17:55:00,Maryland_State_Route,QUINCE ORCHARD RD,HAWKES RD,Angle Collision,Right-of-Way Violation,Clear,Dry,Daylight,No Control,None Detected,7651DCD7-739A-4145-B3C5-4D27A0919B07,MD,9EB762EA-C9C6-45F3-813C-A785C5DC1A88,Nine O Clock,PassengerCar,MakingLeftTurn,Unknown,5.0,No,No,2015,TOYOTA,39.14539967,-77.219946,Camry_Toyota,17,2025,9,19,17,Friday,2025-09-19,38
1504,DD56710019,250042429,Rockville_Police_Department,Property Damage Crash,2025-09-20 19:59:00,Maryland_State_Route,ROCKVILLE PIKE,PIER DR,Angle Collision,Right-of-Way Violation,Clear,Dry,Dark - Lighted,Flashing Traffic Signal,None Detected,EB7B83BA-EBEA-4AC9-BF04-0D8A490F16D6,MD,A95650CE-3846-4B18-9F14-FEF5F2DB6DAF,Two O Clock,ATV,MovingConstantSpeed,Southbound,35.0,No,No,2015,MAZDA,39.05899902,-77.12139195,Tribute_Mazda,19,2025,9,20,19,Saturday,2025-09-20,38
1505,MCP29680061,250042765,Montgomery_County_Police,Injury Crash,2025-09-23 09:52:00,County_Route,LAYHILL RD,TUCKERMAN LA,Sideswipe (Opposite Direction),Road Obstruction,Clear,Dry,Daylight,Traffic Signal,None Detected,04B713C8-86E0-4731-A812-F6CA803AD172,MD,BFA3C221-E0E4-4423-B77D-5ECDA4040940,Eight O Clock,Other,MovingConstantSpeed,South,35.0,No,No,2018,NISSAN,39.040744,-77.159155,Altima_Nissan,9,2025,9,23,9,Tuesday,2025-09-23,39
1506,EJ7870007V,250042226,Gaithersburg_Police_Department,Property Damage Crash,2025-09-19 16:05:00,Municipality_Route,DALAMAR ST,FREDERICK RD,Sideswipe (Same Direction),Lane Violation,Clear,Dry,Daylight,Traffic Signal,None Detected,23341FEF-5A93-41DC-8AD9-29B62C29B400,MD,5549D8D9-E535-43DC-9012-9C0BA43D6B4B,Eleven O Clock,PassengerCar,ChangingLanes,Northbound,30.0,No,No,2020,TOYOTA,39.14660463,-77.20474694,Camry_Toyota,16,2025,9,19,16,Friday,2025-09-19,38
1507,HA2549000G,25001966,Takoma_Park_Police_Department,Property Damage Crash,2025-09-12 10:06:00,Government_Route,SLIGO CREEK PKWY,GRUBB RD,Angle Collision,Right-of-Way Violation,Clear,Dry,Daylight,Stop Sign,None Detected,6AAE8860-FCD4-40BF-AD6E-F334935BFC25,MD,06C87810-07E0-4D4A-89EF-48D335A37F19,Nine O Clock,PassengerCar,MovingConstantSpeed,Northbound,25.0,No,No,2024,HONDA,38.98091401,-76.99407523,CR-V_Honda,10,2025,9,12,10,Friday,2025-09-12,37
1509,DM84390046,250040396,Takoma_Park_Police_Department,Property Damage Crash,2025-09-09 07:03:00,County_Route,MONTGOMERY VILLAGE AVE,TECH RD,Angle Collision,Right-of-Way Violation,Clear,Dry,Daylight,Traffic Signal,None Detected,2FFC8EBE-025B-4071-BCCF-235D3E3ECC1E,MD,73EA7569-79C8-49A9-90B3-9D87179FADE0,Eleven O Clock,PassengerCar,MakingLeftTurn,Not On Roadway,2.5,No,No,2021,NISSAN,38.98859509,-76.98828139,Versa_Nissan,7,2025,9,9,7,Tuesday,2025-09-09,37
1510,MCP26640072,250042615,Montgomery_County_Police,Property Damage Crash,2025-09-22 11:40:00,Maryland_State_Route,UNIVERSITY BLVD W (WB/L),MIDVAIL AVE,Rear-End (Same Direction),Lane Violation,Clear,Dry,Daylight,Other,None Detected,899DE757-6CE3-4D59-9EE8-D57C9F8024C4,MD,730BB619-89C8-44ED-A74D-73245286F5CC,Seven O Clock,PassengerCar,MakingUTurn,Westbound,35.0,No,No,2006,TOYOTA,39.03831959,-77.05850113,Corolla_Toyota,11,2025,9,22,11,Monday,2025-09-22,39
1511,MCP32570091,250042138,Montgomery_County_Police,Injury Crash,2025-09-19 05:30:00,Maryland_State_Route,ROCKVILLE PIKE (SB/L),NICHOLSON LA,Sideswipe (Opposite Direction),Driver Inattention,Clear,Dry,Dark - Lighted,Traffic Signal,None Detected,0DE28BE0-5184-4FE5-A4D3-E7700054C67E,VA,E8DD3BB9-05BD-4211-852A-870C524154E1,Nine O Clock,PassengerCar,MovingConstantSpeed,Southbound,35.0,No,No,2011,TOYOTA,39.04466462,-77.11179972,Camry_Toyota,5,2025,9,19,5,Friday,2025-09-19,38
1512,MCP3317003V,250041079,Montgomery_County_Police,Injury Crash,2025-09-12 20:44:00,Maryland_State_Route,ODENDHAL AVE,W EDMONSTON DR,Head-On,Right-of-Way Violation,Clear,Dry,Dark - Lighted,No Control,None Detected,D8C5C6B3-233F-43F4-9EA0-0402FEF1C5AD,MD,E526F92D-5966-41E8-B6C7-51E5B4582B89,Eleven O Clock,Van - Passenger (&lt;9 Seats),MakingLeftTurn,Westbound,25.0,No,No,2003,HONDA,39.10934981,-76.93531592,Odyssey_Honda,20,2025,9,12,20,Friday,2025-09-12,37
1513,MCP3394001Y,250042950,Montgomery_County_Police,Property Damage Crash,2025-09-24 12:41:00,Maryland_State_Route,ROCKVILLE PIKE (SB/L),NEW HAMPSHIRE AVE,Single Vehicle,Driver Inattention,Clear,Dry,Daylight,No Control,None Detected,BDA972E4-9863-48D7-824C-FB78FD08432A,MD,C42652E9-5205-49AD-BA6A-4CA1EBD88F1B,Eleven O Clock,PassengerCar,MovingConstantSpeed,Southbound,40.0,No,No,2013,HONDA,39.04006233,-77.1095145,Pilot_Honda,12,2025,9,24,12,Wednesday,2025-09-24,39
1514,MCP3039007X,250040858,Montgomery_County_Police,Property Damage Crash,2025-09-11 16:00:00,County_Route,SILVER SPRING AVE,FRAMINGHAM DR,Head-On,Lane Violation,Clear,Dry,Daylight,No Control,None Detected,E2494AFE-93FC-40C9-80A7-37F1DFE64665,VA,43A66003-4980-4269-BE4B-4D2740D49C15,Twelve O Clock,PickupTruck,MovingConstantSpeed,Westbound,35.0,No,No,2016,TOYOTA,38.99262669,-77.01308422,Tacoma_Toyota,16,2025,9,11,16,Thursday,2025-09-11,37
1515,EJ78750071,250041907,Gaithersburg_Police_Department,Injury Crash,2025-09-17 20:46:00,Maryland_State_Route,QUINCE ORCHARD RD,MATENY RD,Sideswipe (Same Direction),Weather Related,Rain,Wet,Dark - Lighted,No Control,None Detected,D7F486C4-9917-417B-BA9C-F550407F8854,MD,3B8BF795-ACDE-453E-9BBD-828A02C718D3,Ten O Clock,PassengerCar,MovingConstantSpeed,Eastbound,40.0,No,No,2009,NISSAN,39.1291488,-77.22938967,Altima_Nissan,20,2025,9,17,20,Wednesday,2025-09-17,38
1516,MCP26990023,250039864,Montgomery_County_Police,Injury Crash,2025-09-05 16:31:00,County_Route,TUCKERMAN LA,HOLTON LA,Sideswipe (Same Direction),Lane Violation,Clear,Dry,Daylight,No Control,None Detected,D07C2B46-5352-4E2E-9293-037F0B5E3CD3,MD,9AFC1BDA-A26C-439F-ACC0-7AF97B25DC54,Ten O Clock,PassengerCar,MovingConstantSpeed,Northbound,35.0,No,No,2025,TOYOTA,39.04000465,-77.15737551,Corolla_Toyota,16,2025,9,5,16,Friday,2025-09-05,36
1517,MCP003600JJ,250042907,Montgomery_County_Police,Property Damage Crash,2025-09-24 07:35:00,Maryland_State_Route,GEORGIA AVE,STRUC #M0156 SLIGO CREEK,Angle Collision,Driver Inattention,Clear,Dry,Daylight,No Control,None Detected,AB572E02-A7E4-4E17-902A-D64813E8EFA3,MD,83522FF1-39A0-459C-B0F0-DB9E777F5D1F,Nine O Clock,PassengerCar,SlowingOrStopping,Southbound,35.0,No,No,2018,TESLA,39.08504533,-77.07848467,Model Y_Tesla,7,2025,9,24,7,Wednesday,2025-09-24,39
1518,MCP3339005J,250041842,Montgomery_County_Police,Injury Crash,2025-09-17 14:54:00,Maryland_State_Route,GEORGIA AVE,GLENMONT SHOPPING CTR CUT THRU CUT,Rear vs Side,Passing / Turning,Cloudy,Wet,Daylight,No Control,None Detected,56BA6C53-A747-48A8-8EF1-E7A56548AE08,MD,F97251D9-0C1C-46FD-80E5-BD0F4022D1F8,VehicleNotAtScene,PassengerCar,MakingLeftTurn,South,35.0,No,No,2008,HONDA,39.05936317,-77.05036683,Civic_Honda,14,2025,9,17,14,Wednesday,2025-09-17,38
1519,MCP2770004N,250042144,Montgomery_County_Police,Property Damage Crash,2025-09-19 07:22:00,Maryland_State_Route,MUNCASTER MILL RD,OLDE MILL RUN (NB/L),Angle Collision,Passing / Turning,Clear,Dry,Daylight,Stop Sign,None Detected,D4B86164-D8BB-47E2-AB57-F2D25E06C7C0,MD,B37C7F83-BECE-4F59-9B34-8E549F0961D2,One O Clock,OtherTruck,MakingLeftTurn,Westbound,25.0,No,No,2005,NISSAN,39.13993667,-77.13409167,Altima_Nissan,7,2025,9,19,7,Friday,2025-09-19,38
1520,MCP2455008F,250042290,Montgomery_County_Police,Property Damage Crash,2025-09-19 19:18:00,Maryland_State_Route,VEIRS MILL RD,WOLF DR,Rear-End (Same Direction),Congestion / Backup,Clear,Dry,Dark - Unknown Lighting,Traffic Signal,None Detected,C0610378-95D3-4762-9C0A-8FC6B14BE6DA,MD,3E15F382-D64C-48D9-A8C3-B4C46449AA09,Six O Clock,PickupTruck,StoppedInTrafficLane,Eastbound,35.0,No,No,2006,TOYOTA,39.07348862,-77.11216431,Tacoma_Toyota,19,2025,9,19,19,Friday,2025-09-19,38
1521,MCP1227002D,250042552,Montgomery_County_Police,Fatal Crash,2025-09-21 21:14:00,Maryland_State_Route,UNIVERSITY BLVD W (WB/L),ROCKVILLE PIKE,Single Vehicle,Right-of-Way Violation,Clear,Dry,Dark - Lighted,Pedestrian Crossing,None Detected,9254F064-9D7F-4540-9297-AE175B9914B4,MD,3156E1CE-44A6-48C4-8DFD-625687CB0F19,Twelve O Clock,PassengerCar,MovingConstantSpeed,Westbound,30.0,No,No,2023,NISSAN,39.0353116,-77.06818582,Murano_Nissan,21,2025,9,21,21,Sunday,2025-09-21,38
1522,MCP3407001L,250042273,Montgomery_County_Police,Injury Crash,2025-09-19 18:18:00,Maryland_State_Route,FREDERICK RD (SB/L),GUNNERS BRANCH RD,Angle Collision,Right-of-Way Violation,Clear,Dry,Daylight,Traffic Signal,None Detected,3D7052FC-5021-4A43-98E5-6677F7BAE118,MD,7BC65463-7118-4656-AD74-58B6B39C1D23,Nine O Clock,PassengerCar,MovingConstantSpeed,Southbound,35.0,No,No,2012,HONDA,39.178335,-77.23866667,Civic_Honda,18,2025,9,19,18,Friday,2025-09-19,38
1523,MCP32570091,250042138,Montgomery_County_Police,Injury Crash,2025-09-19 05:30:00,Maryland_State_Route,ROCKVILLE PIKE (SB/L),NICHOLSON LA,Sideswipe (Opposite Direction),Lane Violation,Clear,Dry,Dark - Lighted,Traffic Signal,None Detected,FFE14B1A-85B7-4058-B4A9-282683A90BC5,VA,99388C54-4A7A-4CD0-BE7E-CE85F89603AC,Eleven O Clock,PassengerCar,StoppedInTrafficLane,Northbound,35.0,No,No,2011,HONDA,39.04466462,-77.11179972,Civic_Honda,5,2025,9,19,5,Friday,2025-09-19,38
1524,MCP3411002X,250041813,Montgomery_County_Police,Injury Crash,2025-09-17 13:07:00,Maryland_State_Route,ROCKVILLE PIKE,RAMP 8 FR MD 97 SB TO MD 200 WB,Rear-End (Same Direction),Tailgating,Clear,Wet,Daylight,Traffic Signal,None Detected,1CBC30DE-8C96-4ABF-A178-A104F7579B59,MD,560D427F-F64F-4845-BA63-18CF59F14DD5,Twelve O Clock,SportUtilityVehicle,MovingConstantSpeed,Northbound,35.0,No,No,2018,NISSAN,39.0346459,-77.10677497,Rogue Sport_Nissan,13,2025,9,17,13,Wednesday,2025-09-17,38
1525,MCP3317003W,250041554,Montgomery_County_Police,Property Damage Crash,2025-09-15 23:00:00,Ramp_Route,RAMP 2 FR MD 200 WB TO MD 182,AIRCRAFT DR,Single Vehicle,Driver Inattention,Clear,Dry,Dark - Lighted,No Control,None Detected,1DABAB11-D476-4AFC-A11F-4A7955020EA4,MD,5C67A6DE-F3E6-415A-A97E-90D922A1594B,Twelve O Clock,PassengerCar,MovingConstantSpeed,Northbound,60.0,No,No,2018,DODGE,39.09844478,-77.03880342,Charger_Dodge,23,2025,9,15,23,Monday,2025-09-15,38
1526,EJ78750071,250041907,Gaithersburg_Police_Department,Injury Crash,2025-09-17 20:46:00,Maryland_State_Route,QUINCE ORCHARD RD,BEGIN ROUNDABOUT,Sideswipe (Same Direction),Driver Inattention,Rain,Wet,Dark - Lighted,No Control,None Detected,D612E096-60C1-42EC-B91D-C0A7EBF075EA,MD,9E6AA1ED-3AAC-4A52-8E57-AB8EE692E75E,Two O Clock,PassengerCar,MovingConstantSpeed,Eastbound,40.0,No,No,2025,KIA,39.1291488,-77.22938967,Optima_Kia,20,2025,9,17,20,Wednesday,2025-09-17,38
1527,MCP3341005B,250041752,Montgomery_County_Police,Property Damage Crash,2025-09-17 07:00:00,County_Route,RANDOLPH RD (WB/L),LLOYDMINSTER DR,Rear-End (Same Direction),Speed Related,Cloudy,Wet,Daylight,No Control,None Detected,8D8A1506-D9AA-4357-9719-4F1AF09FFF5E,MD,4FBCB70F-7452-479F-9DFC-613E9ECB4D52,Five O Clock,PassengerCar,SlowingOrStopping,Westbound,35.0,No,No,2016,MAZDA,39.05502817,-77.085087,CX-9_Mazda,7,2025,9,17,7,Wednesday,2025-09-17,38
1528,MCP32320070,250041912,Montgomery_County_Police,Injury Crash,2025-09-17 21:24:00,Maryland_State_Route,OLNEY SANDY SPRING RD (WB/L),COLESVILLE RD COLESVILLE RD (SB/L) ST ANDREWS WAY,Angle Collision,Surface Condition,Clear,Dry,Dark - Lighted,Traffic Signal,None Detected,493B86B7-00A5-40E5-AC7D-DF350FD9DDE9,MD,469240E2-3A94-4E91-AE25-49A2EF717D11,Twelve O Clock,Van - Passenger (&lt;9 Seats),MovingConstantSpeed,North,35.0,No,No,2012,TOYOTA,39.15193331,-77.06432353,Sienna_Toyota,21,2025,9,17,21,Wednesday,2025-09-17,38
1529,MCP3377003D,250041352,Montgomery_County_Police,Injury Crash,2025-09-14 22:30:00,County_Route,MIDCOUNTY HWY (NB/L),MIDCOUNTY HWY (SB/L) SAYBROOKE OAKS BLVD,Rear-End (Same Direction),Driver Inattention,Clear,Dry,Dark - Lighted,Traffic Signal,None Detected,3338D9A4-FD2D-4402-B178-D92C411D9DAB,MD,032E30EF-8FD9-4D5D-BE65-E626861C499E,VehicleNotAtScene,PassengerCar,MovingConstantSpeed,North,45.0,No,No,2015,SUBARU,39.15087581,-77.17447166,Legacy_Subaru,22,2025,9,14,22,Sunday,2025-09-14,37
1530,MCP3426002M,250042231,Montgomery_County_Police,Property Damage Crash,2025-09-19 15:10:00,County_Route,DEMOCRACY BLVD (EB/L),RAMP 4 FR IS 270 NB TO MONTROSE RD EB,Head-On,Lane Violation,Clear,Dry,Daylight,No Control,None Detected,63F85C7B-639F-4007-ADE1-9D529EDB2885,MD,8442A03C-225F-44D3-BD51-290DC32AA1FE,Eleven O Clock,PassengerCar,MovingConstantSpeed,Northbound,35.0,No,No,2017,JEEP,39.02672717,-77.195652,Wrangler_Jeep,15,2025,9,19,15,Friday,2025-09-19,38
1531,EJ79080032,250042358,Gaithersburg_Police_Department,Property Damage Crash,2025-09-20 11:00:00,County_Route,SAM EIG HWY,RAMP 6 FR SAM EIG HWY TO WASH. BLVD,Angle Collision,Right-of-Way Violation,Clear,Dry,Daylight,Traffic Signal,None Detected,8CA58246-4E90-493B-BF3C-10F03D16AC36,MD,C2E555C0-8B84-4899-AE64-BF1347840656,Two O Clock,PassengerCar,Accelerating,West,45.0,No,No,2025,TOYOTA,39.11662514,-77.20778186,Corolla Cross_Toyota,11,2025,9,20,11,Saturday,2025-09-20,38
1532,MCP3456000Y,250042195,Montgomery_County_Police,Injury Crash,2025-09-19 12:15:00,County_Route,VENICE DR,NEW HAMPSHIRE AVE (SB/L),Rear-End (Same Direction),Congestion / Backup,Clear,Dry,Daylight,Traffic Signal,None Detected,353E3952-04C8-4725-9301-F01638222423,MD,8ECDD7C2-C83F-46E5-8EEC-2CD187B4BCC2,Six O Clock,SportUtilityVehicle,SlowingOrStopping,Southbound,40.0,No,No,2014,CHEVROLET,39.06158867,-76.99844558,Silverado_Chevrolet,12,2025,9,19,12,Friday,2025-09-19,38
1533,DD5604005N,250041946,Rockville_Police_Department,Property Damage Crash,2025-09-18 08:05:00,Municipality_Route,BALTIMORE RD,JONES BRIDGE RD,Angle Collision,Right-of-Way Violation,Clear,Dry,Daylight,No Control,None Detected,7330B288-7237-4254-A5E5-78B1F6DE1BB1,MD,0648CA8D-F484-4494-80F6-D8727E9C34C2,Eleven O Clock,PickupTruck,MakingLeftTurn,South,25.0,No,No,2023,FORD,39.08450292,-77.1350661,F-550_Ford,8,2025,9,18,8,Thursday,2025-09-18,38
1534,MCP1233006Q,250042704,Montgomery_County_Police,Injury Crash,2025-09-22 18:36:00,County_Route,TUCKERMAN LA (EB/L),OLD GEORGETOWN RD (SB/L),Angle Collision,Right-of-Way Violation,Clear,Dry,Daylight,Traffic Signal,None Detected,6F6319E3-F19F-43D6-8A1C-4AAD6889F9AB,MD,6A88AEDD-F4B4-40AE-AD2A-122E355B63EA,One O Clock,SportUtilityVehicle,MakingUTurn,Northbound,45.0,No,No,2023,SUBARU,39.03442715,-77.12490902,Forester_Subaru,18,2025,9,22,18,Monday,2025-09-22,39
1535,MCP2664006Z,250042368,Montgomery_County_Police,Property Damage Crash,2025-09-20 12:30:00,County_Route,RANDOLPH RD (WB/L),E JEFFERSON ST,Rear-End (Same Direction),Tailgating,Clear,Dry,Daylight,No Control,None Detected,A5D52F78-E0FE-41E4-BE8C-232AE4F60935,MD,83250F75-08F7-4A2F-8E93-4A370AC7A165,One O Clock,SportUtilityVehicle,MovingConstantSpeed,Eastbound,35.0,No,No,2022,LEXUS,39.07540063,-77.00430705,RX_Lexus,12,2025,9,20,12,Saturday,2025-09-20,38
1536,MCP3452001J,250041437,Montgomery_County_Police,Injury Crash,2025-09-15 12:34:00,Maryland_State_Route,UNIVERSITY BLVD W,MOUTH OF MONOCACY RD,Single Vehicle,Lane Violation,Clear,Dry,Daylight,No Control,None Detected,B35D5BC4-62CA-4110-9FEA-C9C61E64705E,MD,D8EBBD95-C58E-43FA-98C1-E6948F4867FD,Twelve O Clock,SportUtilityVehicle,MovingConstantSpeed,Westbound,30.0,No,No,2020,TOYOTA,39.03652533,-77.06206083,RAV4_Toyota,12,2025,9,15,12,Monday,2025-09-15,38
1537,MCP3451000Q,250041351,Montgomery_County_Police,Property Damage Crash,2025-09-14 21:09:00,Maryland_State_Route,ROCKVILLE PIKE (SB/L),EDSON LA,Rear-End (Same Direction),Surface Condition,Clear,Dry,Dark - Lighted,Traffic Signal,None Detected,4C6816A1-3342-4696-A823-F4DFA74FBA7E,MD,54B0FD34-089F-43E2-90EA-61FE776382CA,Six O Clock,PassengerCar,StoppedInTrafficLane,Southbound,35.0,No,No,2019,BUICK,39.04037176,-77.10976173,Encore_Buick,21,2025,9,14,21,Sunday,2025-09-14,37
1538,MCP2816004S,250041134,Montgomery_County_Police,Property Damage Crash,2025-09-13 11:11:00,Private_Route,TUCKERMAN LA,NORTON RD S GLEN RD,Angle Collision,Right-of-Way Violation,Clear,Dry,Daylight,Stop Sign,None Detected,F0C5CC58-6383-47A7-A86B-386F14BBBB67,VA,D3290B9A-0C32-4A45-BFE3-CB9DB252092F,Twelve O Clock,PassengerCar,EnteringTrafficLane,Eastbound,30.0,No,No,2007,ACURA,39.03146333,-77.21207167,TSX_Acura,11,2025,9,13,11,Saturday,2025-09-13,37
1539,MCP296200BK,250041000,Montgomery_County_Police,Injury Crash,2025-09-12 13:57:00,County_Route,FATHER HURLEY BLVD (NB/L),RUSSELL AVE,Sideswipe (Same Direction),Lane Violation,Clear,Dry,Daylight,No Control,None Detected,5FC41BE0-8B5D-41F2-B244-3B4AA945897C,MD,AF4A916B-69E3-49EC-83F7-0A285B43EBF2,One O Clock,PassengerCar,MovingConstantSpeed,Northbound,35.0,No,No,2020,ACURA,39.18597617,-77.273548,ILX_Acura,13,2025,9,12,13,Friday,2025-09-12,37
1540,MCP3426002N,250042868,Montgomery_County_Police,Property Damage Crash,2025-09-23 20:28:00,Maryland_State_Route,OLD GEORGETOWN RD,INTERCOUNTY CONNECTOR,Rear-End (Same Direction),Lane Violation,Clear,Dry,Dark - Lighted,Traffic Signal,Suspect Alcohol Only,D5F11542-82C7-4D9F-9EE5-F67820951A67,MD,E4A83EDE-6B30-4782-9E1E-42104594BD7E,Seven O Clock,PassengerCar,ChangingLanes,Northbound,35.0,No,No,2021,KIA,39.02457449,-77.12500598,Forte_Kia,20,2025,9,23,20,Tuesday,2025-09-23,39
1541,MCP3411002X,250041813,Montgomery_County_Police,Injury Crash,2025-09-17 13:07:00,Maryland_State_Route,ROCKVILLE PIKE,ALDERLEAF DR,Rear-End (Same Direction),Tailgating,Clear,Wet,Daylight,Traffic Signal,None Detected,1C940140-B642-4B69-8764-5DAD63E9D052,VT,66F5C015-5E6E-4416-A7D5-8A0F5C88C8F9,Six O Clock,PassengerCar,StoppedInTrafficLane,Northbound,35.0,No,No,2025,TOYOTA,39.0346459,-77.10677497,Camry_Toyota,13,2025,9,17,13,Wednesday,2025-09-17,38
1542,MCP34020049,250040774,Montgomery_County_Police,Property Damage Crash,2025-09-11 06:56:00,County_Route,POWDER MILL RD,ROWEN RD,Back-to-Back,Tailgating,Clear,Dry,Daylight,No Control,None Detected,DB816195-3547-4336-AE88-7B7EF0A830FF,MD,EA723577-2A5F-4C8F-B97E-90AC84940E91,Twelve O Clock,PassengerCar,Parked,West,35.0,No,Yes,2024,TOYOTA,39.0218096,-76.97818848,Tundra_Toyota,6,2025,9,11,6,Thursday,2025-09-11,37
1543,HA2424001W,25001997,Takoma_Park_Police_Department,Property Damage Crash,2025-09-17 12:30:00,Maryland_State_Route,COLESVILLE RD,EMORY LA,Single Vehicle,Driver Inattention,Cloudy,Dry,Daylight,Traffic Signal,None Detected,2B5E52D5-A40A-477D-AFD1-BA83379D9C47,MD,BBAB3FC7-474E-4408-81DA-4A453E1671C4,Twelve O Clock,PassengerCar,MovingConstantSpeed,Not On Roadway,2.5,No,No,2024,NISSAN,39.08579475,-76.93039881,Versa_Nissan,12,2025,9,17,12,Wednesday,2025-09-17,38
1544,MCP3044008P,250042091,Montgomery_County_Police,Property Damage Crash,2025-09-18 19:35:00,US_State_Route,COLUMBIA PIKE,ENT TO SHOPPING CENTER,Rear-End (Same Direction),Tailgating,Clear,Dry,Dark - Not Lighted,Stop Sign,None Detected,68691C00-8138-4B95-970C-71D9A3895979,MD,C9716332-814C-4157-8EE5-BA2F820203F9,Twelve O Clock,PassengerCar,MovingConstantSpeed,Northbound,50.0,No,No,2024,CHEVROLET,39.071351,-76.95678033,Silverado_Chevrolet,19,2025,9,18,19,Thursday,2025-09-18,38
1546,MCP2445007F,250041829,Montgomery_County_Police,Property Damage Crash,2025-09-17 13:57:00,Maryland_State_Route,FREDERICK RD,POWDER MILL RD,Rear-End (Same Direction),Driver Inattention,Rain,Wet,Daylight,No Control,None Detected,F2B08782-8D40-4F1F-9F36-6A1E8584509B,MD,C9D55F9D-3BF9-413F-835D-B45455AF91E8,Twelve O Clock,PassengerCar,MovingConstantSpeed,Northbound,40.0,No,No,2007,ACURA,39.17366,-77.237175,TL_Acura,13,2025,9,17,13,Wednesday,2025-09-17,38