Unnamed: 0,Report Number,Local Case Number,Agency Name,ACRS Report Type,Crash Date/Time,Route Type,Road Name,Cross-Street Name,Collision Type,Circumstance_Category,Weather,Surface Condition,Light,Traffic Control,Driver Substance Abuse,Person ID,Drivers License State,Vehicle ID,Vehicle First Impact Location,Vehicle Body Type,Vehicle Movement,Vehicle Going Dir,Speed Limit,Driverless Vehicle,Parked Vehicle,Vehicle Year,Vehicle Make,Latitude,Longitude,Vehicle Model,hour,Crash_year,Crash_month,Crash_day,Crash_hour,Crash_day_name,Crash_date,Crash_week
1547,EJ7915000B,250040286,Gaithersburg_Police_Department,Injury Crash,2025-09-08 13:55:00,Maryland_State_Route,DARNESTOWN RD,QUINCE ORCHARD RD QUINCE ORCHARD RD (NB/L),Angle Collision,Traffic Control Violation,Clear,Dry,Daylight,Traffic Signal,None Detected,889417F3-6BC6-4EDA-B785-3E0F160969D6,MD,2E15E1E2-5570-4301-8871-2BE30F1484C0,Twelve O Clock,VanCargo,MovingConstantSpeed,Eastbound,30.0,No,No,2011,CHEVROLET,39.11774713,-77.25271091,Express_Chevrolet,13,2025,9,8,13,Monday,2025-09-08,37
1548,MCP32710061,250041690,Montgomery_County_Police,Injury Crash,2025-09-16 17:00:00,Maryland_State_Route,WISCONSIN AVE,STEWART LA,Rear-End (Same Direction),Tailgating,Rain,Wet,Daylight,Traffic Signal,None Detected,3D93D7F9-6FAD-4D3B-B75D-FCC0648266E3,MD,E0105FC9-4F6D-4761-8B4C-AD812A6F74ED,Seven O Clock,PassengerCar,MovingConstantSpeed,Northbound,25.0,No,No,1996,TOYOTA,38.98208989,-77.09300398,Corolla_Toyota,17,2025,9,16,17,Tuesday,2025-09-16,38
1549,MCP003600JJ,250042907,Montgomery_County_Police,Property Damage Crash,2025-09-24 07:35:00,Maryland_State_Route,GEORGIA AVE,CONNECTICUT AVE,Angle Collision,Right-of-Way Violation,Clear,Dry,Daylight,No Control,None Detected,F0499A99-FC9C-4343-B7AB-EFCA43D4D6F4,MD,499CD740-9CCE-4836-85B6-37F0750554B1,Twelve O Clock,PassengerCar,EnteringTrafficLane,Westbound,35.0,No,No,2014,HONDA,39.08504533,-77.07848467,Civic_Honda,7,2025,9,24,7,Wednesday,2025-09-24,39
1550,MCP3192006B,250042045,Montgomery_County_Police,Property Damage Crash,2025-09-18 15:10:00,County_Route,WELLER RD,GEORGIA AVE SILVER SPRING AVE,Other,Right-of-Way Violation,Clear,Dry,Daylight,No Control,None Detected,FB78118A-BD73-47F6-8C7A-69BE9A72ED75,MD,A55A3329-DE4F-4D63-82AC-AEB7B9A0D1D6,Eleven O Clock,PassengerCar,EnteringTrafficLane,Not On Roadway,25.0,No,No,2004,TOYOTA,39.06381555,-77.07097272,Camry_Toyota,15,2025,9,18,15,Thursday,2025-09-18,38
1551,DD5643005N,250042555,Rockville_Police_Department,Injury Crash,2025-09-21 22:30:00,Maryland_State_Route,FREDERICK RD (SB/L),POWDER MILL RD,Other,Right-of-Way Violation,Clear,Dry,Dark - Lighted,Other,None Detected,490F1E4B-7AD0-4990-A672-0411CDA459FD,MD,B6244C76-9300-4BCC-BD58-766FBDFA0B92,Three O Clock,PassengerCar,MakingUTurn,Northbound,40.0,No,No,2020,FORD,39.11464164,-77.16467887,Fusion_Ford,22,2025,9,21,22,Sunday,2025-09-21,38
1552,MCP34170018,250042114,Montgomery_County_Police,Property Damage Crash,2025-09-18 19:14:00,County_Route,WOODMONT AVE,CAMROSE TERR,Single Vehicle,Driver Inattention,Clear,Dry,Daylight,No Control,None Detected,F3C086C6-B22A-4676-BE0E-55A91302E10E,MD,946F26A8-5BD5-4596-B6BB-B1F0B87133DF,One O Clock,SportUtilityVehicle,MovingConstantSpeed,Eastbound,5.0,No,No,2016,LAND ROVER,38.98704444,-77.09603869,Range Rover Sport_Land Rover,19,2025,9,18,19,Thursday,2025-09-18,38
1554,MCP29390082,250042242,Montgomery_County_Police,Property Damage Crash,2025-09-19 16:03:00,County_Route,GOLDSBORO RD,SNOWDEN FARM PKWY,Sideswipe (Same Direction),Congestion / Backup,Clear,Dry,Daylight,No Control,None Detected,A999B315-868B-4BBF-B67B-20DC9E99F672,MD,C067FC9E-0587-482F-9260-02F1B523B4BF,Four O Clock,PassengerCar,Accelerating,West,35.0,No,No,2019,LEXUS,39.22972428,-77.25289216,RX_Lexus,16,2025,9,19,16,Friday,2025-09-19,38
1555,DD5690000K,250042883,Rockville_Police_Department,Property Damage Crash,2025-09-23 21:52:00,Maryland_State_Route,ROCKVILLE PIKE,WOODLAND DR,Rear-End (Same Direction),Tailgating,Rain,Wet,Dark - Lighted,Traffic Signal,None Detected,1BFC7DDF-407A-44B3-BBE1-B2AF55BA949D,MD,4DAB7ABE-6486-4589-98DC-3C0D53A7F64A,VehicleNotAtScene,PassengerCar,MovingConstantSpeed,Eastbound,40.0,Unknown,No,2013,HONDA,39.08348257,-77.14675955,Civic_Honda,21,2025,9,23,21,Tuesday,2025-09-23,39
1556,EJ786600GH,250043021,Gaithersburg_Police_Department,Property Damage Crash,2025-09-24 18:42:00,County_Route,MUDDY BRANCH RD,GREAT SENECA HWY,Rear vs Side,Right-of-Way Violation,Cloudy,Dry,Dusk,Traffic Signal,None Detected,F4B87F04-4349-4F63-873C-C1C603C46AE0,MD,260AC98B-D01E-4B22-8648-0482DDA1D994,Twelve O Clock,SportUtilityVehicle,Accelerating,Northbound,40.0,No,No,2020,KIA,39.11024429,-77.21721399,Sorento_Kia,18,2025,9,24,18,Wednesday,2025-09-24,39
1557,MCP32710062,250042067,Montgomery_County_Police,Property Damage Crash,2025-09-18 17:25:00,County_Route,RANDOLPH RD (WB/L),OAKVIEW DR,Angle Collision,Driver Inattention,Clear,Dry,Daylight,No Control,None Detected,E4600561-FB19-421D-92F8-615094B77955,MD,FE71BD7A-9A3C-4D0F-AB22-01F029E86F35,One O Clock,SportUtilityVehicle,MovingConstantSpeed,Eastbound,35.0,No,No,2018,HONDA,39.05344513,-77.10791786,CR-V_Honda,17,2025,9,18,17,Thursday,2025-09-18,38
1558,MCP34140024,250040274,Montgomery_County_Police,Injury Crash,2025-09-08 12:00:00,Municipality_Route,SHADY GROVE RD,SHAKESPEARE BLVD,Angle Collision,Right-of-Way Violation,Clear,Dry,Daylight,Traffic Signal,None Detected,D66D4CC7-BFCA-424A-BA85-937F9092E685,MD,EB687274-9241-4410-B123-2F9DC6120918,Twelve O Clock,PassengerCar,MakingLeftTurn,Eastbound,2.5,No,No,2013,CHEVROLET,38.99185917,-77.03270333,Suburban_Chevrolet,12,2025,9,8,12,Monday,2025-09-08,37
1559,MCP1310000K,250040611,Montgomery_County_Police,Property Damage Crash,2025-09-10 08:35:00,County_Route,FREYMAN DR,E JEFFERSON ST,Sideswipe (Same Direction),Passing / Turning,Rain,Wet,Daylight,No Control,None Detected,C5E590D4-F189-4DDA-AB1C-F57BAC4DE0BD,MD,F5B6F931-4D9A-4E69-9387-C52D25D5D510,Five O Clock,TransitBus,MakingRightTurn,Eastbound,25.0,No,No,2020,HONDA,38.99645933,-77.05908733,Accord_Honda,8,2025,9,10,8,Wednesday,2025-09-10,37
1560,MCP2298018F,250041988,Montgomery_County_Police,Injury Crash,2025-09-18 11:45:00,Maryland_State_Route,CONNECTICUT AVE (SB/L),DECATUR AVE,Angle Collision,Right-of-Way Violation,Clear,Dry,Daylight,Stop Sign,None Detected,43BFD1B7-6067-4B52-81D8-15492C22BDCE,MD,A17A6445-9BF9-46B6-9CD4-03FB29862FED,Two O Clock,SportUtilityVehicle,EnteringTrafficLane,Eastbound,30.0,No,No,2023,GMC,39.03384167,-77.07515167,Acadia_GMC,11,2025,9,18,11,Thursday,2025-09-18,38
1561,EJ79040035,250041812,Gaithersburg_Police_Department,Property Damage Crash,2025-09-17 12:47:00,County_Route,E DEER PARK DR,BRADLEY BLVD,Single Vehicle,Passing / Turning,Rain,Wet,Daylight,Traffic Signal,None Detected,DECF193B-F0A8-4A40-8E1C-A5CC9D360C73,MD,2F943354-0D55-4EFC-838F-D45EAB11CD14,Four O Clock,SchoolBus,MakingRightTurn,Not On Roadway,30.0,No,No,2015,HYUNDAI,39.13770261,-77.1790654,Sonata_Hyundai,12,2025,9,17,12,Wednesday,2025-09-17,38
1562,HA2525000R,25001993,Takoma_Park_Police_Department,Property Damage Crash,2025-09-17 07:30:00,Maryland_State_Route,QUINCE ORCHARD RD (SB/L),PINEY BRANCH RD,Sideswipe (Same Direction),Lane Violation,Clear,Dry,Daylight,Traffic Signal,None Detected,1493D793-0954-4F9A-A712-CF0BB91C6CAA,MD,F16169B2-30B1-47D7-875B-731C1CC4D336,Seven O Clock,SportUtilityVehicle,MovingConstantSpeed,Eastbound,30.0,No,No,2015,DODGE,38.98326733,-77.01551831,Journey_Dodge,7,2025,9,17,7,Wednesday,2025-09-17,38
1563,MCP287100CW,250039898,Montgomery_County_Police,Property Damage Crash,2025-09-05 19:02:00,Maryland_State_Route,GEORGIA AVE,STONEY BOTTOM RD,Sideswipe (Same Direction),Lane Violation,Clear,Dry,Daylight,No Control,None Detected,07279644-D149-4CF6-A6A3-42DF12CB7307,MD,74129685-ACCF-4D50-9F3A-E8A8AF420309,Ten O Clock,PassengerCar,ChangingLanes,Southbound,35.0,No,No,2014,TOYOTA,39.0113063,-77.04125089,Camry_Toyota,19,2025,9,5,19,Friday,2025-09-05,36
1564,MCP3313002V,250042456,Montgomery_County_Police,Property Damage Crash,2025-09-21 01:14:00,County_Route,RIVER RD,SENECA MEADOWS PKWY,Rear-End (Same Direction),Driver Inattention,Clear,Dry,Dark - Lighted,No Control,None Detected,4854F55B-F059-48FE-AD06-27D8EA525A3A,MD,3B12B5CA-905E-48DD-B469-FDE569B6F356,Six O Clock,PassengerCar,MovingConstantSpeed,Eastbound,35.0,No,No,2013,HONDA,39.09039103,-77.05282837,CR-V_Honda,1,2025,9,21,1,Sunday,2025-09-21,38
1565,MCP3300003G,250042130,Montgomery_County_Police,Property Damage Crash,2025-09-19 00:34:00,County_Route,ARCTIC AVE,MIDDLEBROOK RD,Head-On,Lane Violation,Clear,Dry,Dark - Lighted,No Control,None Detected,E0593B87-CB64-44E3-961F-B87DE21C24A5,MD,E2A565F9-76FF-43FC-8165-E9D28E7A4AE6,Twelve O Clock,PassengerCar,MovingConstantSpeed,Southbound,25.0,No,No,2018,BMW,39.07703317,-77.09795483,4 Series_BMW,0,2025,9,19,0,Friday,2025-09-19,38
1566,MCP3094006L,250041851,Montgomery_County_Police,Property Damage Crash,2025-09-17 15:41:00,Maryland_State_Route,MUNCASTER MILL RD,MUNCASTER RD,Angle Collision,Lane Violation,Cloudy,Dry,Daylight,No Control,None Detected,4D7499F8-BD5B-42E6-8BC9-E6E5C53C07F7,MD,E7BFBD8B-12FD-4DD7-92F6-92066146B743,Three O Clock,PassengerCar,MovingConstantSpeed,Eastbound,35.0,No,No,2016,HYUNDAI,39.14609322,-77.14508831,Elantra_Hyundai,15,2025,9,17,15,Wednesday,2025-09-17,38
1567,MCP3392002M,250040779,Montgomery_County_Police,Property Damage Crash,2025-09-11 07:30:00,Maryland_State_Route,VEIRS MILL RD,FALLS RD,Sideswipe (Same Direction),Lane Violation,Cloudy,Wet,Daylight,No Control,None Detected,81D24B27-C50E-4B3A-B877-E6F7E295814F,MD,5EE70E87-0BCD-4CC5-A7FD-74B4692AE77F,Two O Clock,PassengerCar,MovingConstantSpeed,Eastbound,35.0,No,No,2016,INFINITI,39.04906006,-77.0700518,QX60_Infiniti,7,2025,9,11,7,Thursday,2025-09-11,37
1568,EJ79080032,250042358,Gaithersburg_Police_Department,Property Damage Crash,2025-09-20 11:00:00,County_Route,SAM EIG HWY,RAMP 6 FR SAM EIG HWY TO WASH. BLVD,Angle Collision,Right-of-Way Violation,Clear,Dry,Daylight,Traffic Signal,None Detected,F8793798-855A-4994-923A-DB1563BC71DD,MD,323AC562-52F6-4346-9F60-0D6A99D34325,Twelve O Clock,PassengerCar,MakingRightTurn,North,45.0,No,No,2021,TESLA,39.11662514,-77.20778186,Model 3_Tesla,11,2025,9,20,11,Saturday,2025-09-20,38
1569,MCP3190006Y,250042412,Montgomery_County_Police,Property Damage Crash,2025-09-20 08:30:00,County_Route,8600 FLOWER AVE,HEURICH RD,Rear-End (Same Direction),Driver Inattention,Cloudy,Dry,Daylight,No Control,None Detected,43CB462E-5705-4F59-AB61-077CDFEEC21B,MD,5A65C375-6E65-42E1-A9BE-CA8051D2E272,VehicleNotAtScene,PassengerCar,SlowingOrStopping,Unknown,2.5,No,No,2018,GMC,39.15223088,-77.07274291,Sierra_GMC,8,2025,9,20,8,Saturday,2025-09-20,38
1570,MCP3381002Z,250042334,Montgomery_County_Police,Injury Crash,2025-09-20 03:58:00,Maryland_State_Route,GREAT SENECA HWY (SB/L),CLOPPER RD CLOPPER RD (WB/L),Angle Collision,Driver Inattention,Clear,Dry,Dark - Lighted,Traffic Signal,None Detected,A85C6E3B-FC4F-4E47-8FE2-F9296F6C3D64,MD,00AA1679-889A-420F-9E35-AE20E4A8F6CB,Twelve O Clock,PassengerCar,MovingConstantSpeed,Westbound,30.0,No,No,2018,TOYOTA,39.1591097,-77.27544174,Corolla_Toyota,3,2025,9,20,3,Saturday,2025-09-20,38
1571,MCP2770004P,250042925,Montgomery_County_Police,Property Damage Crash,2025-09-24 09:33:00,County_Route,HEARTWOOD DR,LEXINGTON DR,Single Vehicle,Backing Error,Clear,Dry,Daylight,No Control,None Detected,8DD47C94-FD4F-474A-81E9-EEE19D84EC1B,VA,486D75A5-4E7A-49E8-B8BF-B47A4148C4B1,Seven O Clock,PassengerCar,Backing,Not On Roadway,25.0,No,No,2015,TOYOTA,39.13377667,-77.11558167,4Runner_Toyota,9,2025,9,24,9,Wednesday,2025-09-24,39
1572,DD5643005N,250042555,Rockville_Police_Department,Injury Crash,2025-09-21 22:30:00,Maryland_State_Route,FREDERICK RD (SB/L),RAMP 6 FR MIDDLEBROOK RD EB TO IS 270 SB,Other,Surface Condition,Clear,Dry,Dark - Lighted,Traffic Signal,None Detected,CB6A0980-055D-48CF-A79D-1558FCA1C6E8,MD,1F1FD5F3-5919-472D-B873-D007A6700952,Eleven O Clock,PassengerCar,Accelerating,East,40.0,No,No,2018,HONDA,39.11464164,-77.16467887,Civic_Honda,22,2025,9,21,22,Sunday,2025-09-21,38
1573,MCP2159003M,250042383,Montgomery_County_Police,Injury Crash,2025-09-20 13:41:00,Maryland_State_Route,VEIRS MILL RD,BEECH TREE RD,Rear-End (Same Direction),Congestion / Backup,Cloudy,Dry,Daylight,No Control,None Detected,DB2BEB8E-C851-4053-ACEE-7ED02EB6F466,MD,678CC4BB-039E-4D36-86D9-2C8ADF47AD66,Seven O Clock,SportUtilityVehicle,StoppedInTrafficLane,Southbound,30.0,No,No,2006,TOYOTA,39.24053663,-77.2816474,Camry_Toyota,13,2025,9,20,13,Saturday,2025-09-20,38
1574,MCP15950030,250042439,Montgomery_County_Police,Injury Crash,2025-09-20 21:42:00,Maryland_State_Route,UNIVERSITY BLVD W (WB/L),RIDING STABLE RD,Angle Collision,Right-of-Way Violation,Clear,Dry,Dark - Lighted,No Control,None Detected,B9791C92-36D3-4686-87B5-455D7CE7EC23,MD,9F0F8DEF-9567-4354-B48F-A66F3916821F,One O Clock,PassengerCar,MovingConstantSpeed,Westbound,35.0,No,No,2003,TOYOTA,39.04122949,-77.04762844,Corolla_Toyota,21,2025,9,20,21,Saturday,2025-09-20,38
1575,MCP06170075,250041810,Montgomery_County_Police,Injury Crash,2025-09-17 12:48:00,County_Route,PRINCE PHILIP DR (SB/L),OLNEY SANDY SPRING RD,Angle Collision,Weather Related,Rain,Wet,Daylight,Traffic Signal,None Detected,88FA3A29-8229-4E3D-B6E1-48C995047999,MD,F52EEF5D-8492-4DB8-B597-95F1C6492378,Three O Clock,PassengerCar,MovingConstantSpeed,Unknown,30.0,No,No,2024,LEXUS,39.1495192,-77.05786728,RX 350_Lexus,12,2025,9,17,12,Wednesday,2025-09-17,38
1576,DD57060002,250041847,Rockville_Police_Department,Property Damage Crash,2025-09-17 15:29:00,Crossover,RIDGE RD,ROCKVILLE PIKE,Single Vehicle,Weather Related,Cloudy,Dry,Daylight,Traffic Signal,None Detected,78892210-6750-4B90-9307-7C7158DBE8E5,MD,460E9DDB-C687-45D0-92D5-DB5A03C678A8,One O Clock,PassengerCar,MakingRightTurn,East,15.0,No,No,2018,HYUNDAI,39.06308408,-77.12489274,Elantra_Hyundai,15,2025,9,17,15,Wednesday,2025-09-17,38
1577,MCP3402004F,250041751,Montgomery_County_Police,Injury Crash,2025-09-17 06:42:00,County_Route,FAIRLAND RD,COLUMBIA PIKE,Head-On,Right-of-Way Violation,Rain,Wet,Dark - Lighted,Traffic Signal,None Detected,1756F8C2-441C-4179-91A4-248C3F21505F,MD,9256B5C6-7A98-474B-96AA-55756DE71F54,Eleven O Clock,PassengerCar,MakingLeftTurn,South,35.0,No,No,2018,TOYOTA,39.07321214,-76.95563947,RAV4_Toyota,6,2025,9,17,6,Wednesday,2025-09-17,38
1578,MCP3258005M,250042103,Montgomery_County_Police,Property Damage Crash,2025-09-18 20:37:00,County_Route,HICKERSON DR,GEORGIA AVE,Angle Collision,Right-of-Way Violation,Clear,Dry,Dark - Lighted,No Control,Suspect Alcohol Only,BEA0737F-3D93-446B-812D-762F7BEB6846,MD,16CA5B70-B728-46FD-9162-E049394DCDDF,Five O Clock,PassengerCar,MakingLeftTurn,North,25.0,No,No,2017,NISSAN,39.04225357,-77.05189246,Altima_Nissan,20,2025,9,18,20,Thursday,2025-09-18,38
1579,MCP34440013,250042547,Montgomery_County_Police,Property Damage Crash,2025-09-21 19:45:00,Maryland_State_Route,GEORGIA AVE,WESTBURY RD,Sideswipe (Same Direction),Lane Violation,Cloudy,Dry,Dusk,Traffic Signal,None Detected,8EF33FC1-D2B7-45A6-894C-E7E0F3DF5A32,MD,B4BCBF4C-2FD0-40FA-909D-0A017626D202,Two O Clock,PickupTruck,ChangingLanes,Northbound,30.0,No,No,1999,GMC,39.01530232,-77.04250411,Sierra_GMC,19,2025,9,21,19,Sunday,2025-09-21,38
1580,MCP2450005Y,250041696,Montgomery_County_Police,Injury Crash,2025-09-16 17:00:00,County_Route,MONTGOMERY VILLAGE AVE (SB/L),CENTERWAY RD (WB/L),Angle Collision,Speed Related,Clear,Dry,Daylight,Traffic Signal,None Detected,005B09FF-A85E-47E6-A439-653623E14004,MD,3BF761BA-D075-4F1C-8627-B3A83E48E6AC,Nine O Clock,PassengerCar,SlowingOrStopping,Southbound,35.0,No,No,2013,ACURA,39.17272588,-77.20374799,TSX_Acura,17,2025,9,16,17,Tuesday,2025-09-16,38
1581,MCP301000C4,250041803,Montgomery_County_Police,Property Damage Crash,2025-09-16 12:00:00,Municipality_Route,KENT ST,KODIAK DR,Rear vs Side,Backing Error,Rain,Wet,Daylight,No Control,None Detected,4D0AA66B-43E2-49D5-B551-4E2FAAE1B182,VA,DEB3D1E5-BC72-4975-9626-9892B983732C,Six O Clock,PassengerCar,Backing,Not On Roadway,25.0,No,No,2008,FORD,39.02205502,-77.06969081,E-Series_Ford,12,2025,9,16,12,Tuesday,2025-09-16,38
1582,MCP2770004M,250041805,Montgomery_County_Police,Property Damage Crash,2025-09-17 12:30:00,County_Route,PIER POINT PL,MIDCOUNTY HWY (SB/L),Angle Collision,Traffic Control Violation,Rain,Wet,Daylight,Traffic Signal,None Detected,0C1FB160-4445-42F0-BC35-35ADBCA9F345,MD,0F0AC2A0-E2D4-42FA-B739-A39470A51BAD,Eleven O Clock,PassengerCar,Accelerating,South,50.0,No,No,2019,NISSAN,39.1594187,-77.19847214,Sentra_Nissan,12,2025,9,17,12,Wednesday,2025-09-17,38
1583,MCP296200BK,250041000,Montgomery_County_Police,Injury Crash,2025-09-12 13:57:00,County_Route,FATHER HURLEY BLVD (NB/L),ORIENTAL ST,Sideswipe (Same Direction),Driver Inattention,Clear,Dry,Daylight,No Control,None Detected,C7647B03-A533-438E-B18F-08100BA735BE,MD,2C1563E8-FCF1-4004-8F31-AF15267146E6,Nine O Clock,PassengerCar,StoppedInTrafficLane,Northbound,35.0,No,No,2024,SUBARU,39.18597617,-77.273548,Impreza_Subaru,13,2025,9,12,13,Friday,2025-09-12,37
1584,MCP287500BG,250042267,Montgomery_County_Police,Property Damage Crash,2025-09-18 13:15:00,Maryland_State_Route,CONNECTICUT AVE (SB/L),RAMP 11 FR SHADY GROVE RD SB TO RAMP 4,Rear-End (Same Direction),Tailgating,Clear,Dry,Daylight,Traffic Signal,None Detected,67AD5746-DEBE-495A-B266-56AD67CB988D,MD,91CBDE6D-A71E-4DEC-964C-7A1A9DF8766E,VehicleNotAtScene,SportUtilityVehicle,SlowingOrStopping,Southbound,35.0,No,No,2016,HONDA,39.000227,-77.07698371,CR-V_Honda,13,2025,9,18,13,Thursday,2025-09-18,38
1585,EJ786600GH,250043021,Gaithersburg_Police_Department,Property Damage Crash,2025-09-24 18:42:00,County_Route,MUDDY BRANCH RD,GREAT SENECA HWY,Rear vs Side,Right-of-Way Violation,Cloudy,Dry,Dusk,Traffic Signal,None Detected,588ED7A8-28BB-4F88-82A2-A95EB9F1FB5B,MD,BD8C0304-4FDF-4FF3-92E3-6E1348492C84,Five O Clock,PassengerCar,Accelerating,Westbound,40.0,No,No,2025,FORD,39.11024429,-77.21721399,Mustang_Ford,18,2025,9,24,18,Wednesday,2025-09-24,39
1586,DD5651006H,250042203,Rockville_Police_Department,Property Damage Crash,2025-09-19 13:21:00,Municipality_Route,ASTER BLVD,FOREST GLEN RD,Sideswipe (Same Direction),Driver Inattention,Clear,Dry,Daylight,No Control,None Detected,A94CD037-5857-4C81-B629-8E1C58960499,MD,E70A5A83-CB73-48C4-A414-2C5AAA5CABF8,One O Clock,PassengerCar,Accelerating,Westbound,25.0,No,No,2018,MERCEDES-BENZ,39.10017567,-77.17384567,GLE_Mercedes-Benz,13,2025,9,19,13,Friday,2025-09-19,38
1587,MCP32710060,250041648,Montgomery_County_Police,Property Damage Crash,2025-09-16 14:08:00,Interstate_Route,CAPITAL BELTWAY (WB/L),HOYA ST,Rear-End (Same Direction),Tailgating,Cloudy,Dry,Daylight,No Control,None Detected,B66E7938-6095-4F1F-87BF-C0AF284754C3,MD,0E2FE2BD-9295-4566-8E84-9616478FEC5E,Twelve O Clock,PassengerCar,MovingConstantSpeed,Westbound,55.0,No,No,2014,DODGE,39.01345847,-77.03712217,Charger_Dodge,14,2025,9,16,14,Tuesday,2025-09-16,38
1588,MCP3452001H,250041282,Montgomery_County_Police,Injury Crash,2025-09-14 13:10:00,County_Route,NEWPORT MILL RD,ST PAUL ST,Rear-End (Same Direction),Lane Violation,Clear,Dry,Daylight,No Control,None Detected,FF23D5FD-431B-443F-8B8A-F63883D6F1C4,MD,9CEE2A5D-836E-458C-A54A-A6A73C97493E,One O Clock,PassengerCar,MovingConstantSpeed,Not On Roadway,25.0,No,No,2010,HONDA,39.04305123,-77.06831674,Accord_Honda,13,2025,9,14,13,Sunday,2025-09-14,37
1589,MCP3190006Z,250042430,Montgomery_County_Police,Property Damage Crash,2025-09-20 20:29:00,County_Route,EAST WEST HWY,SELFRIDGE RD,Rear-End (Same Direction),Lane Violation,Clear,Dry,Dark - Lighted,No Control,Suspect Alcohol + Drug,0DF88B0B-0E51-4CE8-B9A4-D2449CD1E22F,MD,71B6C81E-3BDE-4D1F-B130-7586493036EA,One O Clock,PassengerCar,MovingConstantSpeed,Eastbound,25.0,No,No,2012,HONDA,39.0958805,-77.0940683,Accord_Honda,20,2025,9,20,20,Saturday,2025-09-20,38
1590,MCP289100FK,250041594,Montgomery_County_Police,Injury Crash,2025-09-16 10:01:00,Maryland_State_Route,GEORGIA AVE,RAMP 8 FR US 29 SB TO PARK & RIDE,Sideswipe (Same Direction),Right-of-Way Violation,Clear,Dry,Daylight,No Control,None Detected,37C70730-BF83-4EC3-9401-DC011B18F26E,MD,CEE75746-217A-4A6C-83CE-AA4275077ED7,Ten O Clock,PickupTruck,ChangingLanes,Northbound,30.0,No,No,2006,DODGE,39.0153909,-77.04254906,Dakota_Dodge,10,2025,9,16,10,Tuesday,2025-09-16,38
1591,DM8386002C,250041543,Takoma_Park_Police_Department,Property Damage Crash,2025-09-15 21:37:00,Maryland_State_Route,CARROLL AVE,FLOWER AVE,Head-On,Right-of-Way Violation,Clear,Dry,Dark - Lighted,Traffic Signal,None Detected,37FBB39E-D01B-4BF5-8B87-7D3652BE64C3,MD,27FE88CE-AF86-4E4D-B974-F6F61AD3DF34,One O Clock,PassengerCar,MakingLeftTurn,South,25.0,No,No,2013,CHEVROLET,38.98480446,-76.99851371,Silverado_Chevrolet,21,2025,9,15,21,Monday,2025-09-15,38
1592,MCP30950067,250041668,Montgomery_County_Police,Injury Crash,2025-09-16 15:46:00,Ramp_Route,RAMP 5 FR US 29 SB TO BRIGGS CHANEY RD,OMEGA DR,Single Vehicle,Speed Related,Rain,Wet,Daylight,No Control,None Detected,B8CF1D58-7084-4D4E-A697-95A78B66113E,MD,FD84E388-A1FF-4C33-8EA7-FD3DE411367A,Twelve O Clock,SportUtilityVehicle,NegotiatingCurve,Northbound,30.0,No,No,2021,TOYOTA,39.084978,-76.947566,RAV4_Toyota,15,2025,9,16,15,Tuesday,2025-09-16,38
1593,MCP29390082,250042242,Montgomery_County_Police,Property Damage Crash,2025-09-19 16:03:00,County_Route,GEORGIA AVE (SB/L),SNOWDEN FARM PKWY,Sideswipe (Same Direction),Lane Violation,Clear,Dry,Daylight,No Control,None Detected,2A954F00-D5DB-4FF0-B338-AA09A66A25B2,MD,7B095BB3-0997-4CFF-AFFF-434256F7C6A4,Eleven O Clock,TransitBus,Accelerating,Southbound,35.0,No,No,2017,CHEVROLET,39.22972428,-77.25289216,Impala_Chevrolet,16,2025,9,19,16,Friday,2025-09-19,38
1594,MCP27450038,250040632,Montgomery_County_Police,Property Damage Crash,2025-09-10 10:32:00,County_Route,SHADY GROVE RD,ASHTON RD,Rear-End (Same Direction),Speed Related,Clear,Wet,Daylight,No Control,None Detected,9401D988-5364-4ACD-9B74-1CA293970251,MD,781C6787-1BA6-415C-A4A8-BB25FF4534CA,Twelve O Clock,PassengerCar,MovingConstantSpeed,Northbound,40.0,No,No,2021,TOYOTA,39.1365746,-77.15499006,RAV4 Prime_Toyota,10,2025,9,10,10,Wednesday,2025-09-10,37
1595,MCP287500BF,250042107,Montgomery_County_Police,Property Damage Crash,2025-09-18 21:08:00,County_Route,RANDOLPH RD,CONNECTICUT AVE (SB/L),Rear vs Side,Backing Error,Clear,Dry,Dark - Lighted,No Control,Alcohol Present,2DAA81AE-8A24-4025-B763-B565189AAA11,MD,E36CC706-7407-4652-9405-A920927A8028,Six O Clock,PassengerCar,Backing,Not On Roadway,2.5,No,No,2002,LEXUS,39.20697395,-77.16230266,RX 350_Lexus,21,2025,9,18,21,Thursday,2025-09-18,38
1596,MCP3386003F,250042081,Montgomery_County_Police,Injury Crash,2025-09-18 18:21:00,Maryland_State_Route,EAST WEST HWY,CONNECTICUT AVE,Other,Road Obstruction,Clear,Dry,Daylight,Traffic Signal,None Detected,5E34CE51-4866-4E95-B2BA-9E5A1FEE9796,DC,252FAE3F-362B-412D-8280-A198CD730871,Twelve O Clock,PassengerCar,MovingConstantSpeed,East,30.0,No,No,2022,NISSAN,38.98789516,-77.07708978,Sentra_Nissan,18,2025,9,18,18,Thursday,2025-09-18,38