Unnamed: 0,Report Number,Local Case Number,Agency Name,ACRS Report Type,Crash Date/Time,Route Type,Road Name,Cross-Street Name,Collision Type,Circumstance_Category,Weather,Surface Condition,Light,Traffic Control,Driver Substance Abuse,Person ID,Drivers License State,Vehicle ID,Vehicle First Impact Location,Vehicle Body Type,Vehicle Movement,Vehicle Going Dir,Speed Limit,Driverless Vehicle,Parked Vehicle,Vehicle Year,Vehicle Make,Latitude,Longitude,Vehicle Model,hour,Crash_year,Crash_month,Crash_day,Crash_hour,Crash_day_name,Crash_date,Crash_week
1598,MCP3192006B,250042045,Montgomery_County_Police,Property Damage Crash,2025-09-18 15:10:00,County_Route,WELLER RD,TWINBROOK PKWY,Other,Right-of-Way Violation,Clear,Dry,Daylight,No Control,None Detected,E28B7522-94B3-4813-8056-3CD5558E6412,MD,0B07E2AD-4A24-4EAA-A06B-A8386AF7A232,Two O Clock,PassengerCar,MovingConstantSpeed,Northbound,25.0,No,No,2021,TOYOTA,39.06381555,-77.07097272,Camry_Toyota,15,2025,9,18,15,Thursday,2025-09-18,38
1599,EJ78990029,250041900,Gaithersburg_Police_Department,Property Damage Crash,2025-09-17 20:09:00,Maryland_State_Route,FREDERICK RD,PERRY AVE,Rear-End (Same Direction),Speed Related,Rain,Wet,Dark - Lighted,No Control,None Detected,498005EF-2EE4-47AB-BD0C-E30405D36E8F,TX,A48D40BA-5B46-4CE4-B533-EE98CD9779C6,One O Clock,PassengerCar,SlowingOrStopping,Northbound,35.0,No,No,2018,INFINITI,39.16207945,-77.22418733,Q50_Infiniti,20,2025,9,17,20,Wednesday,2025-09-17,38
1600,MCP2723009Y,250042310,Montgomery_County_Police,Property Damage Crash,2025-09-19 21:45:00,Maryland_State_Route,GEORGIA AVE (SB/L),HEATHFIELD RD,Angle Collision,Right-of-Way Violation,Clear,Dry,Dark - Lighted,Traffic Signal,None Detected,0466869C-1FDA-4C9A-A3E6-5151D173F9FC,MD,7543231D-9F60-41E5-B2B0-124B876E70F6,Three O Clock,PassengerCar,MakingLeftTurn,Westbound,35.0,No,No,2008,HONDA,39.08754054,-77.0795209,Fit_Honda,21,2025,9,19,21,Friday,2025-09-19,38
1601,MCP30500071,250042851,Montgomery_County_Police,Property Damage Crash,2025-09-23 16:36:00,Bicycle_Route,GEORGIA AVE,EAST WEST HWY,Sideswipe (Same Direction),Lane Violation,Clear,Dry,Daylight,Traffic Signal,None Detected,A46BAC17-3C3A-442E-8A85-CE06F375E439,MD,B0C6B452-C014-46A2-A32F-C82C9587D083,Seven O Clock,PickupTruck,Accelerating,Eastbound,35.0,No,No,2022,TOYOTA,39.07980159,-77.13808716,Tacoma_Toyota,16,2025,9,23,16,Tuesday,2025-09-23,39
1603,MCP3452001K,250042156,Montgomery_County_Police,Property Damage Crash,2025-09-19 09:06:00,Maryland_State_Route,RANDOLPH RD,TAMARACK RD,Sideswipe (Same Direction),Congestion / Backup,Clear,Dry,Daylight,Traffic Signal,None Detected,2A0D15E8-294B-4F58-AC19-AE23825777E5,VA,71B77F1A-AAA9-40B9-A0DF-723653A3F72C,Eleven O Clock,TransitBus,Parked,South,2.5,No,Yes,2019,NISSAN,39.06197706,-77.05268635,Altima_Nissan,9,2025,9,19,9,Friday,2025-09-19,38
1604,MCP3445000W,250042143,Montgomery_County_Police,Injury Crash,2025-09-19 07:45:00,Local_Route,NO NAME,ROCKVILLE PIKE S WOOD RD,Single Vehicle,Road Obstruction,Clear,Dry,Daylight,Traffic Signal,None Detected,FEB43036-9B8C-4974-869E-45B5BCD1812D,MD,96FF5A3A-E105-4034-83A0-D1A86DE7BEBD,One O Clock,PassengerCar,MovingConstantSpeed,South,35.0,No,No,2014,LEXUS,38.99952445,-77.09682509,RX_Lexus,7,2025,9,19,7,Friday,2025-09-19,38
1605,MCP3402004G,250041941,Montgomery_County_Police,Property Damage Crash,2025-09-18 07:46:00,County_Route,GREENCASTLE RD,DIRECTIONAL CROSSOVER,Sideswipe (Same Direction),Lane Violation,Clear,Dry,Daylight,No Control,None Detected,284F9A7D-0801-4DE9-8036-E8405473D0C9,MD,46125E94-208D-4062-B599-2302F1F6A497,Twelve O Clock,PassengerCar,MovingConstantSpeed,Eastbound,35.0,No,No,2017,TOYOTA,39.09391024,-76.93377968,4Runner_Toyota,7,2025,9,18,7,Thursday,2025-09-18,38
1606,EJ78990029,250041900,Gaithersburg_Police_Department,Property Damage Crash,2025-09-17 20:09:00,Maryland_State_Route,FREDERICK RD,GERMANTOWN RD,Rear-End (Same Direction),Right-of-Way Violation,Rain,Wet,Dark - Lighted,No Control,None Detected,034FFBC1-A797-4C75-AB43-C98E72B7DC45,MD,FA87D663-7C73-40CC-A631-48A30D2D1A40,Six O Clock,PassengerCar,MakingRightTurn,Northbound,35.0,No,No,2019,CHEVROLET,39.16207945,-77.22418733,Equinox_Chevrolet,20,2025,9,17,20,Wednesday,2025-09-17,38
1607,DD5690000K,250042883,Rockville_Police_Department,Property Damage Crash,2025-09-23 21:52:00,Maryland_State_Route,ROCKVILLE PIKE,MANOR RD,Rear-End (Same Direction),Driver Inattention,Rain,Wet,Dark - Lighted,Traffic Signal,None Detected,67919472-BD29-409F-A0D5-B383C629D975,MD,A9BF5AE6-6484-4BE0-9E29-2254A86E22CD,Eight O Clock,PassengerCar,MovingConstantSpeed,Northbound,40.0,No,No,2016,CHEVROLET,39.08348257,-77.14675955,Silverado_Chevrolet,21,2025,9,23,21,Tuesday,2025-09-23,39
1608,MCP33950049,250041761,Montgomery_County_Police,Injury Crash,2025-09-17 08:12:00,County_Route,GROSVENOR LA,ROCKVILLE PIKE (SB/L),Rear-End (Same Direction),Road Obstruction,Cloudy,Dry,Daylight,Stop Sign,None Detected,742515C1-D3E0-4ACE-9048-06EC0893DEFA,MD,4AF8F344-3E05-46F2-B15B-921B3976CD09,Twelve O Clock,SportUtilityVehicle,NegotiatingCurve,East,25.0,No,No,2023,TOYOTA,39.02245911,-77.10310239,Camry_Toyota,8,2025,9,17,8,Wednesday,2025-09-17,38
1609,MCP22700057,250042478,Montgomery_County_Police,Property Damage Crash,2025-09-21 09:30:00,County_Route,PARKWOOD DR,MEDICAL CENTER WAY,Rear-End (Same Direction),Tailgating,Clear,Dry,Daylight,No Control,None Detected,3075FE3A-986E-4999-A26C-FC763DE9F4C2,MD,EA6DA886-9666-4856-B07F-3BC748DD46A7,Twelve O Clock,PassengerCar,MovingConstantSpeed,Southbound,25.0,No,No,2017,VOLKSWAGEN,39.01644837,-77.09288966,Golf_Volkswagen,9,2025,9,21,9,Sunday,2025-09-21,38
1610,MCP2761007D,250042486,Montgomery_County_Police,Property Damage Crash,2025-09-21 10:29:00,Maryland_State_Route,FREDERICK RD,JONES BRIDGE RD,Rear-End (Same Direction),Tailgating,Cloudy,Wet,Daylight,No Control,None Detected,D7B376EA-37C3-446A-AEC6-BC2A559EC3B6,NC,B951A23D-C44B-4687-80F2-65CE22BC859E,Twelve O Clock,PassengerCar,MovingConstantSpeed,Northbound,45.0,No,No,2024,TOYOTA,39.20533305,-77.24612772,Corolla_Toyota,10,2025,9,21,10,Sunday,2025-09-21,38
1611,MCP2771005L,250041295,Montgomery_County_Police,Property Damage Crash,2025-09-14 14:27:00,County_Route,RANDOLPH RD (WB/L),DEVON RD,Sideswipe (Same Direction),Right-of-Way Violation,Cloudy,Dry,Daylight,No Control,None Detected,9894893D-264B-4E78-813C-7E48C7DBE5FD,MD,8FA65BB3-838E-491D-9272-D5E36E6DFBCA,One O Clock,SportUtilityVehicle,ChangingLanes,Westbound,40.0,No,No,2018,TOYOTA,39.075816,-77.00288032,RAV4_Toyota,14,2025,9,14,14,Sunday,2025-09-14,37
1612,MCP2298018F,250041988,Montgomery_County_Police,Injury Crash,2025-09-18 11:45:00,Maryland_State_Route,CONNECTICUT AVE (SB/L),DECATUR AVE,Angle Collision,Road Obstruction,Clear,Dry,Daylight,Stop Sign,None Detected,DE93AE14-D195-4BF5-9597-DE9E9927CFBE,MD,00BD81F3-A731-4902-AC51-FF44811E6A31,Twelve O Clock,PassengerCar,StoppedInTrafficLane,Eastbound,30.0,No,No,2016,VOLKSWAGEN,39.03384167,-77.07515167,GTI_Volkswagen,11,2025,9,18,11,Thursday,2025-09-18,38
1613,MCP94190068,250041949,Montgomery_County_Police,Property Damage Crash,2025-09-18 08:04:00,Maryland_State_Route,RANDOLPH RD,EISENHOWER MEMORIAL HWY,Angle Collision,Speed Related,Clear,Dry,Daylight,No Control,None Detected,FD0AF46A-12F4-452E-8C14-B03DA40498C1,MD,781F0BD6-4E54-4128-96F1-9A6562D41604,Eleven O Clock,SportUtilityVehicle,MovingConstantSpeed,Eastbound,40.0,No,No,2024,CHEVROLET,39.13404,-77.122804,Equinox_Chevrolet,8,2025,9,18,8,Thursday,2025-09-18,38
1614,MCP20000029,250041560,Montgomery_County_Police,Property Damage Crash,2025-09-16 02:19:00,County_Route,SNOWDEN FARM PKW (WB/L)Y,HOPKINS RD,Rear-End (Same Direction),Lane Violation,Clear,Dry,Dark - Lighted,No Control,None Detected,BB4C5ACD-036A-4264-B422-8C7E60BADCB1,MD,79953CB1-3583-43A8-8BB3-58B6CCC3943D,Twelve O Clock,SportUtilityVehicle,LeavingTrafficLane,Northbound,30.0,Unknown,No,2017,CADILLAC,39.2280273,-77.24971872,XT5_Cadillac,2,2025,9,16,2,Tuesday,2025-09-16,38
1615,MCP292300F9,250041702,Montgomery_County_Police,Property Damage Crash,2025-09-16 17:26:00,Maryland_State_Route,BROOKVILLE RD,BROADWOOD DR,Single Vehicle,Weather Related,Rain,Wet,Daylight,No Control,None Detected,9022C93D-2EFC-46C6-BF73-C9672CB3CCAB,DC,47CE90A2-EE47-486F-A0AD-10283A99EF91,Seven O Clock,VanCargo,Parked,West,2.5,No,Yes,2020,BMW,39.03789742,-77.0510602,M2_BMW,17,2025,9,16,17,Tuesday,2025-09-16,38
1616,MCP2948007Y,250041855,Montgomery_County_Police,Property Damage Crash,2025-09-17 15:38:00,Maryland_State_Route,VEIRS MILL RD (WB/L),E JEFFERSON ST,Rear-End (Same Direction),Tailgating,Rain,Wet,Daylight,No Control,None Detected,1BCF1453-5F11-49EA-A6AC-0DA264B451DF,MD,0E9DFD5C-4939-409A-A0CA-0809E43B37BD,Seven O Clock,SportUtilityVehicle,SlowingOrStopping,Westbound,35.0,No,No,2006,HONDA,39.04473356,-77.06416521,CR-V_Honda,15,2025,9,17,15,Wednesday,2025-09-17,38
1617,DM85290005,250041968,Takoma_Park_Police_Department,Property Damage Crash,2025-09-18 10:33:00,Maryland_State_Route,NEW HAMPSHIRE AVE,MERWOOD DR,Angle Collision,Right-of-Way Violation,Clear,Dry,Daylight,Traffic Signal,None Detected,741C7E05-B06F-4BBA-95B5-56E46B5983EB,MD,C5A10F2F-E3C6-4C09-BC3A-C9299564985C,Eight O Clock,PassengerCar,Accelerating,Westbound,35.0,No,No,2018,NISSAN,38.98332433,-76.98835652,Maxima_Nissan,10,2025,9,18,10,Thursday,2025-09-18,38
1618,MCP120500D6,250042764,Montgomery_County_Police,Property Damage Crash,2025-09-23 09:43:00,County_Route,NICHOLSON LA,ROCKVILLE PIKE,Sideswipe (Same Direction),Passing / Turning,Cloudy,Dry,Daylight,Traffic Signal,None Detected,2F0F6916-C4DC-4623-BE4B-C4CA14918151,MD,AFAD786D-DE9E-4AD7-B4F4-BA0B7A308FFA,Seven O Clock,TruckTractor,MakingRightTurn,Northbound,30.0,No,No,2019,CHEVROLET,39.04465843,-77.11160113,Silverado_Chevrolet,9,2025,9,23,9,Tuesday,2025-09-23,39
1619,MCP2932009D,250040935,Montgomery_County_Police,Injury Crash,2025-09-12 01:31:00,US_State_Route,GEORGIA AVE,SILVER SPRING AVE,Angle Collision,Lane Violation,Clear,Dry,Dark - Lighted,Traffic Signal,Suspect Alcohol Only,D8FA681E-83FA-4B4A-8302-AE1F82255589,VA,320535B2-28AC-43F6-A7C1-34191821E3B7,Twelve O Clock,PassengerCar,MovingConstantSpeed,Eastbound,25.0,No,No,2017,KIA,38.99161105,-77.02652117,Optima_Kia,1,2025,9,12,1,Friday,2025-09-12,37
1620,MCP120500D6,250042764,Montgomery_County_Police,Property Damage Crash,2025-09-23 09:43:00,County_Route,NICHOLSON LA,ROCKVILLE PIKE,Sideswipe (Same Direction),Lane Violation,Cloudy,Dry,Daylight,Traffic Signal,None Detected,DE7D47B7-2B56-4434-BEA4-2BD77F371641,DC,A6AC69D6-C2AA-45D9-8698-02C96C536AF1,Five O Clock,TransitBus,MovingConstantSpeed,Northbound,30.0,No,No,2016,INFINITI,39.04465843,-77.11160113,Q50_Infiniti,9,2025,9,23,9,Tuesday,2025-09-23,39
1621,MCP3408001Y,250042270,Montgomery_County_Police,Injury Crash,2025-09-19 18:00:00,Maryland_State_Route,UNIVERSITY BLVD E,REDLAND RD,Rear-End (Same Direction),Lane Violation,Clear,Dry,Daylight,No Control,None Detected,D1F891E8-1DB3-4085-BEE4-D38030A88FF4,MD,995CE53B-1112-455A-B39F-2C953A0A2D11,Six O Clock,PassengerCar,MovingConstantSpeed,Southbound,25.0,No,No,2006,TOYOTA,38.9953272,-76.99311332,Matrix_Toyota,18,2025,9,19,18,Friday,2025-09-19,38
1622,MCP32620067,250042874,Montgomery_County_Police,Property Damage Crash,2025-09-23 21:30:00,County_Route,FREDERICK RD,DILSTON RD,Sideswipe (Opposite Direction),Lane Violation,Rain,Wet,Dark - Not Lighted,No Control,None Detected,CA5D116D-CB22-4258-A24F-C8D88288E261,MD,BD925E04-413D-416E-9CF2-72EE1D5C0CB2,One O Clock,PassengerCar,MovingConstantSpeed,Westbound,35.0,No,No,2011,TOYOTA,39.06786333,-76.9371785,Camry_Toyota,21,2025,9,23,21,Tuesday,2025-09-23,39
1623,MCP3192006B,250042045,Montgomery_County_Police,Property Damage Crash,2025-09-18 15:10:00,County_Route,WELLER RD,E RANDOLPH RD,Other,Congestion / Backup,Clear,Dry,Daylight,No Control,None Detected,D77520DC-D0C9-4238-B3B5-C71E56E22F70,MD,CE809CF9-46D6-4722-81E1-3E4552A20495,Six O Clock,PassengerCar,SlowingOrStopping,Northbound,25.0,No,No,2013,TOYOTA,39.06381555,-77.07097272,Prius_Toyota,15,2025,9,18,15,Thursday,2025-09-18,38
1624,MCP32400042,250042559,Montgomery_County_Police,Property Damage Crash,2025-09-21 23:24:00,County_Route,COLUMBIA PIKE,TUCKERMAN LA,Sideswipe (Same Direction),Lane Violation,Clear,Dry,Dark - Lighted,No Control,None Detected,AFD65B18-0B66-4AA7-B5B9-2CF82199618E,MD,372AF670-6CF7-44A8-9E7F-40DC3D4406C8,One O Clock,PassengerCar,MovingConstantSpeed,Northbound,25.0,No,No,2019,LAND ROVER,39.17722184,-77.28537656,Range Rover Velar_Land Rover,23,2025,9,21,23,Sunday,2025-09-21,38
1625,MCP32010088,250040230,Montgomery_County_Police,Property Damage Crash,2025-09-08 07:50:00,Maryland_State_Route,RIDGE RD,EDMONSTON DR,Rear-End (Same Direction),Tailgating,Clear,Dry,Daylight,No Control,None Detected,20129E22-9216-4263-86E4-BF9DA43213DC,MD,D278966C-3B6F-4416-9857-379EFC4EBC94,Twelve O Clock,SportUtilityVehicle,Accelerating,Not On Roadway,2.5,No,No,2015,TOYOTA,39.11542904,-77.23197906,RAV4_Toyota,7,2025,9,8,7,Monday,2025-09-08,37
1626,MCP1534001Q,250041954,Montgomery_County_Police,Property Damage Crash,2025-09-18 09:02:00,Maryland_State_Route,SPENCERVILLE RD,LAYHILL VALLEY CT,Angle Collision,Right-of-Way Violation,Clear,Dry,Daylight,No Control,None Detected,5DB26EBF-DE25-4725-9EC1-12F39DC428C6,MD,6AF3714B-AD6E-46A4-B3B6-09EF96FABE91,Nine O Clock,PassengerCar,MakingUTurn,Eastbound,25.0,No,No,2013,FORD,39.28778791,-77.2022072,Escape_Ford,9,2025,9,18,9,Thursday,2025-09-18,38
1627,DM85290005,250041968,Takoma_Park_Police_Department,Property Damage Crash,2025-09-18 10:33:00,Maryland_State_Route,NEW HAMPSHIRE AVE,MERWOOD DR,Angle Collision,Right-of-Way Violation,Clear,Dry,Daylight,Traffic Signal,None Detected,A1A5F669-B56B-4DA3-B0A5-E66339EE52EF,MD,6C3CCAEB-4347-491F-9152-A3833753FE70,Twelve O Clock,PassengerCar,Accelerating,South,35.0,No,No,2024,TOYOTA,38.98332433,-76.98835652,RAV4_Toyota,10,2025,9,18,10,Thursday,2025-09-18,38
1629,MCP3093006B,250042263,Montgomery_County_Police,Property Damage Crash,2025-09-19 17:33:00,Maryland_State_Route,ROCKVILLE PIKE (SB/L),SPUR TO LOST KNIFE RD,Rear-End (Same Direction),Tailgating,Clear,Dry,Daylight,No Control,None Detected,C7701426-133B-4F2E-984B-23BC226786D6,MD,0F9E3675-0F66-478D-8406-189CD0EFB0D1,Twelve O Clock,PassengerCar,MovingConstantSpeed,Southbound,30.0,No,No,2012,FORD,38.9957175,-77.09655817,F-150_Ford,17,2025,9,19,17,Friday,2025-09-19,38
1630,MCP3061002X,250042567,Montgomery_County_Police,Property Damage Crash,2025-09-22 01:39:00,Maryland_State_Route,GERMANTOWN RD (SB/L),CO5242 GRACEFIELD ROAD,Single Vehicle,Driver Inattention,Clear,Dry,Dark - Lighted,No Control,None Detected,CFBD18EC-EFFB-4DC1-8062-FFFE71BF5052,MD,EF7FE28C-5F7D-4B36-A069-311C61FE29E2,One O Clock,PassengerCar,MovingConstantSpeed,Southbound,40.0,No,No,2023,VOLKSWAGEN,39.173004,-77.27560833,Atlas_Volkswagen,1,2025,9,22,1,Monday,2025-09-22,39
1631,MCP2187002X,250041132,Montgomery_County_Police,Property Damage Crash,2025-09-13 11:25:00,Municipality_Route,RIDGE RD,RAILROAD ST,Sideswipe (Opposite Direction),Driver Inattention,Clear,Dry,Daylight,No Control,None Detected,675C04E6-1C33-4B4B-91D6-9590E18A90A3,MD,95EE8F54-3FD8-4A3D-AA4B-748B6142E000,Eight O Clock,TransitBus,MakingLeftTurn,Northbound,25.0,No,No,2014,FORD,39.13530967,-77.17487133,F-150_Ford,11,2025,9,13,11,Saturday,2025-09-13,37
1632,MCP3368002R,250042809,Montgomery_County_Police,Property Damage Crash,2025-09-23 14:31:00,County_Route,SAM EIG HWY,ENT TO COLESVILLE CENTER,Angle Collision,Right-of-Way Violation,Clear,Dry,Daylight,Traffic Signal,None Detected,65A253F4-3264-4F8B-9ACF-F5624BDE768E,MD,62922F94-1BAA-406B-A476-684F58879BF8,Two O Clock,PassengerCar,MakingLeftTurn,Eastbound,40.0,No,No,2009,TOYOTA,39.10867111,-77.21219621,Corolla_Toyota,14,2025,9,23,14,Tuesday,2025-09-23,39
1633,MCP3422001Z,250039458,Montgomery_County_Police,Injury Crash,2025-09-03 13:55:00,County_Route,CEDAR ST,WAYNE AVE,Single Vehicle,Driver Inattention,Clear,Dry,Daylight,Person Control,None Detected,7964DE53-096F-481F-8D72-8EB215A53A30,MD,BE0A3D84-1F72-49F7-AB97-1DD30218D213,VehicleNotAtScene,PassengerCar,MovingConstantSpeed,Eastbound,15.0,No,No,2015,VOLKSWAGEN,38.99720129,-77.02182264,Jetta_Volkswagen,13,2025,9,3,13,Wednesday,2025-09-03,36
1634,MCP3039007X,250040858,Montgomery_County_Police,Property Damage Crash,2025-09-11 16:00:00,County_Route,SILVER SPRING AVE,ENT TO BRIGGS CHANEY SHOPPING CENTER,Head-On,Lane Violation,Clear,Dry,Daylight,No Control,None Detected,DE530A20-3A02-4186-8391-CCDBE04A687B,MD,98BCE372-29CC-446E-B322-C82CDFDBBA4F,Twelve O Clock,PassengerCar,MovingConstantSpeed,Eastbound,35.0,No,No,2022,HONDA,38.99262669,-77.01308422,CR-V_Honda,16,2025,9,11,16,Thursday,2025-09-11,37
1635,MCP2108002D,250042445,Montgomery_County_Police,Property Damage Crash,2025-09-20 21:30:00,Maryland_State_Route,16TH ST,SHOREFIELD RD,Sideswipe (Same Direction),Lane Violation,Clear,Dry,Dark - Lighted,No Control,None Detected,D6CFEA21-9B09-4BEE-BC82-C64651E1F689,MD,23A01A8A-AB81-47BE-887D-5B3F78B2D7A9,Three O Clock,PassengerCar,MovingConstantSpeed,Northbound,35.0,No,No,2024,CHEVROLET,39.0031631,-77.04006039,Malibu_Chevrolet,21,2025,9,20,21,Saturday,2025-09-20,38
1636,MCP3341005B,250041752,Montgomery_County_Police,Property Damage Crash,2025-09-17 07:00:00,County_Route,RANDOLPH RD (WB/L),OLD COLUMBIA PIKE,Rear-End (Same Direction),Speed Related,Cloudy,Wet,Daylight,No Control,None Detected,0CE8A57A-4A1C-48BE-B0DA-DF4CDC99ED3E,MD,A2315DCF-34CA-4CF0-A382-280012FC846D,Eleven O Clock,PassengerCar,SlowingOrStopping,Westbound,35.0,No,No,2011,TOYOTA,39.05502817,-77.085087,Camry_Toyota,7,2025,9,17,7,Wednesday,2025-09-17,38
1637,MCP3136007N,250041945,Montgomery_County_Police,Property Damage Crash,2025-09-18 07:26:00,Maryland_State_Route,GEORGIA AVE,CEDAR LA,Rear-End (Same Direction),Weather Related,Clear,Wet,Daylight,No Control,None Detected,C837F8B5-B9FD-48D2-AADE-AE19FEC7C290,MD,2E54C0E6-0C13-4BAB-9BED-A775DDE2C7AC,Six O Clock,PassengerCar,StoppedInTrafficLane,Northbound,25.0,No,No,2017,DODGE,38.98632633,-77.013633,Grand Caravan_Dodge,7,2025,9,18,7,Thursday,2025-09-18,38
1638,MCP2770004N,250042144,Montgomery_County_Police,Property Damage Crash,2025-09-19 07:22:00,Maryland_State_Route,MUNCASTER MILL RD,OLDE MILL RUN (NB/L),Angle Collision,Right-of-Way Violation,Clear,Dry,Daylight,Stop Sign,None Detected,2A5A2896-2088-48DF-902B-626F8A140347,MD,72036B7A-803D-4454-BAAD-103D27D44D5A,Five O Clock,PickupTruck,MovingConstantSpeed,Unknown,35.0,No,No,2025,FORD,39.13993667,-77.13409167,Maverick_Ford,7,2025,9,19,7,Friday,2025-09-19,38
1639,MCP3319003Z,250041935,Montgomery_County_Police,Property Damage Crash,2025-09-18 07:00:00,Maryland_State_Route,PINEY BRANCH RD,RIDGE RD,Single Vehicle,Speed Related,Clear,Wet,Daylight,Pedestrian Crossing,None Detected,A642EF2A-BE5E-4FE4-98F7-324239F46465,MD,C4E9B57D-487A-4DA5-9AB3-97AEAFD13165,Twelve O Clock,PassengerCar,ChangingLanes,Southbound,35.0,No,No,2009,ACURA,38.99974211,-76.99293555,TSX_Acura,7,2025,9,18,7,Thursday,2025-09-18,38
1640,MCP3407001L,250042273,Montgomery_County_Police,Injury Crash,2025-09-19 18:18:00,Maryland_State_Route,FREDERICK RD (SB/L),GUNNERS BRANCH RD,Angle Collision,Right-of-Way Violation,Clear,Dry,Daylight,Traffic Signal,None Detected,E676D594-6B5C-453A-8033-08E324E2295E,MD,86FA09B9-0765-4EB4-87A1-D515C03CF123,Eleven O Clock,PassengerCar,MakingLeftTurn,Northbound,35.0,No,No,2013,KIA,39.178335,-77.23866667,Optima_Kia,18,2025,9,19,18,Friday,2025-09-19,38
1641,MCP3113007C,250041898,Montgomery_County_Police,Property Damage Crash,2025-09-17 19:50:00,County_Route,GREENCASTLE RD (NB/L),CLARIDGE RD,Sideswipe (Opposite Direction),Speed Related,Rain,Wet,Dark - Lighted,No Control,None Detected,161D11D3-5F1E-4590-9148-C7903309964C,MD,0D23BEB7-1725-4E0A-95B1-2D9D0D301B41,Eleven O Clock,PassengerCar,MovingConstantSpeed,Eastbound,30.0,No,No,2015,TOYOTA,39.09600106,-76.93879742,Camry_Toyota,19,2025,9,17,19,Wednesday,2025-09-17,38
1642,MCP296500BG,250040624,Montgomery_County_Police,Property Damage Crash,2025-09-10 10:15:00,County_Route,BONIFANT RD,GOOD HOPE RD NEW HAMPSHIRE AVE,Rear-End (Same Direction),Weather Related,Rain,Wet,Daylight,Traffic Signal,None Detected,C729F504-D3AD-420D-94D1-BB06222E9A73,DC,8519DD2E-5C82-4463-8CDE-7C7D7D57EBBF,Five O Clock,PassengerCar,StoppedInTrafficLane,East,45.0,No,No,2006,INFINITI,39.09589923,-77.00201731,Q50_Infiniti,10,2025,9,10,10,Wednesday,2025-09-10,37
1643,MCP3400002P,250040904,Montgomery_County_Police,Injury Crash,2025-09-11 18:47:00,County_Route,TAMARACK RD,E RANDOLPH RD E RANDOLPH RD (WB/L),Head-On,Right-of-Way Violation,Clear,Dry,Daylight,Traffic Signal,None Detected,81264CF3-218C-47BD-83F6-DF1F1924A6B2,MD,F94D5D28-74D9-4D0C-9F84-AD6D244E9741,One O Clock,PassengerCar,MakingLeftTurn,Westbound,40.0,No,No,2022,BMW,39.0677515,-76.98586133,X5_BMW,18,2025,9,11,18,Thursday,2025-09-11,37
1644,MCP209400PP,250040999,Montgomery_County_Police,Property Damage Crash,2025-09-12 13:42:00,Interstate_Route,CAPITAL BELTWAY,OAKVIEW DR,Rear-End (Same Direction),Congestion / Backup,Clear,Dry,Daylight,No Control,None Detected,BC5E4DDF-FA66-416B-8797-E8A185807DDB,MD,CABC7E0E-76C6-4BBD-A573-B9B7E669F1FB,Six O Clock,SportUtilityVehicle,SlowingOrStopping,Northbound,55.0,No,No,2019,CHEVROLET,38.98889083,-77.15686233,Tahoe_Chevrolet,13,2025,9,12,13,Friday,2025-09-12,37
1645,DD57060003,250042580,Rockville_Police_Department,Property Damage Crash,2025-09-22 07:53:00,Municipality_Route,MONROE ST,FLEET ST,Rear-End (Same Direction),Tailgating,Cloudy,Dry,Daylight,Traffic Signal,None Detected,AF515E89-5903-4055-ACE1-063844298325,MD,EA2F32E5-B297-4550-BB0C-CE078E9E8FC9,Seven O Clock,PassengerCar,StoppedInTrafficLane,Westbound,25.0,No,No,2020,TOYOTA,39.0807146,-77.14999447,Camry_Toyota,7,2025,9,22,7,Monday,2025-09-22,39
1646,MCP2855005S,250041506,Montgomery_County_Police,Injury Crash,2025-09-15 17:33:00,Maryland_State_Route,E GUDE DR,PARKLAWN DR,Single Vehicle,Lane Violation,Clear,Dry,Daylight,Traffic Signal,None Detected,70551B1A-C41F-4DD9-8C07-D4140ED20B3F,MD,EC6C60FC-7225-41F9-A8DF-AA572A05DD6D,Twelve O Clock,PassengerCar,MovingConstantSpeed,Northbound,30.0,No,No,2017,TOYOTA,38.99817733,-77.00313533,Corolla_Toyota,17,2025,9,15,17,Monday,2025-09-15,38
1647,MCP2664006X,250042148,Montgomery_County_Police,Property Damage Crash,2025-09-19 08:00:00,Maryland_State_Route,CONNECTICUT AVE,FALLS RD,Sideswipe (Same Direction),Backing Error,Clear,Dry,Daylight,No Control,None Detected,61C2B36C-FC69-4DCE-AD66-642466A703F4,MD,BA3BDA31-280B-4477-8929-AC086D65A646,Seven O Clock,SportUtilityVehicle,Backing,Southbound,2.5,No,No,2017,LAND ROVER,39.05620695,-77.08319623,Range Rover_Land Rover,8,2025,9,19,8,Friday,2025-09-19,38
1648,MCP3040008H,250041888,Montgomery_County_Police,Property Damage Crash,2025-09-17 18:45:00,Maryland_State_Route,FALLS RD,CARROLL AVE,Rear-End (Same Direction),Right-of-Way Violation,Rain,Wet,Dusk,No Control,None Detected,688776C1-B589-4D32-97CB-CF016716C6D4,MD,C9FA3BF0-42C7-49DE-B759-7D2BE33A6487,Five O Clock,PassengerCar,MakingLeftTurn,Eastbound,40.0,No,No,2020,JEEP,39.17667933,-77.10033883,Grand Cherokee_Jeep,18,2025,9,17,18,Wednesday,2025-09-17,38
1649,MCP32620066,250040689,Montgomery_County_Police,Injury Crash,2025-09-10 15:30:00,US_State_Route,COLUMBIA PIKE,KING ST,Rear-End (Same Direction),Right-of-Way Violation,Clear,Dry,Daylight,Traffic Signal,None Detected,2C70292A-A260-4340-89DD-876428227497,MD,85EB0872-6796-4482-9332-B7C4BB4D4C14,One O Clock,PassengerCar,MakingRightTurn,Westbound,35.0,No,No,2024,TOYOTA,39.07320197,-76.95565145,Tacoma_Toyota,15,2025,9,10,15,Wednesday,2025-09-10,37