Unnamed: 0,Report Number,Local Case Number,Agency Name,ACRS Report Type,Crash Date/Time,Route Type,Road Name,Cross-Street Name,Collision Type,Circumstance_Category,Weather,Surface Condition,Light,Traffic Control,Driver Substance Abuse,Person ID,Drivers License State,Vehicle ID,Vehicle First Impact Location,Vehicle Body Type,Vehicle Movement,Vehicle Going Dir,Speed Limit,Driverless Vehicle,Parked Vehicle,Vehicle Year,Vehicle Make,Latitude,Longitude,Vehicle Model,hour,Crash_year,Crash_month,Crash_day,Crash_hour,Crash_day_name,Crash_date,Crash_week
1650,MCP34440013,250042547,Montgomery_County_Police,Property Damage Crash,2025-09-21 19:45:00,Maryland_State_Route,GEORGIA AVE,REDLAND BLVD,Sideswipe (Same Direction),Lane Violation,Cloudy,Dry,Dusk,Traffic Signal,None Detected,D10164A9-0BFE-45E6-9623-BD8CC8F66215,MD,A9E25323-127A-4137-A407-126FD7603AEC,Nine O Clock,PassengerCar,MovingConstantSpeed,Northbound,30.0,No,No,2025,TOYOTA,39.01530232,-77.04250411,Corolla_Toyota,19,2025,9,21,19,Sunday,2025-09-21,38
1651,MCP3392002N,250041598,Montgomery_County_Police,Property Damage Crash,2025-09-16 10:14:00,County_Route,NEWPORT MILL RD,EMORY LA,Sideswipe (Same Direction),Lane Violation,Cloudy,Dry,Daylight,Traffic Signal,None Detected,2DE7E5E7-4B07-40FD-9E33-23C9B9DA9AD2,VA,9550FDE8-56E5-4C57-A110-D4F5C68284B7,Three O Clock,OtherTruck,MovingConstantSpeed,Eastbound,35.0,No,No,2021,FORD,39.04504486,-77.06475022,Focus_Ford,10,2025,9,16,10,Tuesday,2025-09-16,38
1652,DD5674001X,250041316,Rockville_Police_Department,Injury Crash,2025-09-14 16:47:00,Maryland_State_Route,FREDERICK RD (SB/L),E DIAMOND AVE S SUMMIT AVE,Angle Collision,Right-of-Way Violation,Clear,Dry,Daylight,No Control,None Detected,C2114D52-5B9E-44C6-9930-3CCD7DE70205,VA,20B1342A-538F-4AD2-AEE3-F9DE9488B1A7,Eleven O Clock,PassengerCar,MakingRightTurn,Eastbound,30.0,No,No,2022,LEXUS,39.12079917,-77.17500117,RX 350_Lexus,16,2025,9,14,16,Sunday,2025-09-14,37
1653,MCP156300BZ,250042363,Montgomery_County_Police,Injury Crash,2025-09-20 11:29:00,Maryland_State_Route,OLD GEORGETOWN RD (SB/L),RAMP 10 FR MD 187B TO MD 187 NB,Angle Collision,Right-of-Way Violation,Clear,Dry,Daylight,Traffic Signal,None Detected,C1A3B588-9785-4B68-ACD4-85DDE84C949B,MD,622BAA8A-E801-40C7-BF74-55A49D245C39,Eight O Clock,PassengerCar,MakingLeftTurn,Eastbound,35.0,No,No,2018,HYUNDAI,39.03017333,-77.1266135,Sonata_Hyundai,11,2025,9,20,11,Saturday,2025-09-20,38
1654,MCP94190068,250041949,Montgomery_County_Police,Property Damage Crash,2025-09-18 08:04:00,Maryland_State_Route,ROCKVILLE PIKE,NEW HAMPSHIRE AVE,Angle Collision,Right-of-Way Violation,Clear,Dry,Daylight,No Control,None Detected,2955F29D-54AC-4054-8D17-82594B967945,MD,AC4522E6-EAA5-41F4-8205-15137F08C5AB,Eleven O Clock,PassengerCar,MakingRightTurn,Not On Roadway,40.0,No,No,2001,BMW,39.13404,-77.122804,3 Series_BMW,8,2025,9,18,8,Thursday,2025-09-18,38
1655,MCP3400002R,250042066,Montgomery_County_Police,Property Damage Crash,2025-09-18 17:03:00,US_State_Route,COLUMBIA PIKE,DENFELD AVE,Rear-End (Same Direction),Driver Inattention,Clear,Dry,Daylight,Traffic Signal,None Detected,25752A54-FBAB-45E6-BA8F-81C29CAC5887,MD,EB52843F-F73C-457B-A1C0-1FDC813E2508,VehicleNotAtScene,PassengerCar,MovingConstantSpeed,Northbound,45.0,No,No,2011,TOYOTA,39.0465445,-76.98667933,Camry_Toyota,17,2025,9,18,17,Thursday,2025-09-18,38
1656,MCP13050069,250041097,Montgomery_County_Police,Property Damage Crash,2025-09-13 00:01:00,County_Route,EAST VILLAGE AVE (WB/L),KEMP MILL RD,Single Vehicle,Lane Violation,Clear,Dry,Dark - Not Lighted,Stop Sign,None Detected,966A21C7-84A1-4BBF-9226-BF4C1746303A,MD,C8795F37-1872-40B4-AF76-1016DB400736,Twelve O Clock,PassengerCar,MovingConstantSpeed,Northbound,35.0,No,No,2011,BMW,39.18458667,-77.17478467,X5_BMW,0,2025,9,13,0,Saturday,2025-09-13,37
1657,MCP3374003L,250041620,Montgomery_County_Police,Injury Crash,2025-09-15 15:40:00,County_Route,ROOSEVELT ST,OLD GEORGETOWN RD,Single Vehicle,Right-of-Way Violation,Clear,Dry,Daylight,Stop Sign,None Detected,E8614C3F-ECD3-4DEB-BE03-681AD5B22DE8,MD,9B68F1AA-D021-45B0-9120-2A661550578D,VehicleNotAtScene,PickupTruck,MakingRightTurn,West,25.0,No,No,2008,CHEVROLET,38.99585387,-77.10877253,Colorado_Chevrolet,15,2025,9,15,15,Monday,2025-09-15,38
1658,EJ78990027,250041545,Gaithersburg_Police_Department,Property Damage Crash,2025-09-15 21:47:00,Municipality_Route,S SUMMIT AVE,OLDE TOWNE AVE,Angle Collision,Right-of-Way Violation,Clear,Dry,Dark - Lighted,Stop Sign,None Detected,A3231B9D-F041-48C7-A3AC-F13DD0123AE2,MD,C4E41150-9A6A-42BA-9F8B-FFBA6D4A24A9,One O Clock,PassengerCar,MakingLeftTurn,North,25.0,No,No,2007,ACURA,39.140503,-77.19354683,RDX_Acura,21,2025,9,15,21,Monday,2025-09-15,38
1659,MCP296500BK,250041380,Montgomery_County_Police,Property Damage Crash,2025-09-15 07:15:00,Maryland_State_Route,NEW HAMPSHIRE AVE (SB/L),RAMP 6 FR IS 495 EB TO US 29 SB,Single Vehicle,Driver Inattention,Clear,Dry,Daylight,No Control,None Detected,169757C4-5C79-4674-B0A0-CD35CEA629DA,MD,3415DD3B-9B55-4F2D-9FC8-E1671F0A6A03,Twelve O Clock,PickupTruck,MovingConstantSpeed,Northbound,45.0,No,No,2003,TOYOTA,39.10287478,-77.00386365,Tacoma_Toyota,7,2025,9,15,7,Monday,2025-09-15,38
1660,MCP3400002R,250042066,Montgomery_County_Police,Property Damage Crash,2025-09-18 17:03:00,US_State_Route,COLUMBIA PIKE,CRYSTAL ROCK DR,Rear-End (Same Direction),Driver Inattention,Clear,Dry,Daylight,Traffic Signal,None Detected,19825920-1D09-4316-8058-A4F65A6A9C27,MD,72EC7F81-36F5-439A-A381-4EAE692EB238,Six O Clock,PassengerCar,MovingConstantSpeed,Northbound,45.0,No,No,2017,HONDA,39.0465445,-76.98667933,CR-V_Honda,17,2025,9,18,17,Thursday,2025-09-18,38
1661,MCP3408001Y,250042270,Montgomery_County_Police,Injury Crash,2025-09-19 18:00:00,Maryland_State_Route,UNIVERSITY BLVD E,HATHAWAY DR,Rear-End (Same Direction),Tailgating,Clear,Dry,Daylight,No Control,None Detected,02C4BEA1-2031-421D-B837-2B777E60C466,MD,938D8777-0691-4B7C-93FD-D49E63965033,Six O Clock,PassengerCar,MovingConstantSpeed,Southbound,25.0,No,No,2019,HONDA,38.9953272,-76.99311332,Civic_Honda,18,2025,9,19,18,Friday,2025-09-19,38
1662,MCP3374003M,250041966,Montgomery_County_Police,Property Damage Crash,2025-09-18 09:52:00,County_Route,EWING DR,GREENTREE RD,Rear vs Side,Right-of-Way Violation,Clear,Dry,Daylight,Stop Sign,None Detected,5E1C208E-771E-487C-AD9F-6C9E68D648E1,XX,FD60F0F2-AF41-4AB5-AAF5-86D2696D951B,Four O Clock,PassengerCar,EnteringTrafficLane,West,35.0,No,No,2012,LEXUS,39.00109367,-77.12326483,RX_Lexus,9,2025,9,18,9,Thursday,2025-09-18,38
1663,MCP2974005W,250042756,Montgomery_County_Police,Injury Crash,2025-09-23 08:35:00,County_Route,NORTHAMPTON DR,CEDAR LA,Angle Collision,Right-of-Way Violation,Clear,Dry,Daylight,No Control,None Detected,54EB4798-ECB1-4758-A9CE-1454C5D86C3C,MD,12304A15-3F95-46BE-B348-1A137309997A,Nine O Clock,PassengerCar,MovingConstantSpeed,Eastbound,25.0,No,No,2008,HONDA,39.00688773,-76.98111388,Accord_Honda,8,2025,9,23,8,Tuesday,2025-09-23,39
1664,MCP311100BD,250042163,Montgomery_County_Police,Property Damage Crash,2025-09-19 09:38:00,County_Route,WOODMONT AVE,GALWAY DR,Single Vehicle,Backing Error,Clear,Dry,Daylight,No Control,None Detected,BFC98764-3D67-44C5-9B4E-04E3FEE9663C,MD,878B8078-EFCA-4D17-A59A-39248D3FD6CC,Six O Clock,OtherTruck,Backing,Southbound,25.0,No,No,2016,BMW,38.98240685,-77.09613086,5 Series_BMW,9,2025,9,19,9,Friday,2025-09-19,38
1665,MCP3426002M,250042231,Montgomery_County_Police,Property Damage Crash,2025-09-19 15:10:00,County_Route,DEMOCRACY BLVD (EB/L),GERMANTOWN RD,Head-On,Lane Violation,Clear,Dry,Daylight,No Control,None Detected,CE0088C6-0576-4805-930F-0F3443C6E711,MD,88DA3C5A-1E53-4433-A9B3-8813F5BDACC9,Twelve O Clock,PassengerCar,MovingConstantSpeed,Southbound,35.0,No,No,2008,VOLVO,39.02672717,-77.195652,S60_Volvo,15,2025,9,19,15,Friday,2025-09-19,38
1666,MCP32320070,250041912,Montgomery_County_Police,Injury Crash,2025-09-17 21:24:00,Maryland_State_Route,OLNEY SANDY SPRING RD (WB/L),N HORNERS LA,Angle Collision,Right-of-Way Violation,Clear,Dry,Dark - Lighted,Flashing Traffic Signal,None Detected,BDE23011-5485-425B-9FA8-35B4B6EE20D2,MD,52B1745F-8F1D-4C98-9A73-B38CDD4CD8BF,Ten O Clock,PassengerCar,MakingLeftTurn,East,35.0,No,No,2020,KIA,39.15193331,-77.06432353,Optima_Kia,21,2025,9,17,21,Wednesday,2025-09-17,38
1667,MCP308600C4,250042029,Montgomery_County_Police,Injury Crash,2025-09-18 14:00:00,County_Route,SNOUFFERS SCHOOL RD,CORRIGAN SQ ACCESS RD,Rear-End (Same Direction),Tailgating,Clear,Dry,Daylight,No Control,None Detected,E8A43890-2878-4E82-BA42-12B22FE058E0,MD,3B8A6C09-42C4-44AC-8274-63E7BABA6BB0,Twelve O Clock,SportUtilityVehicle,MovingConstantSpeed,Eastbound,40.0,No,No,2013,LEXUS,39.16917522,-77.17594837,RX_Lexus,14,2025,9,18,14,Thursday,2025-09-18,38
1668,MCP3445000X,250042158,Montgomery_County_Police,Injury Crash,2025-09-19 09:20:00,Maryland_State_Route,ROCKVILLE PIKE (SB/L),OBSERVATION DR,Rear-End (Same Direction),Right-of-Way Violation,Clear,Dry,Daylight,No Control,None Detected,D9FE265D-E7AC-4D93-A645-AFEBFFAC57AA,MD,35CF5CDE-8CEE-40CC-89F7-F8B51934416D,Seven O Clock,PassengerCar,LeavingTrafficLane,Southbound,35.0,No,No,2021,JEEP,39.04855,-77.11383417,Grand Cherokee_Jeep,9,2025,9,19,9,Friday,2025-09-19,38
1669,MCP2503002D,250042159,Montgomery_County_Police,Property Damage Crash,2025-09-19 09:24:00,Ramp_Route,RAMP 2 FR MD 189 WB TO RAMP 3 (TO IS270),BEACON RD,Rear-End (Same Direction),Right-of-Way Violation,Clear,Dry,Daylight,Yield Sign,None Detected,63B9232A-C21A-45C4-B084-ADB21CF9CB78,MD,63852827-17CF-4581-8473-08F2A2D3FB55,Twelve O Clock,PassengerCar,Accelerating,West,55.0,No,No,2016,TOYOTA,39.07491516,-77.16467289,Camry_Toyota,9,2025,9,19,9,Friday,2025-09-19,38
1670,MCP2710004L,250041683,Montgomery_County_Police,Injury Crash,2025-09-16 16:20:00,Maryland_State_Route,W DIAMOND AVE,RAILROAD ST,Single Vehicle,Right-of-Way Violation,Rain,Wet,Daylight,No Control,None Detected,560F5F81-95EC-4EFE-B95B-BE0AA500D0AB,TX,E2861827-BDCA-4A1C-BEDC-915A138025B5,Twelve O Clock,PassengerCar,MovingConstantSpeed,Not On Roadway,2.5,No,No,2015,JEEP,39.09194015,-77.04735531,Cherokee_Jeep,16,2025,9,16,16,Tuesday,2025-09-16,38
1671,MCP31650065,250042215,Montgomery_County_Police,Injury Crash,2025-09-19 14:30:00,Bicycle_Route,WOODFIELD RD,NEWPORT AVE,Rear-End (Same Direction),Congestion / Backup,Clear,Dry,Daylight,No Control,None Detected,9A12808E-48B3-4BD0-8AD3-1EAAA94BB92B,MD,73B81B61-3DB4-4C26-B4C5-278DBCE9A4F7,Six O Clock,PassengerCar,SlowingOrStopping,Unknown,40.0,No,No,2011,GMC,39.07566917,-76.994348,Sierra_GMC,14,2025,9,19,14,Friday,2025-09-19,38
1672,MCP3067003G,250042373,Montgomery_County_Police,Injury Crash,2025-09-20 12:35:00,Maryland_State_Route,MUNCASTER MILL RD,LINCOLN ST,Head-On,Lane Violation,Clear,Dry,Daylight,No Control,None Detected,A28C708D-643B-4F78-A6D3-7CF64F1D3B8F,MD,63E448F7-BE75-4F30-9E83-305E89933C87,One O Clock,PassengerCar,MovingConstantSpeed,Eastbound,35.0,No,No,2015,TOYOTA,39.146215,-77.14526383,Sienna_Toyota,12,2025,9,20,12,Saturday,2025-09-20,38
1673,HA2525000R,25001993,Takoma_Park_Police_Department,Property Damage Crash,2025-09-17 07:30:00,Maryland_State_Route,ROLLINS AVE,PINEY BRANCH RD,Sideswipe (Same Direction),Lane Violation,Clear,Dry,Daylight,Traffic Signal,None Detected,FD965223-3685-4140-8F74-F1C5C7792A4D,MD,AF172FA8-3625-4857-A85C-30510289E390,Five O Clock,PickupTruck,MakingLeftTurn,Eastbound,30.0,No,No,2016,FORD,38.98326733,-77.01551831,F-450_Ford,7,2025,9,17,7,Wednesday,2025-09-17,38
1674,MCP3329004P,250042223,Montgomery_County_Police,Property Damage Crash,2025-09-19 14:59:00,Maryland_State_Route,NEW HAMPSHIRE AVE,CORDELL AVE,Rear-End (Same Direction),Tailgating,Clear,Dry,Daylight,No Control,None Detected,0216476A-FD91-4651-8DC7-8FBEAAE6E750,MD,65AAD71E-1362-4504-86E7-EA72BCFFA0CD,Twelve O Clock,PassengerCar,SlowingOrStopping,Northbound,40.0,No,No,2017,LEXUS,39.0629375,-76.99881783,GX_Lexus,14,2025,9,19,14,Friday,2025-09-19,38
1675,MCP2845009Z,250042353,Montgomery_County_Police,Injury Crash,2025-09-20 09:56:00,US_State_Route,OLD COLUMBIA PIKE (SB/L),CONTOUR RD,Angle Collision,Right-of-Way Violation,Clear,Dry,Daylight,Traffic Signal,None Detected,9F1DB1AA-782F-47EE-A38E-9AC7A124250F,MD,6D3D4C8E-FCFE-460E-8EB0-C2EA975CA0CE,Ten O Clock,SportUtilityVehicle,Accelerating,East,40.0,No,No,2021,LEXUS,39.11257833,-76.93275217,GX_Lexus,9,2025,9,20,9,Saturday,2025-09-20,38
1676,MCP2082003D,250042466,Montgomery_County_Police,Injury Crash,2025-09-21 04:40:00,County_Route,PEREGOY DR,MCCOMAS AVE,Other,Passing / Turning,Clear,Dry,Dark - Lighted,No Control,Suspect Alcohol (Unclear),EF618BA4-B027-4254-BCCF-00F27DEBC4BB,MD,D086506A-3481-46D8-9DAF-5C1910312545,Twelve O Clock,PassengerCar,MakingRightTurn,Westbound,25.0,No,No,2017,FORD,39.03317188,-77.05976087,Fusion_Ford,4,2025,9,21,4,Sunday,2025-09-21,38
1677,EJ786600GG,250041534,Gaithersburg_Police_Department,Injury Crash,2025-09-15 20:34:00,Maryland_State_Route,FREDERICK RD,PROFESSIONAL DR (NB/L),Rear vs Side,Speed Related,Clear,Dry,Dark - Lighted,Traffic Signal,None Detected,B5851B2D-3BA8-495C-BF1A-9CBF72AA44C8,MD,E004D6B5-1344-4DCB-B10F-34B3C0589D6D,Twelve O Clock,PassengerCar,MovingConstantSpeed,Northbound,45.0,No,No,2020,TOYOTA,39.16360217,-77.22616417,C-HR_Toyota,20,2025,9,15,20,Monday,2025-09-15,38
1678,MCP2450005Y,250041696,Montgomery_County_Police,Injury Crash,2025-09-16 17:00:00,County_Route,MONTGOMERY VILLAGE AVE (SB/L),CENTERWAY RD (WB/L),Angle Collision,Right-of-Way Violation,Clear,Dry,Daylight,Traffic Signal,None Detected,65ADD24B-8ACA-4CBC-BA9C-39E6054AC365,MD,EAB8BFE6-5BBB-4AE5-8295-85226DEA30BF,Twelve O Clock,SportUtilityVehicle,MakingLeftTurn,Northbound,35.0,No,No,2010,SUBARU,39.17272588,-77.20374799,Forester_Subaru,17,2025,9,16,17,Tuesday,2025-09-16,38
1680,MCP2445007F,250041829,Montgomery_County_Police,Property Damage Crash,2025-09-17 13:57:00,Maryland_State_Route,FREDERICK RD,CLUB HOUSE RD,Rear-End (Same Direction),Driver Inattention,Rain,Wet,Daylight,No Control,None Detected,89783818-9F1A-4048-8CB4-CEF7762E955D,MD,122E6BC6-0329-4A95-B471-82D5907BB1DA,Six O Clock,Van - Passenger (&lt;9 Seats),SlowingOrStopping,Northbound,40.0,No,No,2023,CHRYSLER,39.17366,-77.237175,Pacifica_Chrysler,13,2025,9,17,13,Wednesday,2025-09-17,38
1681,DD556700B0,250042021,Rockville_Police_Department,Property Damage Crash,2025-09-18 13:32:00,Municipality_Route,PARK RD (WB/L),GEORGIAN WOODS PL,Single Vehicle,Lane Violation,Clear,Dry,Daylight,No Control,None Detected,F372FF80-AE1A-4E27-8C3B-CE5D682CC517,MD,A85E3DCA-0DFF-48C0-9012-D259C97E4D47,Two O Clock,SchoolBus,MovingConstantSpeed,Westbound,25.0,No,No,2024,INFINITI,39.08542668,-77.14698828,Q50_Infiniti,13,2025,9,18,13,Thursday,2025-09-18,38
1682,MCP3430000P,250042064,Montgomery_County_Police,Property Damage Crash,2025-09-18 17:03:00,Maryland_State_Route,GEORGIA AVE (SB/L),S WASHINGTON ST,Sideswipe (Same Direction),Lane Violation,Clear,Dry,Daylight,No Control,None Detected,6BDBB6A6-9288-47DE-B04D-A6281ABF3276,MD,794A4FAF-340B-46FE-834C-BA9CE632939D,VehicleNotAtScene,PassengerCar,ChangingLanes,Southbound,30.0,No,No,2014,CHEVROLET,39.0090304,-77.0405206,Silverado_Chevrolet,17,2025,9,18,17,Thursday,2025-09-18,38
1683,MCP32880039,250041925,Montgomery_County_Police,Property Damage Crash,2025-09-18 00:26:00,County_Route,BRINK RD (WB/L),OURSLER RD,Single Vehicle,Speed Related,Clear,Wet,Dark - Not Lighted,No Control,None Detected,8BD1560E-20E8-4E66-85A6-712E9D33B6D9,MD,117A9E71-B61C-427A-BA4B-4D92EFC8026D,Twelve O Clock,PassengerCar,NegotiatingCurve,Southbound,35.0,No,No,2015,TOYOTA,39.20507785,-77.18684273,Camry_Toyota,0,2025,9,18,0,Thursday,2025-09-18,38
1684,MCP2760007D,250042271,Montgomery_County_Police,Property Damage Crash,2025-09-19 18:00:00,County_Route,SHADY GROVE RD,ENT TO STATE PARK,Rear-End (Same Direction),Tailgating,Clear,Dry,Daylight,Traffic Signal,None Detected,E1F8C591-BDDC-4632-9AE6-682AF01DFD07,MD,81E9C26D-71F4-4BE3-93C8-40DA3443DAE5,VehicleNotAtScene,PickupTruck,Accelerating,Unknown,45.0,No,No,2002,FORD,39.14090147,-77.15178236,F-150_Ford,18,2025,9,19,18,Friday,2025-09-19,38
1685,DM8386002C,250041543,Takoma_Park_Police_Department,Property Damage Crash,2025-09-15 21:37:00,Maryland_State_Route,CARROLL AVE,FLOWER AVE,Head-On,Surface Condition,Clear,Dry,Dark - Lighted,Traffic Signal,None Detected,17F9C2B7-0DC1-4B45-B10C-F41115B8DD6C,MD,6B9517A0-B6F2-4FE4-BAD1-18C5D2F67EA4,Twelve O Clock,PickupTruck,Accelerating,East,25.0,No,No,2006,FORD,38.98480446,-76.99851371,F-150_Ford,21,2025,9,15,21,Monday,2025-09-15,38
1686,DD56730025,250042074,Rockville_Police_Department,Property Damage Crash,2025-09-18 17:37:00,Municipality_Route,BEALL AVE #2,EMORY CHURCH RD,Rear-End (Same Direction),Tailgating,Clear,Dry,Daylight,Traffic Signal,None Detected,A0E6AEF6-18FF-4C5F-93DE-0DF48C1253D6,MD,D0B62D91-0D6E-4ECE-9F8D-EEB705CE5C26,VehicleNotAtScene,PassengerCar,Accelerating,Eastbound,15.0,No,No,2007,VOLKSWAGEN,39.08743818,-77.15023029,Jetta_Volkswagen,17,2025,9,18,17,Thursday,2025-09-18,38
1687,MCP1433006F,250042052,Montgomery_County_Police,Property Damage Crash,2025-09-18 15:35:00,County_Route,FENTON ST,RAMP 4 FR IS 270 NB TO MONTROSE RD EB,Sideswipe (Opposite Direction),Passing / Turning,Clear,Dry,Daylight,Traffic Signal,None Detected,0EEA40BC-E09C-4C1E-A4BE-11D2C5F43202,MD,35FBCE98-E544-4241-96D0-7167EBC05F7F,Seven O Clock,SchoolBus,MakingRightTurn,Not On Roadway,2.5,No,No,2015,FORD,39.05590065,-77.11701828,F-150_Ford,15,2025,9,18,15,Thursday,2025-09-18,38
1688,MCP3473000T,250042413,Montgomery_County_Police,Property Damage Crash,2025-09-20 17:23:00,County_Route,DIXON AVE,BONIFANT ST,Single Vehicle,Passing / Turning,Clear,Dry,Daylight,No Control,None Detected,9BA76DDD-2D46-4FC2-B2A2-792C054ECED2,MD,1DB28C49-77CB-430E-BA4F-96151F15CADA,RoofTop,PassengerCar,MakingRightTurn,Southbound,2.5,No,No,2013,NISSAN,38.99332557,-77.0279659,Altima_Nissan,17,2025,9,20,17,Saturday,2025-09-20,38
1689,MCP34940002,250041052,Montgomery_County_Police,Property Damage Crash,2025-09-12 18:23:00,US_State_Route,NORBECK RD,MARYLAND AVE,Angle Collision,Right-of-Way Violation,Clear,Dry,Daylight,No Control,None Detected,DF61BBF6-561B-4BAB-BC6B-4D2A90A4B947,MD,D3390D85-C21A-4FA6-BDC2-0AA0A111A42D,Seven O Clock,TransitBus,ChangingLanes,Northbound,30.0,No,No,2024,KIA,38.99887679,-77.02616853,Optima_Kia,18,2025,9,12,18,Friday,2025-09-12,37
1690,MCP3329004P,250042223,Montgomery_County_Police,Property Damage Crash,2025-09-19 14:59:00,Maryland_State_Route,NEW HAMPSHIRE AVE,E DEER PARK DR,Rear-End (Same Direction),Congestion / Backup,Clear,Dry,Daylight,No Control,None Detected,74C3D666-DA9F-413F-A485-3A2B66D4594A,MD,9E5F472C-0636-4DD7-BDC5-354B61BDEABE,Six O Clock,PassengerCar,StoppedInTrafficLane,Northbound,40.0,No,No,2019,HYUNDAI,39.0629375,-76.99881783,Santa Fe_Hyundai,14,2025,9,19,14,Friday,2025-09-19,38
1691,MCP2455008F,250042290,Montgomery_County_Police,Property Damage Crash,2025-09-19 19:18:00,Maryland_State_Route,VEIRS MILL RD,ANTARES DR,Rear-End (Same Direction),Tailgating,Clear,Dry,Dark - Unknown Lighting,Traffic Signal,None Detected,AF20F2D9-7BCE-4A69-8910-1A7B6C4F2D59,MD,D6E55036-5883-418B-9DC4-A64A2459F8E0,VehicleNotAtScene,PassengerCar,SlowingOrStopping,Eastbound,35.0,No,No,2012,HONDA,39.07348862,-77.11216431,Civic_Honda,19,2025,9,19,19,Friday,2025-09-19,38
1692,MCP3456000Y,250042195,Montgomery_County_Police,Injury Crash,2025-09-19 12:15:00,County_Route,VENICE DR,NEW HAMPSHIRE AVE (SB/L),Rear-End (Same Direction),Tailgating,Clear,Dry,Daylight,Traffic Signal,None Detected,60943F11-4CDB-4B7B-AF82-BBE9DF7D88AB,VA,AE18ACAB-04B8-414E-B61B-7B9F03736E18,VehicleNotAtScene,SportUtilityVehicle,MovingConstantSpeed,Southbound,40.0,No,No,2018,GMC,39.06158867,-76.99844558,Yukon_GMC,12,2025,9,19,12,Friday,2025-09-19,38
1693,MCP2498002F,250041619,Montgomery_County_Police,Property Damage Crash,2025-09-16 11:00:00,Maryland_State_Route,RIVER RD (WB/L),MIDCOUNTY HWY,Single Vehicle,Backing Error,Clear,Wet,Daylight,No Control,None Detected,0ECBC225-5344-4A92-AEB6-4207CB4B3948,MD,7C9DFC13-6F2C-4C99-A076-7621E2EC5D8D,Five O Clock,SportUtilityVehicle,Backing,Unknown,2.5,No,No,2022,KIA,39.05506039,-77.12611738,Telluride_Kia,11,2025,9,16,11,Tuesday,2025-09-16,38
1694,MCP287100CW,250039898,Montgomery_County_Police,Property Damage Crash,2025-09-05 19:02:00,Maryland_State_Route,GEORGIA AVE,CLUB VIEW DR,Sideswipe (Same Direction),Lane Violation,Clear,Dry,Daylight,No Control,None Detected,B0D32F1D-4A6E-41F9-95C4-48FB9DCBF96E,DC,2A20B941-F671-44C0-9ABF-2168520F4CDC,Four O Clock,TransitBus,ChangingLanes,Southbound,35.0,No,No,2021,FORD,39.0113063,-77.04125089,Focus_Ford,19,2025,9,5,19,Friday,2025-09-05,36
1695,EJ7915000B,250040286,Gaithersburg_Police_Department,Injury Crash,2025-09-08 13:55:00,Maryland_State_Route,DARNESTOWN RD,QUINCE ORCHARD RD QUINCE ORCHARD RD (NB/L),Angle Collision,Right-of-Way Violation,Clear,Dry,Daylight,Traffic Signal,None Detected,32456076-651F-41F6-8BCF-03907239042F,MD,4ECB3938-4939-4178-84EF-CDDB17E3A52F,Eleven O Clock,SportUtilityVehicle,MakingLeftTurn,Northbound,30.0,No,No,2011,HONDA,39.11774713,-77.25271091,CR-V_Honda,13,2025,9,8,13,Monday,2025-09-08,37
1696,HA2549000G,25001966,Takoma_Park_Police_Department,Property Damage Crash,2025-09-12 10:06:00,Government_Route,SLIGO CREEK PKWY,WASHINGTON GROVE LA,Angle Collision,Traffic Control Violation,Clear,Dry,Daylight,Stop Sign,None Detected,C814B0A7-A344-49D7-B41D-2F989401039D,MD,88540036-8218-468D-9EA5-936DAF1CBED3,Twelve O Clock,PassengerCar,SlowingOrStopping,Southbound,25.0,No,No,2003,TOYOTA,38.98091401,-76.99407523,RAV4_Toyota,10,2025,9,12,10,Friday,2025-09-12,37
1697,MCP1233006Q,250042704,Montgomery_County_Police,Injury Crash,2025-09-22 18:36:00,County_Route,TUCKERMAN LA (EB/L),OLD GEORGETOWN RD (SB/L),Angle Collision,Traffic Control Violation,Clear,Dry,Daylight,Traffic Signal,None Detected,B7ED68AA-5FD3-4D88-B452-96D823768184,MD,32123973-C4A7-4A29-B3E8-18CC249BE4D2,One O Clock,SportUtilityVehicle,MovingConstantSpeed,Southbound,45.0,No,No,2020,HONDA,39.03442715,-77.12490902,CR-V_Honda,18,2025,9,22,18,Monday,2025-09-22,39
1698,MCP2231008Y,250040139,Montgomery_County_Police,Property Damage Crash,2025-09-07 13:14:00,County_Route,GOSHEN RD,EAST WEST HWY,Sideswipe (Same Direction),Driver Inattention,Clear,Dry,Daylight,Traffic Signal,None Detected,9E3363A4-182B-44D2-BF72-3D5DEE5937AC,MD,8B1E0587-2572-42C6-83F3-1DDB8EF0731B,Eleven O Clock,PassengerCar,MakingRightTurn,Not On Roadway,2.5,No,No,2017,TOYOTA,39.10009747,-77.21220209,Camry_Toyota,13,2025,9,7,13,Sunday,2025-09-07,36
1699,MCP2212004V,250042092,Montgomery_County_Police,Injury Crash,2025-09-18 19:20:00,Maryland_State_Route,GEORGIA AVE,QUINCE ORCHARD RD,Other,Backing Error,Clear,Dry,Dark - Lighted,Traffic Signal,None Detected,4284A390-2330-4202-8AB6-65A7C807CE40,MD,CAB5FAED-8B97-4056-A068-5D11C5D31F21,Twelve O Clock,PassengerCar,Backing,Southbound,35.0,No,No,2013,TOYOTA,39.05306669,-77.05084201,Prius_Toyota,19,2025,9,18,19,Thursday,2025-09-18,38