Unnamed: 0,Report Number,Local Case Number,Agency Name,ACRS Report Type,Crash Date/Time,Route Type,Road Name,Cross-Street Name,Collision Type,Circumstance_Category,Weather,Surface Condition,Light,Traffic Control,Driver Substance Abuse,Person ID,Drivers License State,Vehicle ID,Vehicle First Impact Location,Vehicle Body Type,Vehicle Movement,Vehicle Going Dir,Speed Limit,Driverless Vehicle,Parked Vehicle,Vehicle Year,Vehicle Make,Latitude,Longitude,Vehicle Model,hour,Crash_year,Crash_month,Crash_day,Crash_hour,Crash_day_name,Crash_date,Crash_week
1700,MCP3379002B,250042100,Montgomery_County_Police,Injury Crash,2025-09-18 20:09:00,County_Route,LEAMAN FARM RD,GREAT SENECA HWY (SB/L),Angle Collision,Right-of-Way Violation,Clear,Dry,Dark - Lighted,Stop Sign,None Detected,FA4C79F7-5CB7-419E-9F57-96E009C2A544,MD,50C8B64C-3546-4E6D-8E94-D9A5CC1929FF,Six O Clock,PassengerCar,MakingLeftTurn,Northbound,40.0,No,No,2013,TOYOTA,39.15581824,-77.27675429,Prius_Toyota,20,2025,9,18,20,Thursday,2025-09-18,38
1701,MCP3408001V,250041003,Montgomery_County_Police,Injury Crash,2025-09-12 14:12:00,Interstate_Route,CAPITAL BELTWAY,NOYES DR,Rear-End (Same Direction),Congestion / Backup,Clear,Dry,Daylight,No Control,None Detected,4157D8E8-6F5E-47DC-B105-489369C1A075,MD,61BCECCA-F3F7-4D78-AE69-2296680F6FF8,Six O Clock,PassengerCar,SlowingOrStopping,Eastbound,55.0,No,No,2012,VOLKSWAGEN,39.00592084,-77.07311673,Golf_Volkswagen,14,2025,9,12,14,Friday,2025-09-12,37
1703,DD5680001L,250042454,Rockville_Police_Department,Property Damage Crash,2025-09-21 00:12:00,Municipality_Route,SHADY GROVE RD,SCOTT DR,Rear-End (Same Direction),Road Obstruction,Clear,Dry,Dark - Lighted,Traffic Signal,None Detected,EEF4288D-9F42-4E6D-8809-D27F3562BBF8,MD,347F253F-A5C2-48A8-A441-E4B1ECCE08BF,Six O Clock,OtherTruck,Parked,South,25.0,No,Yes,2020,TOYOTA,39.07265656,-77.18146773,Camry_Toyota,0,2025,9,21,0,Sunday,2025-09-21,38
1704,MCP34030025,250039921,Montgomery_County_Police,Property Damage Crash,2025-09-05 21:50:00,County_Route,ASTON MANOR DR,GATESHEAD MANOR WAY,Angle Collision,Right-of-Way Violation,Clear,Dry,Dark - Lighted,Stop Sign,None Detected,121D2E1C-63DC-47F6-8967-345487D49148,MD,A6EEFCAD-AB9E-4C44-AC17-E5AB942A8863,Eleven O Clock,PassengerCar,MakingLeftTurn,Eastbound,25.0,No,No,2003,HONDA,39.07873423,-76.93771808,Accord_Honda,21,2025,9,5,21,Friday,2025-09-05,36
1705,MCP3329004Q,250042612,Montgomery_County_Police,Injury Crash,2025-09-22 11:07:00,Interstate_Route,CAPITAL BELTWAY,GEORGIA AVE,Rear-End (Same Direction),Tailgating,Clear,Dry,Daylight,No Control,None Detected,6CC0742B-31A7-4EFC-AEFB-C4B1A2E3DC3C,MD,3D8C42C6-2E70-4DD0-921E-CA515BE78A88,Twelve O Clock,PassengerCar,SlowingOrStopping,Eastbound,55.0,No,No,2019,FORD,39.01576417,-77.01788883,F-150_Ford,11,2025,9,22,11,Monday,2025-09-22,39
1706,MCP3445000X,250042158,Montgomery_County_Police,Injury Crash,2025-09-19 09:20:00,Maryland_State_Route,ROCKVILLE PIKE (SB/L),BEACH DR,Rear-End (Same Direction),Tailgating,Clear,Dry,Daylight,No Control,None Detected,7DEDD85D-842B-471E-B57D-289EA4C97A25,MD,1799856E-71ED-480E-B774-E2EB75A923FD,Twelve O Clock,TransitBus,MovingConstantSpeed,Southbound,35.0,No,No,2019,FORD,39.04855,-77.11383417,F-350_Ford,9,2025,9,19,9,Friday,2025-09-19,38
1707,MCP2730005L,250041997,Montgomery_County_Police,Property Damage Crash,2025-09-18 13:30:00,Municipality_Route,COLUMBIA PIKE,EDGEFIELD RD,Rear-End (Same Direction),Backing Error,Clear,Dry,Daylight,Traffic Signal,None Detected,E29BA37D-C27D-4C8D-8FCA-E0FEFF476A1D,MD,8D15C9CB-BA09-4455-95B1-6985F6CDD0E2,Six O Clock,PickupTruck,Backing,Unknown,2.5,No,No,2016,FORD,39.17903517,-77.26638846,F-150_Ford,13,2025,9,18,13,Thursday,2025-09-18,38
1708,MCP3068006N,250041526,Montgomery_County_Police,Property Damage Crash,2025-09-15 12:51:00,County_Route,MARENGO RD,SPUR TO LOST KNIFE RD,Sideswipe (Same Direction),Lane Violation,Clear,Dry,Daylight,No Control,None Detected,0E1C4151-3AA4-4547-8F71-AAAF7A4B75C3,MD,05312C4E-988B-4108-B578-A85A6989A1B3,VehicleNotAtScene,PassengerCar,MovingConstantSpeed,Westbound,25.0,No,No,2011,TOYOTA,38.96491034,-77.11481318,Camry_Toyota,12,2025,9,15,12,Monday,2025-09-15,38
1709,MCP29680061,250042765,Montgomery_County_Police,Injury Crash,2025-09-23 09:52:00,County_Route,FALLS RD,TUCKERMAN LA,Sideswipe (Opposite Direction),Right-of-Way Violation,Clear,Dry,Daylight,Traffic Signal,None Detected,8D1048D6-ACFC-41D5-8F1B-30CAEE6F136F,MD,773A7FAE-B784-4D24-AC27-4A2DCD450705,Twelve O Clock,PassengerCar,MakingLeftTurn,West,45.0,No,No,2025,HONDA,39.040744,-77.159155,CR-V_Honda,9,2025,9,23,9,Tuesday,2025-09-23,39
1710,MCP34030025,250039921,Montgomery_County_Police,Property Damage Crash,2025-09-05 21:50:00,County_Route,ASTON MANOR DR,GATESHEAD MANOR WAY,Angle Collision,Right-of-Way Violation,Clear,Dry,Dark - Lighted,Stop Sign,None Detected,A17424DB-7C00-41CD-9EA9-FEB75AE2F1D1,MD,E16B98EC-EF90-4264-91C5-F5869B67E307,Nine O Clock,SportUtilityVehicle,MovingConstantSpeed,Northbound,25.0,No,No,2012,INFINITI,39.07873423,-76.93771808,Q50_Infiniti,21,2025,9,5,21,Friday,2025-09-05,36
1711,MCP2503002D,250042159,Montgomery_County_Police,Property Damage Crash,2025-09-19 09:24:00,Ramp_Route,RAMP 2 FR MD 189 WB TO RAMP 3 (TO IS270),RAMP 1 FR RAMP 8 (FR IS270) TO MD 124 EB,Rear-End (Same Direction),Congestion / Backup,Clear,Dry,Daylight,Yield Sign,None Detected,86ACB279-F2BE-48C0-A4B4-3FD45980E183,MD,0C496A9D-20C3-4975-96B9-F79FD1B28A61,Six O Clock,PassengerCar,StoppedInTrafficLane,Northbound,50.0,No,No,2011,HONDA,39.07491516,-77.16467289,Civic_Honda,9,2025,9,19,9,Friday,2025-09-19,38
1712,MCP32630057,250042214,Montgomery_County_Police,Property Damage Crash,2025-09-19 14:15:00,County_Route,ROCKLEDGE DR (SB/L),DEMOCRACY BLVD,Rear-End (Same Direction),Congestion / Backup,Clear,Dry,Daylight,Traffic Signal,None Detected,8FAA42C7-C9B6-4D2F-A273-C63BD77511C0,MD,E4B22AB8-618F-4CC3-AEFB-2F1313682726,Six O Clock,PassengerCar,StoppedInTrafficLane,South,35.0,No,No,2021,CHEVROLET,39.02291485,-77.13228466,Silverado_Chevrolet,14,2025,9,19,14,Friday,2025-09-19,38
1713,MCP3044008N,250041503,Montgomery_County_Police,Property Damage Crash,2025-09-15 17:17:00,County_Route,SERPENTINE WAY,GRUBB RD,Single Vehicle,Driver Inattention,Clear,Dry,Daylight,No Control,None Detected,7C01E815-7EFC-40D9-B29C-B1E58A07B4AC,MD,E7E45348-9185-4D92-8835-71C4E5FE52D2,Eleven O Clock,PassengerCar,MovingConstantSpeed,Northbound,25.0,No,No,2016,KIA,39.06511433,-76.96875667,Rio_Kia,17,2025,9,15,17,Monday,2025-09-15,38
1714,MCP2760007C,250042046,Montgomery_County_Police,Property Damage Crash,2025-09-18 15:25:00,Maryland_State_Route,MONTGOMERY VILLAGE AVE,EXIT #11,Rear-End (Same Direction),Driver Inattention,Clear,Dry,Daylight,No Control,None Detected,77DBAD47-486C-4E41-AF25-EE939A8A84AF,MD,4637871A-2476-4191-A239-9E38265B9CF6,Twelve O Clock,StationWagon,MovingConstantSpeed,Northbound,35.0,No,No,2018,HONDA,39.15886367,-77.20322333,Civic_Honda,15,2025,9,18,15,Thursday,2025-09-18,38
1715,MCP34440011,250041305,Montgomery_County_Police,Property Damage Crash,2025-09-14 15:21:00,County_Route,GOODHILL RD,CLIFTON RD,Rear-End (Same Direction),Driver Inattention,Clear,Dry,Daylight,Other,None Detected,DDAA5BE7-BD9F-4AE4-A8A7-CBD5325DA176,MD,B4647408-2A06-4D43-A219-72A467DFBA3F,Twelve O Clock,PassengerCar,SlowingOrStopping,Not On Roadway,2.5,No,No,2019,DODGE,39.02046027,-77.01335032,Charger_Dodge,15,2025,9,14,15,Sunday,2025-09-14,37
1716,MCP2108002D,250042445,Montgomery_County_Police,Property Damage Crash,2025-09-20 21:30:00,Maryland_State_Route,16TH ST,BROSCHART RD,Sideswipe (Same Direction),Lane Violation,Clear,Dry,Dark - Lighted,No Control,None Detected,5BD3C02A-4DE9-44E9-BEA7-632C0F69CEC6,VA,5514ABBB-9EC6-40F5-8DDD-41E1631BB124,Nine O Clock,PassengerCar,MovingConstantSpeed,Northbound,35.0,No,No,2021,TOYOTA,39.0031631,-77.04006039,Corolla_Toyota,21,2025,9,20,21,Saturday,2025-09-20,38
1717,MCP26200038,250042260,Montgomery_County_Police,Property Damage Crash,2025-09-19 17:30:00,Maryland_State_Route,OLD GEORGETOWN RD,DEL RAY AVE,Rear vs Side,Right-of-Way Violation,Clear,Dry,Daylight,Stop Sign,None Detected,E9ADB4F8-6E19-4B74-84BB-53B11F0BCE87,VA,7F40F09B-8C2B-4504-85E5-619BA0300EFF,One O Clock,PassengerCar,MakingLeftTurn,Westbound,30.0,No,No,2006,TOYOTA,38.98837773,-77.10028105,Corolla_Toyota,17,2025,9,19,17,Friday,2025-09-19,38
1719,MCP219800HW,250042694,Montgomery_County_Police,Injury Crash,2025-09-22 17:57:00,Interstate_Route,NO NAME,FREDERICK RD (SB/L),Rear-End (Same Direction),Congestion / Backup,Clear,Dry,Daylight,No Control,None Detected,9D32AA1F-CDB3-4C6A-A6DC-B10924D82798,MD,23E62D98-D3F9-4B4B-B14F-3B34E04579FD,Six O Clock,PassengerCar,StoppedInTrafficLane,West,55.0,No,No,2022,FORD,39.12293608,-77.17845065,Explorer_Ford,17,2025,9,22,17,Monday,2025-09-22,39
1720,MCP3400002R,250042066,Montgomery_County_Police,Property Damage Crash,2025-09-18 17:03:00,US_State_Route,COLUMBIA PIKE,GATESHEAD MANOR WAY,Rear-End (Same Direction),Driver Inattention,Clear,Dry,Daylight,Traffic Signal,None Detected,4F6F0278-5DA4-4540-BA4A-AD998693BBE3,MD,7E8A0836-9BAC-430D-8455-BD963F373E39,Six O Clock,PassengerCar,MovingConstantSpeed,Northbound,45.0,No,No,2025,HONDA,39.0465445,-76.98667933,Civic_Honda,17,2025,9,18,17,Thursday,2025-09-18,38
1721,MCP2783006T,250042128,Montgomery_County_Police,Property Damage Crash,2025-09-18 23:58:00,County_Route,FERRARA DR,W DIAMOND AVE,Head-On,Lane Violation,Clear,Dry,Dark - Lighted,No Control,Suspect Alcohol + Drug,803C8EE3-268F-4A77-B2EE-1A0AC6C36840,MD,F785AF5B-1468-45A1-8A6C-89B918842803,One O Clock,Van - Passenger (&lt;9 Seats),ChangingLanes,Southbound,25.0,No,No,2021,CHEVROLET,39.05182586,-77.07678683,Express_Chevrolet,23,2025,9,18,23,Thursday,2025-09-18,38
1722,MCP2664006Z,250042368,Montgomery_County_Police,Property Damage Crash,2025-09-20 12:30:00,County_Route,RANDOLPH RD (WB/L),OAKVIEW DR,Rear-End (Same Direction),Right-of-Way Violation,Clear,Dry,Daylight,No Control,None Detected,59200E49-5FDB-46C1-B466-AFF1F8313693,MD,7048FEA3-865C-4D37-B4C3-CD63441B9BAB,Seven O Clock,PassengerCar,MakingRightTurn,Eastbound,35.0,No,No,2013,FORD,39.07540063,-77.00430705,Focus_Ford,12,2025,9,20,12,Saturday,2025-09-20,38
1723,MCP3058005T,250042233,Montgomery_County_Police,Property Damage Crash,2025-09-19 15:30:00,Maryland_State_Route,RIVER RD,TWINBROOK PKWY,Single Vehicle,Driver Inattention,Clear,Dry,Daylight,Traffic Signal,None Detected,62E65323-6541-4D3C-9BEA-B45F0F27F97B,MD,10314192-6886-41C0-8420-B40AFC92AC07,Twelve O Clock,SportUtilityVehicle,SlowingOrStopping,Not On Roadway,2.5,No,No,2025,DODGE,39.08101225,-77.15004219,Durango_Dodge,15,2025,9,19,15,Friday,2025-09-19,38
1724,MCP1534001Q,250041954,Montgomery_County_Police,Property Damage Crash,2025-09-18 09:02:00,Maryland_State_Route,COLESVILLE RD,TALBOTT ST,Angle Collision,Speed Related,Clear,Dry,Daylight,No Control,None Detected,357EAD60-BEAD-464F-878C-75DEB2686DA5,MD,E113C4FF-9829-4D24-BF23-EE5032F91650,Twelve O Clock,SportUtilityVehicle,MovingConstantSpeed,Eastbound,25.0,No,No,2025,TOYOTA,39.28778791,-77.2022072,Camry_Toyota,9,2025,9,18,9,Thursday,2025-09-18,38
1725,MCP3452001M,250042701,Montgomery_County_Police,Injury Crash,2025-09-22 18:26:00,Maryland_State_Route,GEORGIA AVE (SB/L),NORTH DR,Rear-End (Same Direction),Tailgating,Clear,Dry,Dusk,No Control,None Detected,3EBEE27C-174E-4A6F-BF0E-76E04FBDE496,DC,786416B0-D9FF-4BAA-A3FA-C59CAE3820FD,Twelve O Clock,SportUtilityVehicle,SlowingOrStopping,Southbound,35.0,No,No,1997,TOYOTA,39.059066,-77.050364,4Runner_Toyota,18,2025,9,22,18,Monday,2025-09-22,39
1726,MCP3031007C,250042224,Montgomery_County_Police,Property Damage Crash,2025-09-19 15:00:00,County_Route,OLD BALTIMORE RD,GEORGIA AVE,Rear-End (Same Direction),Road Obstruction,Clear,Dry,Daylight,Traffic Signal,None Detected,A03BB4B8-1D0C-463A-953F-F8DE359AED8D,MD,476349FE-C730-4205-B646-6C2495EBC2AA,Twelve O Clock,PassengerCar,MovingConstantSpeed,West,45.0,No,No,2012,TOYOTA,39.13703019,-77.06887555,Yaris_Toyota,15,2025,9,19,15,Friday,2025-09-19,38
1727,MCP3233005V,250042805,Montgomery_County_Police,Property Damage Crash,2025-09-23 14:26:00,County_Route,CHESTER ST,GOOD HOPE RD,Rear-End (Same Direction),Tailgating,Clear,Dry,Daylight,No Control,None Detected,EF4273E6-EB0E-496A-B832-CE775FBD5159,MD,52D1F903-003C-4158-9B63-E8055DC6A179,Six O Clock,PassengerCar,SlowingOrStopping,Eastbound,35.0,No,No,2023,CHEVROLET,38.98971574,-76.99362044,Bolt EV_Chevrolet,14,2025,9,23,14,Tuesday,2025-09-23,39
1728,MCP3377003D,250041352,Montgomery_County_Police,Injury Crash,2025-09-14 22:30:00,County_Route,MIDCOUNTY HWY (NB/L),MIDCOUNTY HWY (SB/L) SAYBROOKE OAKS BLVD,Rear-End (Same Direction),Right-of-Way Violation,Clear,Dry,Dark - Lighted,Traffic Signal,None Detected,505900F4-AE4D-4C73-8151-9B16640C4499,MD,781CE6C4-21EF-48AD-8EB4-7E9E95EC5853,Six O Clock,PassengerCar,MakingLeftTurn,West,45.0,No,No,2025,FORD,39.15087581,-77.17447166,Bronco Sport_Ford,22,2025,9,14,22,Sunday,2025-09-14,37
1729,MCP15950030,250042439,Montgomery_County_Police,Injury Crash,2025-09-20 21:42:00,Maryland_State_Route,UNIVERSITY BLVD W (WB/L),OLNEY SANDY SPRING RD,Angle Collision,Right-of-Way Violation,Clear,Dry,Dark - Lighted,No Control,Suspect Alcohol Only,514446B9-B5C6-4BA3-9C6C-A6F7861600EE,DC,C1D39A66-E8D6-469F-B3E7-8ADDAEF68DF1,Nine O Clock,SportUtilityVehicle,EnteringTrafficLane,Southbound,35.0,No,No,2024,AUDI,39.04122949,-77.04762844,Q5_Audi,21,2025,9,20,21,Saturday,2025-09-20,38
1730,MCP2760007D,250042271,Montgomery_County_Police,Property Damage Crash,2025-09-19 18:00:00,County_Route,SHADY GROVE RD,ROCKLEDGE DR,Rear-End (Same Direction),Road Obstruction,Clear,Dry,Daylight,Traffic Signal,None Detected,16016648-8B3D-4754-8074-2F468E9F53C5,MD,DC3FB059-B8E5-422F-B313-D29559F27777,Six O Clock,PassengerCar,StoppedInTrafficLane,Unknown,45.0,No,No,2016,TOYOTA,39.14090147,-77.15178236,Corolla_Toyota,18,2025,9,19,18,Friday,2025-09-19,38
1731,MCP209400PP,250040999,Montgomery_County_Police,Property Damage Crash,2025-09-12 13:42:00,Interstate_Route,CAPITAL BELTWAY,CHESTNUT ST,Rear-End (Same Direction),Tailgating,Clear,Dry,Daylight,No Control,None Detected,4C43F38B-6190-4FBB-8640-8A51113AA3C5,DC,FDB75668-7B76-44BB-8B46-28EFE76F5C6B,Twelve O Clock,PassengerCar,MovingConstantSpeed,Northbound,55.0,No,No,2019,SUBARU,38.98889083,-77.15686233,Legacy_Subaru,13,2025,9,12,13,Friday,2025-09-12,37
1732,DD5680001L,250042454,Rockville_Police_Department,Property Damage Crash,2025-09-21 00:12:00,Municipality_Route,GEORGIA AVE,SCOTT DR,Rear-End (Same Direction),Driver Inattention,Clear,Dry,Dark - Lighted,Traffic Signal,Suspect Alcohol Only,F23FEA20-CEF1-4696-A96E-FD82E4CBA469,MD,06513891-7793-4A50-8CE8-02E684902820,Twelve O Clock,PassengerCar,SlowingOrStopping,Unknown,25.0,No,No,2014,TOYOTA,39.07265656,-77.18146773,Camry_Toyota,0,2025,9,21,0,Sunday,2025-09-21,38
1733,MCP9366001W,250041931,Montgomery_County_Police,Property Damage Crash,2025-09-18 05:22:00,County_Route,BROOKEVILLE RD,SHAW AVE E,Single Vehicle,Lane Violation,Rain,Wet,Dark - Lighted,No Control,None Detected,C8433C06-7413-4655-AEB3-F881EDB0E367,MD,5FA09DB7-0267-4D89-BCD5-15AF44775532,Twelve O Clock,PassengerCar,NegotiatingCurve,Southbound,35.0,No,No,1999,HONDA,39.18148471,-77.06330047,Accord_Honda,5,2025,9,18,5,Thursday,2025-09-18,38
1734,MCP3094006M,250042986,Montgomery_County_Police,Property Damage Crash,2025-09-24 15:03:00,County_Route,MILL CREEK DR,SPUR FR MD 355,Sideswipe (Opposite Direction),Weather Related,Cloudy,Wet,Daylight,No Control,None Detected,3EE30655-F96D-4693-A875-807960ED0889,MD,4191F8A4-5CF8-4CDE-9721-35D3B4571E28,Nine O Clock,Other,StoppedInTrafficLane,Northbound,25.0,No,No,1993,NISSAN,39.14593528,-77.15948118,Altima_Nissan,15,2025,9,24,15,Wednesday,2025-09-24,39
1735,MCP32570091,250042138,Montgomery_County_Police,Injury Crash,2025-09-19 05:30:00,Maryland_State_Route,ROCKVILLE PIKE (SB/L),NICHOLSON LA,Sideswipe (Opposite Direction),Right-of-Way Violation,Clear,Dry,Dark - Lighted,Traffic Signal,None Detected,5408563A-9DF8-4A27-A355-60E7465639A6,MD,2E989BEA-23D3-4D2B-81CB-9D0B9364758E,One O Clock,PassengerCar,MakingLeftTurn,Eastbound,30.0,No,No,2003,HONDA,39.04466462,-77.11179972,Civic_Honda,5,2025,9,19,5,Friday,2025-09-19,38
1736,MCP3258005N,250042078,Montgomery_County_Police,Property Damage Crash,2025-09-18 17:48:00,Maryland_State_Route,UNIVERSITY BLVD W,GEORGIA AVE,Rear-End (Same Direction),Tailgating,Clear,Dry,Daylight,Traffic Signal,None Detected,57E37341-1127-481C-8612-B6C83B80EBF2,MD,2C6AE646-4F75-4B7C-8856-C27BDDF7002D,Twelve O Clock,PickupTruck,MovingConstantSpeed,Northbound,25.0,No,No,2013,FORD,39.04141131,-77.05163553,F-150_Ford,17,2025,9,18,17,Thursday,2025-09-18,38
1737,MCP2771005L,250041295,Montgomery_County_Police,Property Damage Crash,2025-09-14 14:27:00,County_Route,RANDOLPH RD (WB/L),N NOYES DR,Sideswipe (Same Direction),Lane Violation,Cloudy,Dry,Daylight,No Control,None Detected,ACD329DB-9756-4023-B4EE-C7AC1BE6D7CA,MD,DA720D7B-60B1-4666-B886-AECFA5B8A84D,Eleven O Clock,PassengerCar,MovingConstantSpeed,Westbound,40.0,No,No,2010,NISSAN,39.075816,-77.00288032,Altima_Nissan,14,2025,9,14,14,Sunday,2025-09-14,37
1738,MCP219800HW,250042694,Montgomery_County_Police,Injury Crash,2025-09-22 17:57:00,Interstate_Route,NO NAME,FREDERICK RD (SB/L),Rear-End (Same Direction),Congestion / Backup,Clear,Dry,Daylight,No Control,None Detected,E34F79E9-A306-4952-82FD-12ADAB97305E,MD,52AC573D-E99B-4946-88C1-BA17B7E9AA2D,Twelve O Clock,PassengerCar,SlowingOrStopping,South,55.0,No,No,2014,HONDA,39.12293608,-77.17845065,Civic_Honda,17,2025,9,22,17,Monday,2025-09-22,39
1739,MCP3374003M,250041966,Montgomery_County_Police,Property Damage Crash,2025-09-18 09:52:00,County_Route,EWING DR,GREENTREE RD,Rear vs Side,Right-of-Way Violation,Clear,Dry,Daylight,No Control,None Detected,7968D9B4-2FEB-4C7C-91AE-8121CA5D3B55,MD,B0C3CA0C-C29D-44A7-9B32-B4386007876B,Twelve O Clock,PassengerCar,MovingConstantSpeed,Westbound,35.0,No,No,2024,HONDA,39.00109367,-77.12326483,CR-V_Honda,9,2025,9,18,9,Thursday,2025-09-18,38
1740,MCP2545001W,250041381,Montgomery_County_Police,Property Damage Crash,2025-09-15 07:35:00,Maryland_State_Route,GEORGIA AVE,SEVEN LOCKS RD,Single Vehicle,Lane Violation,Clear,Dry,Daylight,No Control,None Detected,08F06C05-F439-4D8F-8793-B634A9C763D3,MD,184114B6-2883-4162-A048-5941997C3DCE,One O Clock,PassengerCar,ChangingLanes,Northbound,25.0,No,No,2005,TOYOTA,39.04116733,-77.05146317,Camry_Toyota,7,2025,9,15,7,Monday,2025-09-15,38
1741,MCP3407001K,250041911,Montgomery_County_Police,Property Damage Crash,2025-09-17 21:15:00,County_Route,BRINK RD,E JEFFERSON ST,Single Vehicle,Driver Inattention,Rain,Wet,Dark - Lighted,No Control,None Detected,C81439A2-72DF-4649-9090-FA81AFCC7C3D,MD,207DB06F-B698-402E-BA1B-DDD16D1B25ED,One O Clock,PassengerCar,MovingConstantSpeed,Eastbound,35.0,No,No,2012,MAZDA,39.20749327,-77.2272708,Mazda3_Mazda,21,2025,9,17,21,Wednesday,2025-09-17,38
1742,MCP287100CY,250042097,Montgomery_County_Police,Property Damage Crash,2025-09-18 19:32:00,County_Route,RANDOLPH RD (WB/L),JONES MILL RD,Other,Road Obstruction,Clear,Dry,Dusk,No Control,None Detected,01EA5F2E-2157-428E-9712-9865972CA222,MD,D23D1D68-7183-4D41-8568-3BF0CE355109,Eleven O Clock,PassengerCar,MakingLeftTurn,North,30.0,No,No,2012,TOYOTA,39.05347517,-77.10819467,Camry_Toyota,19,2025,9,18,19,Thursday,2025-09-18,38
1743,HA2525000S,25002040,Takoma_Park_Police_Department,Property Damage Crash,2025-09-22 08:30:00,Government_Route,SLIGO CREEK PKWY,SECURITY LA,Sideswipe (Opposite Direction),Lane Violation,Clear,Dry,Daylight,No Control,None Detected,9FE38CE9-D957-41CC-B63E-2971187E2579,MD,6BC7939D-3FBC-4E35-B264-A2540148CF6C,Nine O Clock,PassengerCar,MovingConstantSpeed,Northbound,25.0,No,No,2025,HONDA,39.02287675,-77.02993049,Accord_Honda,8,2025,9,22,8,Monday,2025-09-22,39
1744,MCP28000071,250042892,Montgomery_County_Police,Property Damage Crash,2025-09-23 23:44:00,Maryland_State_Route,CONNECTICUT AVE,PERRY AVE,Angle Collision,Right-of-Way Violation,Clear,Dry,Dark - Lighted,Traffic Signal,None Detected,6C5FA277-C882-4950-BEBE-99BA6393D841,MD,9BF305C7-6D2B-4879-B5A4-09C113523411,Ten O Clock,PassengerCar,MovingConstantSpeed,Unknown,30.0,No,No,2019,HONDA,39.03286192,-77.07486885,Accord_Honda,23,2025,9,23,23,Tuesday,2025-09-23,39
1745,MCP2159003M,250042383,Montgomery_County_Police,Injury Crash,2025-09-20 13:41:00,Maryland_State_Route,COLUMBIA PIKE,HOPKINS RD,Rear-End (Same Direction),Tailgating,Cloudy,Dry,Daylight,No Control,None Detected,738BFEFC-876F-4C8F-96DC-DA654E99A87A,MD,D369146A-1A58-4862-A80B-13ED40F121CD,Twelve O Clock,PassengerCar,SlowingOrStopping,Southbound,30.0,No,No,2024,TESLA,39.24053663,-77.2816474,Model Y_Tesla,13,2025,9,20,13,Saturday,2025-09-20,38
1746,MCP3445000V,250042036,Montgomery_County_Police,Property Damage Crash,2025-09-18 15:01:00,Maryland_State_Route,16TH ST,E RANDOLPH RD,Rear-End (Same Direction),Congestion / Backup,Clear,Dry,Daylight,No Control,None Detected,8F6E9CC7-315B-43D4-B521-7F0EC4F2A0CD,MD,9DE66BD2-0472-415B-B9CD-DC7AC7B779A3,Six O Clock,PassengerCar,StoppedInTrafficLane,Southbound,35.0,No,No,2023,AUDI,38.99919067,-77.03989767,Q3_Audi,15,2025,9,18,15,Thursday,2025-09-18,38
1747,MCP2737006L,250041551,Montgomery_County_Police,Property Damage Crash,2025-09-12 05:45:00,Maryland_State_Route,NORBECK RD (WB/L),BEAVERWOOD LA,Single Vehicle,Lane Violation,Clear,Dry,Dark - Lighted,No Control,None Detected,55E9FF6A-E0AF-472D-B93F-82BE369F5DD1,MD,A90B26CD-FD00-4886-898F-1FB391FA3340,Twelve O Clock,PassengerCar,MovingConstantSpeed,Westbound,35.0,No,No,2016,FORD,39.10361625,-77.08871843,Taurus_Ford,5,2025,9,12,5,Friday,2025-09-12,37
1748,DM8522004N,250041307,Takoma_Park_Police_Department,Property Damage Crash,2025-09-14 15:34:00,Municipality_Route,KENTLAND AVE,LOCUST GROVE RD,Rear-End (Same Direction),Driver Inattention,Clear,Dry,Daylight,No Control,Suspect Alcohol Only,D8EEB505-ABA6-4F02-B6AB-0693418EC97B,MD,C9AD1D80-821F-4E86-B6A3-DFC5CF1300C2,Twelve O Clock,PassengerCar,Accelerating,Westbound,35.0,No,No,2018,TOYOTA,38.97584552,-76.99121652,Camry_Toyota,15,2025,9,14,15,Sunday,2025-09-14,37
1749,MCP3402004F,250041751,Montgomery_County_Police,Injury Crash,2025-09-17 06:42:00,County_Route,FAIRLAND RD,COLUMBIA PIKE,Head-On,Weather Related,Rain,Wet,Dark - Lighted,Traffic Signal,None Detected,93E81FD2-7123-46BF-8E0D-BB45F64D5682,MD,55C44865-B972-4092-8BBA-8138165D3B98,Twelve O Clock,PassengerCar,MovingConstantSpeed,West,55.0,No,No,2017,TOYOTA,39.07321214,-76.95563947,RAV4_Toyota,6,2025,9,17,6,Wednesday,2025-09-17,38
1750,MCP2932009D,250040935,Montgomery_County_Police,Injury Crash,2025-09-12 01:31:00,US_State_Route,GEORGIA AVE,SILVER SPRING AVE,Angle Collision,Traffic Control Violation,Clear,Dry,Dark - Lighted,Traffic Signal,None Detected,8D7F9CFB-A104-4CE6-9075-72BDBA9DE5FC,MD,D922E929-6BFA-4BA5-BB58-F51E6EB8D0E1,Nine O Clock,PassengerCar,Accelerating,Northbound,25.0,No,No,2017,FORD,38.99161105,-77.02652117,F-150_Ford,1,2025,9,12,1,Friday,2025-09-12,37