Unnamed: 0,Report Number,Local Case Number,Agency Name,ACRS Report Type,Crash Date/Time,Route Type,Road Name,Cross-Street Name,Collision Type,Circumstance_Category,Weather,Surface Condition,Light,Traffic Control,Driver Substance Abuse,Person ID,Drivers License State,Vehicle ID,Vehicle First Impact Location,Vehicle Body Type,Vehicle Movement,Vehicle Going Dir,Speed Limit,Driverless Vehicle,Parked Vehicle,Vehicle Year,Vehicle Make,Latitude,Longitude,Vehicle Model,hour,Crash_year,Crash_month,Crash_day,Crash_hour,Crash_day_name,Crash_date,Crash_week
1751,MCP308600C4,250042029,Montgomery_County_Police,Injury Crash,2025-09-18 14:00:00,County_Route,SNOUFFERS SCHOOL RD,CORRIGAN SQ ACCESS RD,Rear-End (Same Direction),Congestion / Backup,Clear,Dry,Daylight,No Control,None Detected,D25350D6-68FC-4E95-831E-C638A6014A8E,MD,3CB127E6-7727-4CA3-93C1-6B865984A914,Six O Clock,SportUtilityVehicle,StoppedInTrafficLane,Eastbound,40.0,No,No,2017,TOYOTA,39.16917522,-77.17594837,Camry_Toyota,14,2025,9,18,14,Thursday,2025-09-18,38
1752,MCP30500071,250042851,Montgomery_County_Police,Property Damage Crash,2025-09-23 16:36:00,Bicycle_Route,PINEY BRANCH RD,JOLLY WAY,Sideswipe (Same Direction),Lane Violation,Clear,Dry,Daylight,Traffic Signal,None Detected,222EDD0B-6E8D-49B7-956F-4086321BDCE2,MD,E68FB1AB-13F5-445B-933B-90D0A111FEC3,VehicleNotAtScene,SportUtilityVehicle,EnteringTrafficLane,Eastbound,35.0,No,No,2018,LAND ROVER,39.07980159,-77.13808716,Discovery_Land Rover,16,2025,9,23,16,Tuesday,2025-09-23,39
1753,MCP3386003F,250042081,Montgomery_County_Police,Injury Crash,2025-09-18 18:21:00,Maryland_State_Route,EAST WEST HWY,CONNECTICUT AVE,Other,Right-of-Way Violation,Clear,Dry,Daylight,Traffic Signal,None Detected,6A675E88-D5E3-424D-A77E-35B481E61014,MD,5D605456-24B9-434A-BDD5-DF255C99CBFC,Two O Clock,PassengerCar,MovingConstantSpeed,Southbound,30.0,No,No,2025,VOLVO,38.98789516,-77.07708978,S60_Volvo,18,2025,9,18,18,Thursday,2025-09-18,38
1754,MCP2195007L,250041769,Montgomery_County_Police,Injury Crash,2025-09-17 08:49:00,Bicycle_Route,E RANDOLPH RD,GROSVENOR PL,Sideswipe (Same Direction),Lane Violation,Rain,Wet,Daylight,No Control,None Detected,069D6AFE-6D8B-4BB1-9533-D9E70F6583FC,MD,A0AB65F8-EBB9-4C9C-9FD1-FB4FFA925A38,One O Clock,PassengerCar,MovingConstantSpeed,Southbound,35.0,No,No,2018,TESLA,39.15908209,-77.27520055,Model 3_Tesla,8,2025,9,17,8,Wednesday,2025-09-17,38
1756,MCP2335002N,250042127,Montgomery_County_Police,Property Damage Crash,2025-09-19 00:15:00,Local_Route,LITTLE STAR LA,POST OFFICE RD,Single Vehicle,Lane Violation,Clear,Dry,Dark - Lighted,No Control,None Detected,4BADBE4E-5DF7-4070-AF25-ED8B6442CCC4,MD,13037362-CF89-48BE-A500-8B922DB61B03,One O Clock,PassengerCar,MovingConstantSpeed,Westbound,25.0,No,No,2018,FORD,39.16089402,-77.27644795,Taurus_Ford,0,2025,9,19,0,Friday,2025-09-19,38
1757,MCP3368002R,250042809,Montgomery_County_Police,Property Damage Crash,2025-09-23 14:31:00,County_Route,SAM EIG HWY,PLUM ORCHARD DR,Angle Collision,Traffic Control Violation,Clear,Dry,Daylight,Traffic Signal,None Detected,B2FA8673-58DD-49EE-B513-7B5AA232DBF6,MD,86C5FADA-6BEC-49DE-855F-37D461A0A678,Twelve O Clock,PassengerCar,MovingConstantSpeed,Westbound,40.0,No,No,2016,TOYOTA,39.10867111,-77.21219621,Sienna_Toyota,14,2025,9,23,14,Tuesday,2025-09-23,39
1758,MCP287100CY,250042097,Montgomery_County_Police,Property Damage Crash,2025-09-18 19:32:00,County_Route,RANDOLPH RD (WB/L),RAMP 5 FR MD 97 SB TO IS 495 EB,Other,Road Obstruction,Clear,Dry,Dusk,No Control,None Detected,E668BA59-53D6-4ACD-8FF2-2F808FF6ECEF,MD,E96E7655-CE78-413A-9C5A-CFB5260C26D1,Twelve O Clock,PassengerCar,MovingConstantSpeed,West,30.0,No,No,2019,VOLKSWAGEN,39.05347517,-77.10819467,Jetta_Volkswagen,19,2025,9,18,19,Thursday,2025-09-18,38
1759,MCP3258005M,250042103,Montgomery_County_Police,Property Damage Crash,2025-09-18 20:37:00,County_Route,HICKERSON DR,GEORGIA AVE,Angle Collision,Road Obstruction,Clear,Dry,Dark - Lighted,No Control,None Detected,62AF3E0D-FDD3-4096-8176-E688AD40C064,MD,E8877A60-4DB6-4D67-944E-4E5C13927E5D,Twelve O Clock,PassengerCar,MovingConstantSpeed,South,25.0,No,No,2005,NISSAN,39.04225357,-77.05189246,Sentra_Nissan,20,2025,9,18,20,Thursday,2025-09-18,38
1760,EJ786600GG,250041534,Gaithersburg_Police_Department,Injury Crash,2025-09-15 20:34:00,Maryland_State_Route,FREDERICK RD,PROFESSIONAL DR (NB/L),Rear vs Side,Right-of-Way Violation,Clear,Dry,Dark - Lighted,Traffic Signal,None Detected,6838D16A-D743-4FDC-A7B9-CCFFCC867821,MD,0F19C823-1F9B-401E-B941-753FBE563376,Three O Clock,SportUtilityVehicle,MakingLeftTurn,Eastbound,45.0,No,No,2021,TOYOTA,39.16360217,-77.22616417,Sienna_Toyota,20,2025,9,15,20,Monday,2025-09-15,38
1761,MCP296200BK,250041000,Montgomery_County_Police,Injury Crash,2025-09-12 13:57:00,County_Route,FATHER HURLEY BLVD (NB/L),ST ELMO AVE,Sideswipe (Same Direction),Passing / Turning,Clear,Dry,Daylight,No Control,None Detected,EE955F6A-BF81-49FB-9557-E58718A6B4C7,FL,2E23AF68-02B5-42DD-B48D-04886E8BE6F6,Four O Clock,PassengerCar,StoppedInTrafficLane,Northbound,35.0,No,No,2021,VOLKSWAGEN,39.18597617,-77.273548,Atlas_Volkswagen,13,2025,9,12,13,Friday,2025-09-12,37
1762,MCP137801DD,250041672,Montgomery_County_Police,Property Damage Crash,2025-09-16 15:37:00,County_Route,BRIARWOOD TERR,CORPORATE BLVD,Single Vehicle,Driver Inattention,Rain,Wet,Daylight,No Control,None Detected,5A9B8746-740E-4341-9D6D-D1C1355B2C4B,MD,61C0A8F9-D51B-4EFF-9BA9-AC509EEC029C,Ten O Clock,SchoolBus,MovingConstantSpeed,Eastbound,25.0,No,No,2013,TOYOTA,39.08935899,-77.09981284,RAV4_Toyota,15,2025,9,16,15,Tuesday,2025-09-16,38
1763,MCP3445000V,250042036,Montgomery_County_Police,Property Damage Crash,2025-09-18 15:01:00,Maryland_State_Route,16TH ST,STONEY CREEK RD,Rear-End (Same Direction),Tailgating,Clear,Dry,Daylight,No Control,None Detected,5285C2FE-F219-4225-BC01-B7AF5A06E102,DC,F66AFA22-519F-4825-A56B-AC75D63A75E6,Twelve O Clock,PassengerCar,MovingConstantSpeed,Southbound,35.0,No,No,2010,MAZDA,38.99919067,-77.03989767,Mazda3_Mazda,15,2025,9,18,15,Thursday,2025-09-18,38
1764,MCP1433006F,250042052,Montgomery_County_Police,Property Damage Crash,2025-09-18 15:35:00,Maryland_State_Route,DARNESTOWN RD,CHRISTOPHER AVE,Sideswipe (Opposite Direction),Passing / Turning,Clear,Dry,Daylight,No Control,None Detected,9AE1C52D-C79D-4A6F-9FAD-B9166C3D3042,MD,D329843D-D188-49ED-B1C1-502AE4991A07,Eight O Clock,SportUtilityVehicle,StoppedInTrafficLane,Not On Roadway,2.5,No,No,2018,HYUNDAI,39.05590065,-77.11701828,Santa Fe_Hyundai,15,2025,9,18,15,Thursday,2025-09-18,38
1765,MCP34440012,250042256,Montgomery_County_Police,Property Damage Crash,2025-09-19 17:15:00,Maryland_State_Route,METRORAIL TRACK B1 RAIL,WELBECK WAY,Angle Collision,Traffic Control Violation,Clear,Dry,Daylight,Traffic Signal,None Detected,925BCEC9-9E29-4AB9-8808-52E45D1031C3,MD,E1A0EE0F-F9D4-456B-83E6-732C628FEA93,Ten O Clock,SportUtilityVehicle,MovingConstantSpeed,Northbound,30.0,No,No,2012,HONDA,39.010869,-77.04093267,CR-V_Honda,17,2025,9,19,17,Friday,2025-09-19,38
1766,MCP3113007C,250041898,Montgomery_County_Police,Property Damage Crash,2025-09-17 19:50:00,County_Route,GREENCASTLE RD (NB/L),PERSHING DR,Sideswipe (Opposite Direction),Speed Related,Rain,Wet,Dark - Lighted,No Control,None Detected,CE6166E9-083F-4792-9991-B0D559312CE1,MD,6D2F8BF3-1519-41CA-9440-9A2E08F8E0C6,One O Clock,PickupTruck,MovingConstantSpeed,Westbound,30.0,No,No,2016,FORD,39.09600106,-76.93879742,F-150_Ford,19,2025,9,17,19,Wednesday,2025-09-17,38
1767,MCP23950037,250042096,Montgomery_County_Police,Injury Crash,2025-09-18 19:56:00,County_Route,DUFIEF MILL RD,WHITE OAK DR,Single Vehicle,Driver Inattention,Clear,Dry,Dark - Unknown Lighting,No Control,None Detected,4EAEBA38-8D81-42D2-B5FD-CC4CA9F9F983,MD,C4AE03BA-5B09-4BEA-9216-1D173A5FF336,Two O Clock,SportUtilityVehicle,MovingConstantSpeed,Southbound,40.0,No,No,2021,TESLA,39.09362389,-77.23311606,Model Y_Tesla,19,2025,9,18,19,Thursday,2025-09-18,38
1768,MCP3093006B,250042263,Montgomery_County_Police,Property Damage Crash,2025-09-19 17:33:00,Maryland_State_Route,ROCKVILLE PIKE (SB/L),NEW HAMPSHIRE AVE,Rear-End (Same Direction),Congestion / Backup,Clear,Dry,Daylight,No Control,None Detected,C940A66F-C0FB-4983-8890-E7A2B1B82F2C,MD,3FC40C8C-DADD-47D2-B907-9F36AA688D0A,Six O Clock,PassengerCar,StoppedInTrafficLane,Southbound,30.0,No,No,2012,TOYOTA,38.9957175,-77.09655817,Camry_Toyota,17,2025,9,19,17,Friday,2025-09-19,38
1769,MCP2845009Z,250042353,Montgomery_County_Police,Injury Crash,2025-09-20 09:56:00,US_State_Route,OLD COLUMBIA PIKE (SB/L),LAYHILL RD,Angle Collision,Traffic Control Violation,Clear,Dry,Daylight,Traffic Signal,None Detected,D8F63D9A-E3ED-48C5-BC90-385A5C46C64B,MD,D8C9250B-9246-4475-8E4B-D467EC0F9B49,Twelve O Clock,SportUtilityVehicle,MovingConstantSpeed,East,40.0,No,No,2020,JEEP,39.11257833,-76.93275217,Grand Cherokee_Jeep,9,2025,9,20,9,Saturday,2025-09-20,38
1770,MCP3094006M,250042986,Montgomery_County_Police,Property Damage Crash,2025-09-24 15:03:00,County_Route,MILL CREEK DR,UNIVERSITY BLVD E,Sideswipe (Opposite Direction),Lane Violation,Cloudy,Wet,Daylight,No Control,None Detected,65E6B434-F21C-411C-868F-1A37E3BDD564,DC,611967F2-59F2-454E-BCA3-5E9EA00D43B4,VehicleNotAtScene,PickupTruck,MovingConstantSpeed,Southbound,25.0,No,No,2022,GMC,39.14593528,-77.15948118,Sierra_GMC,15,2025,9,24,15,Wednesday,2025-09-24,39
1771,MCP31650065,250042215,Montgomery_County_Police,Injury Crash,2025-09-19 14:30:00,Bicycle_Route,GERMANTOWN RD,BUREAU DR,Rear-End (Same Direction),Tailgating,Clear,Dry,Daylight,No Control,None Detected,9AD65074-B9EE-47C5-B66C-B03277CAA324,MD,A2CE0540-6437-47F4-BE24-8285AA8445BA,Twelve O Clock,PassengerCar,SlowingOrStopping,Southbound,40.0,No,No,2013,HONDA,39.07566917,-76.994348,Civic_Honda,14,2025,9,19,14,Friday,2025-09-19,38
1772,MCP3274002M,250041339,Montgomery_County_Police,Property Damage Crash,2025-09-14 01:48:00,Maryland_State_Route,OLD GEORGETOWN RD,GERMANTOWN RD,Sideswipe (Same Direction),Backing Error,Clear,Wet,Dark - Lighted,No Control,None Detected,9F45A2C4-FF04-4FED-9BEC-E08DD520D79F,MD,7E60CCB5-C1DE-4A1A-A96F-08C1FA8AEA7F,Three O Clock,PassengerCar,Backing,Not On Roadway,2.5,No,No,2021,HYUNDAI,38.97701925,-77.09291231,Elantra_Hyundai,1,2025,9,14,1,Sunday,2025-09-14,37
1773,MCP2974005W,250042756,Montgomery_County_Police,Injury Crash,2025-09-23 08:35:00,County_Route,NORTHAMPTON DR,BEL PRE RD,Angle Collision,Right-of-Way Violation,Clear,Dry,Daylight,No Control,None Detected,D46628E4-57A0-415E-9292-F759D9BAD219,MD,20CE8687-5E40-4037-8096-301FB031CD22,Twelve O Clock,PassengerCar,MakingLeftTurn,Westbound,25.0,No,No,2025,HONDA,39.00688773,-76.98111388,CR-V_Honda,8,2025,9,23,8,Tuesday,2025-09-23,39
1774,MCP3094006K,250041684,Montgomery_County_Police,Injury Crash,2025-09-16 16:29:00,County_Route,GERMANTOWN RD,ROCK SPRING DR,Head-On,Lane Violation,Rain,Wet,Daylight,No Control,None Detected,2ED09C55-89D8-402E-87DF-1A29213A96F5,MD,FBAFF270-D396-45B9-BE1D-F583C04F35D3,Twelve O Clock,PassengerCar,MovingConstantSpeed,Southbound,35.0,No,No,2025,TOYOTA,39.14176355,-77.14364152,Corolla_Toyota,16,2025,9,16,16,Tuesday,2025-09-16,38
1775,MCP3076004H,250043875,Montgomery_County_Police,Injury Crash,2025-09-30 17:31:00,Municipality_Route,TULIP DR,FREDERICK RD,Rear-End (Same Direction),Driver Inattention,Clear,Dry,Daylight,No Control,None Detected,E19ED126-8110-4E8C-8C92-14635D14565E,MD,51EF9620-EAD6-4A94-96B9-367D28A88C47,Six O Clock,Other,Parked,Southbound,2.5,No,Yes,2020,BMW,39.13741002,-77.18876045,M2_BMW,17,2025,9,30,17,Tuesday,2025-09-30,40
1776,MCP34450010,250043169,Montgomery_County_Police,Injury Crash,2025-09-25 14:53:00,Maryland_State_Route,OLD GEORGETOWN RD,VEIRS MILL RD,Rear-End (Same Direction),Weather Related,Clear,Wet,Daylight,No Control,None Detected,FB40AF7F-E38C-4E3A-A83B-1BF6D845F8CA,MD,266F2D79-17B1-48DF-B5E6-87623AFDF341,Six O Clock,PassengerCar,StoppedInTrafficLane,Northbound,35.0,No,No,2012,TOYOTA,39.03381378,-77.12523049,RAV4_Toyota,14,2025,9,25,14,Thursday,2025-09-25,39
1777,MCP2927004W,250042268,Montgomery_County_Police,Property Damage Crash,2025-09-19 18:00:00,Maryland_State_Route,GEORGIA AVE,FENWICK LA,Angle Collision,Right-of-Way Violation,Clear,Dry,Daylight,No Control,None Detected,BC5A9796-9095-4726-9A53-B533E2C42FAA,MD,0B16B8DB-0834-43CE-AA90-93AF6C14C318,Eleven O Clock,PassengerCar,ChangingLanes,Northbound,25.0,No,No,2016,FORD,38.99827312,-77.03067809,Taurus_Ford,18,2025,9,19,18,Friday,2025-09-19,38
1778,MCP23050041,250043722,Montgomery_County_Police,Injury Crash,2025-09-28 21:31:00,County_Route,GOSHEN RD,ARCOLA AVE,Rear-End (Same Direction),Driver Inattention,Clear,Dry,Dark - Lighted,Traffic Signal,None Detected,2A0FC14C-01B9-4573-93A3-BEC7E190C70B,MD,188E2EEE-A3B0-4020-A47C-9483BB107B22,Six O Clock,Motorcycle2Wheeled,SlowingOrStopping,Southbound,35.0,No,No,2005,HONDA,39.16958679,-77.19060661,Civic_Honda,21,2025,9,28,21,Sunday,2025-09-28,39
1779,MCP33220046,250044002,Montgomery_County_Police,Property Damage Crash,2025-09-30 16:43:00,County_Route,ASPEN HILL RD,PARKLAND DR,Angle Collision,Right-of-Way Violation,Cloudy,Dry,Daylight,Traffic Signal,None Detected,9F955E04-E0A3-4DC1-84CF-95A09AC82F0C,MD,31240F35-E78E-4D84-BE57-C33076CC0BF5,Twelve O Clock,SportUtilityVehicle,MovingConstantSpeed,Eastbound,25.0,No,No,2020,TOYOTA,39.07919616,-77.08710191,RAV4_Toyota,16,2025,9,30,16,Tuesday,2025-09-30,40
1780,MCP33560036,250043332,Montgomery_County_Police,Injury Crash,2025-09-26 14:52:00,County_Route,CRYSTAL ROCK DR (SB/L),GERMANTOWN RD (SB/L),Angle Collision,Right-of-Way Violation,Clear,Dry,Daylight,Traffic Signal,None Detected,E6E598C6-20E9-473D-9D8F-7D59A7F0CAB4,MD,9EEE9698-6A25-47CD-BEEF-4B273E227B10,Twelve O Clock,PassengerCar,MovingConstantSpeed,North,30.0,No,No,2025,KIA,39.1811495,-77.26247833,K5_Kia,14,2025,9,26,14,Friday,2025-09-26,39
1781,MCP32710065,250043991,Montgomery_County_Police,Property Damage Crash,2025-09-30 15:53:00,Maryland_State_Route,VEIRS MILL RD (WB/L),UNIVERSITY BLVD W,Rear-End (Same Direction),Tailgating,Cloudy,Dry,Daylight,Traffic Signal,None Detected,07FBE4F5-3345-44E5-914D-81EFAA1EEE16,MD,7B4674B4-C6FA-48CA-8EF3-90A135EF60A8,One O Clock,PassengerCar,Accelerating,Westbound,25.0,No,No,2014,HONDA,39.0399709,-77.05521575,Civic_Honda,15,2025,9,30,15,Tuesday,2025-09-30,40
1782,MCP23470062,250042940,Montgomery_County_Police,Injury Crash,2025-09-24 11:31:00,Local_Route,HEALING WAY,MELINDA LA,Sideswipe (Same Direction),Passing / Turning,Clear,Dry,Daylight,No Control,None Detected,FE658DC0-1F3B-49FE-AACE-353196789299,MD,6A66F6E0-1A3A-4AE0-8CBA-0634200AB65C,Seven O Clock,PassengerCar,Parked,South,25.0,No,Yes,2024,TOYOTA,39.05046311,-76.9570184,RAV4_Toyota,11,2025,9,24,11,Wednesday,2025-09-24,39
1783,MCP33520035,250043660,Montgomery_County_Police,Injury Crash,2025-09-28 17:10:00,County_Route,MONTGOMERY VILLAGE AVE (SB/L),CRABBS BRANCH WAY (AHEAD),Rear-End (Same Direction),Tailgating,Clear,Dry,Daylight,No Control,None Detected,5427D765-6F89-49E5-AEBC-45E47F4800FA,MD,42BA5E4C-F619-4081-839A-A4EBFF2EEEB5,Four O Clock,PassengerCar,MovingConstantSpeed,Westbound,35.0,No,No,2017,DODGE,39.1638467,-77.20377636,Durango_Dodge,17,2025,9,28,17,Sunday,2025-09-28,39
1784,MCP33810031,250043695,Montgomery_County_Police,Property Damage Crash,2025-09-28 20:25:00,Maryland_State_Route,DEMOCRACY BLVD,BONIFANT RD NEW HAMPSHIRE AVE,Rear-End (Same Direction),Weather Related,Clear,Dry,Dark - Lighted,Stop Sign,None Detected,9CEEC06D-32AC-4C41-B196-2CF2B0764482,MD,9A60E74C-3285-497C-B2BB-CDA363127D29,Twelve O Clock,SportUtilityVehicle,Parked,West,2.5,No,Yes,2010,MAZDA,39.18118391,-77.26977757,CX-9_Mazda,20,2025,9,28,20,Sunday,2025-09-28,39
1785,MCP3341005D,250043083,Montgomery_County_Police,Injury Crash,2025-09-25 07:45:00,County_Route,HAWKESBURY LA,RANDOLPH RD (WB/L),Rear-End (Same Direction),Weather Related,Rain,Wet,Daylight,Traffic Signal,None Detected,1CFB6259-F8C3-459F-BAAB-5AF540FE1D91,MD,50B3AE84-1874-4A5F-B851-694307C2FA62,Twelve O Clock,PassengerCar,SlowingOrStopping,South,40.0,No,No,1997,JEEP,39.06612612,-77.02245889,Cherokee_Jeep,7,2025,9,25,7,Thursday,2025-09-25,39
1787,MCP156300C0,250043463,Montgomery_County_Police,Property Damage Crash,2025-09-27 09:08:00,County_Route,EISENHOWER MEMORIAL HWY,DURHAM DR,Sideswipe (Opposite Direction),Passing / Turning,Cloudy,Dry,Daylight,No Control,None Detected,FD3930EA-B6F5-4B47-ADB5-E42F2105ADDB,MD,19354C40-20FC-47E1-9919-5336D3AFC869,Four O Clock,PassengerCar,MakingRightTurn,Southbound,2.5,No,No,2014,TOYOTA,39.04800382,-77.11393539,Sienna_Toyota,9,2025,9,27,9,Saturday,2025-09-27,39
1788,MCP235800F2,250043907,Montgomery_County_Police,Injury Crash,2025-09-30 08:30:00,County_Route,FALLS RD,BRICKYARD RD BRICKYARD RD (SB/L),Head-On,Right-of-Way Violation,Cloudy,Wet,Daylight,Stop Sign,None Detected,1DAA5316-D13F-4972-ACCF-46EAE9B32E52,MD,11C5E637-76F4-42F2-8B1A-C80AB2A5B1D0,Twelve O Clock,SchoolBus,MakingLeftTurn,North,35.0,No,No,2014,TOYOTA,39.00217377,-77.22618685,Camry_Toyota,8,2025,9,30,8,Tuesday,2025-09-30,40
1789,MCP3362006B,250043321,Montgomery_County_Police,Injury Crash,2025-09-26 13:49:00,County_Route,LOCKWOOD DR,COLUMBIA PIKE (SB/L),Sideswipe (Same Direction),Right-of-Way Violation,Clear,Dry,Daylight,Traffic Signal,None Detected,CE85FB0F-7D60-4CC1-B0C3-C06384B005E4,MD,26A57CFD-7207-441E-B1B3-B7C848F9EE7C,One O Clock,TransitBus,MakingLeftTurn,Southbound,35.0,No,No,2008,TESLA,39.03378342,-77.00231831,Model Y_Tesla,13,2025,9,26,13,Friday,2025-09-26,39
1790,MCP3039007Y,250043820,Montgomery_County_Police,Property Damage Crash,2025-09-29 16:00:00,Maryland_State_Route,EAST WEST HWY,AGNEW DR,Sideswipe (Same Direction),Lane Violation,Clear,Dry,Daylight,No Control,None Detected,E04D9573-862C-4E25-A511-EAD5D3DC1CAE,MD,6294ECE3-9EBF-4A9F-A61A-7609DA4595B9,VehicleNotAtScene,PassengerCar,MovingConstantSpeed,Westbound,35.0,No,No,2007,FORD,38.99190122,-77.03072242,Focus_Ford,16,2025,9,29,16,Monday,2025-09-29,40
1791,MCP32400043,250043252,Montgomery_County_Police,Injury Crash,2025-09-26 05:11:00,Ramp_Route,RAMP 5 FR RAMP 8 TO FATHER HURLEY BLVD,FATHER HURLEY BLVD,Rear vs Side,Traffic Control Violation,Clear,Wet,Dark - Lighted,Traffic Signal,None Detected,547D26F2-2989-4A6F-B3B1-3B0BBE5425CA,PA,E374FADE-92B1-43D8-BBE9-0A3B38425457,Twelve O Clock,PassengerCar,MovingConstantSpeed,Eastbound,40.0,No,No,2016,TOYOTA,39.19661274,-77.26553356,Camry_Toyota,5,2025,9,26,5,Friday,2025-09-26,39
1792,DM85240019,250043531,Takoma_Park_Police_Department,Injury Crash,2025-09-27 19:17:00,Maryland_State_Route,NEW HAMPSHIRE AVE (SB/L),GLENSIDE DR,Angle Collision,Right-of-Way Violation,Rain,Wet,Dark - Lighted,Traffic Signal,None Detected,87B9B4F8-0307-4093-8573-C4E346DAC8D9,MD,EB444D43-A753-4421-BA77-59AD68754657,Twelve O Clock,PassengerCar,MakingRightTurn,Northbound,25.0,No,No,2023,LEXUS,38.98164863,-76.98899338,IS_Lexus,19,2025,9,27,19,Saturday,2025-09-27,39
1793,MCP2931008F,250043855,Montgomery_County_Police,Property Damage Crash,2025-09-29 19:25:00,Maryland_State_Route,STIRLING RD,MASSACHUSETTS AVE,Single Vehicle,Speed Related,Clear,Dry,Dark - Lighted,Traffic Signal,None Detected,DD991891-A367-44C2-A90C-53BA03DD2CF9,MD,1CD7AC16-FBF4-4497-963C-D0E9F6C72075,Twelve O Clock,PassengerCar,MovingConstantSpeed,Not On Roadway,2.5,No,No,2010,HONDA,39.05735233,-77.12342217,CR-V_Honda,19,2025,9,29,19,Monday,2025-09-29,40
1794,MCP3395004B,250042785,Montgomery_County_Police,Property Damage Crash,2025-09-23 11:57:00,County_Route,NORFOLK AVE,CORDELL AVE,Angle Collision,Right-of-Way Violation,Clear,Dry,Daylight,Stop Sign,None Detected,4DF49AFB-941D-4823-9421-CA663FD43CF1,MD,E87B4072-C57F-479A-843A-EC2C4CFE2C07,Twelve O Clock,PassengerCar,Accelerating,Northbound,15.0,No,No,2019,HONDA,38.98929167,-77.0981205,Civic_Honda,11,2025,9,23,11,Tuesday,2025-09-23,39
1795,DD5686000V,250043229,Rockville_Police_Department,Property Damage Crash,2025-09-25 21:09:00,Municipality_Route,MANNAKEE ST,WATKINS MILL RD,Sideswipe (Opposite Direction),Right-of-Way Violation,Clear,Dry,Dark - Lighted,Flashing Traffic Signal,None Detected,16B744AD-971C-4435-9F7B-999663A4DC8F,MD,96686A80-5325-4C6B-8BE6-73501296A7B1,Twelve O Clock,SportUtilityVehicle,MakingLeftTurn,Northbound,25.0,No,No,2016,FORD,39.09645383,-77.153426,Escape_Ford,21,2025,9,25,21,Thursday,2025-09-25,39
1796,MCP296500BH,250040657,Montgomery_County_Police,Injury Crash,2025-09-10 12:35:00,Maryland_State_Route,MCAULIFFE DR,GRANDVIEW AVE,Single Vehicle,Driver Inattention,Cloudy,Dry,Daylight,No Control,None Detected,0BA9CC40-EE50-4A24-9857-C6CA62A348C9,MD,6D6A4A9F-8BCF-4A4C-990A-2EAAFD4A47EB,One O Clock,PickupTruck,MovingConstantSpeed,Northbound,40.0,No,No,2019,FORD,39.10584547,-77.03827065,F-450_Ford,12,2025,9,10,12,Wednesday,2025-09-10,37
1798,DD5651006J,250043080,Rockville_Police_Department,Injury Crash,2025-09-25 07:18:00,Municipality_Route,W GUDE DR (WB/L),GAITHER RD,Angle Collision,Right-of-Way Violation,Rain,Wet,Dawn,Traffic Signal,None Detected,C2A393AC-CBE5-433A-910E-720206C207B4,MD,A9193DE4-AE38-4F2F-8942-62E63EA2D03C,Twelve O Clock,PassengerCar,MakingLeftTurn,Eastbound,35.0,No,No,2016,KIA,39.10534953,-77.17116009,Soul_Kia,7,2025,9,25,7,Thursday,2025-09-25,39
1800,MCP25520086,250043084,Montgomery_County_Police,Injury Crash,2025-09-25 07:48:00,County_Route,DARNESTOWN RD,KEY WEST AVE,Rear-End (Same Direction),Weather Related,Rain,Wet,Daylight,Traffic Signal,None Detected,38D0E601-6579-4A0F-8B0E-AD8D08E19C5E,MD,CD94ED7F-55E7-4A17-BE1D-1AA8F295778A,Twelve O Clock,PassengerCar,SlowingOrStopping,North,40.0,No,No,2017,TOYOTA,39.1005341,-77.21343925,RAV4_Toyota,7,2025,9,25,7,Thursday,2025-09-25,39
1801,MCP2940008F,250043622,Montgomery_County_Police,Property Damage Crash,2025-09-25 23:23:00,County_Route,TOPPING RD,SPUR HILL DR,Head-On,Lane Violation,Clear,Dry,Dark - Not Lighted,No Control,None Detected,28AFDF61-98C6-4205-A7B8-6F0970DA2C73,MD,E721F274-EDA4-4CC1-A663-F51238F0A92E,Twelve O Clock,Van - Passenger (&lt;9 Seats),MovingConstantSpeed,Westbound,25.0,No,No,2013,TOYOTA,39.04738272,-77.09557769,Sienna_Toyota,23,2025,9,25,23,Thursday,2025-09-25,39
1802,MCP32630058,250043896,Montgomery_County_Police,Property Damage Crash,2025-09-30 06:45:00,County_Route,DEMOCRACY BLVD (EB/L),RAMP 1 FR RP 4 EB TO DEMOCRACY BLVD,Head-On,Weather Related,Rain,Wet,Dark - Lighted,No Control,None Detected,880D354B-DC78-428E-A474-D6769B9DAA17,VA,59B32A7C-E027-44C3-92FB-3777F1647A23,Eleven O Clock,PassengerCar,MakingRightTurn,South,35.0,No,No,2016,HYUNDAI,39.02150383,-77.14107417,Sonata_Hyundai,6,2025,9,30,6,Tuesday,2025-09-30,40
1803,MCP320000GN,250043185,Montgomery_County_Police,Injury Crash,2025-09-25 15:56:00,County_Route,STRATHMORE AVE,WOODGLEN DR (NB/L),Single Vehicle,Right-of-Way Violation,Cloudy,Dry,Daylight,Stop Sign,None Detected,25BF1CBB-3966-4CBE-8194-DB511DDF3A18,MD,FBE80479-033D-4737-A5AE-C2690C349EC6,Twelve O Clock,SportUtilityVehicle,MakingLeftTurn,Westbound,20.0,No,No,2017,MERCEDES-BENZ,39.04333806,-77.11336977,GLE_Mercedes-Benz,15,2025,9,25,15,Thursday,2025-09-25,39
1804,MCP296500BM,250042904,Montgomery_County_Police,Injury Crash,2025-09-24 07:25:00,County_Route,NORWOOD RD,NORBECK RD (WB/L),Head-On,Right-of-Way Violation,Cloudy,Dry,Daylight,Traffic Signal,None Detected,384956B8-8D27-46A7-A0A1-072330BD8171,MD,80B4F370-726D-44C9-B2DC-6C72D3D8D97A,One O Clock,PassengerCar,MakingLeftTurn,South,40.0,No,No,2006,TOYOTA,39.118964,-77.02112817,Prius_Toyota,7,2025,9,24,7,Wednesday,2025-09-24,39