Unnamed: 0,Report Number,Local Case Number,Agency Name,ACRS Report Type,Crash Date/Time,Route Type,Road Name,Cross-Street Name,Collision Type,Circumstance_Category,Weather,Surface Condition,Light,Traffic Control,Driver Substance Abuse,Person ID,Drivers License State,Vehicle ID,Vehicle First Impact Location,Vehicle Body Type,Vehicle Movement,Vehicle Going Dir,Speed Limit,Driverless Vehicle,Parked Vehicle,Vehicle Year,Vehicle Make,Latitude,Longitude,Vehicle Model,hour,Crash_year,Crash_month,Crash_day,Crash_hour,Crash_day_name,Crash_date,Crash_week
1805,MCP2872002Y,250043099,Montgomery_County_Police,Injury Crash,2025-09-25 07:30:00,County_Route,LANARK WAY,COLESVILLE RD,Single Vehicle,Speed Related,Rain,Wet,Dark - Lighted,Traffic Signal,None Detected,C6EBF4FB-4696-4CE2-9494-46B5ACCFF50A,MD,D7411632-6B1E-474F-B0EE-F0DCDF925ED6,NonCollision,PassengerCar,SlowingOrStopping,Northbound,35.0,No,No,2009,HONDA,39.01854526,-77.01425544,Fit_Honda,7,2025,9,25,7,Thursday,2025-09-25,39
1806,MCP34080021,250042628,Montgomery_County_Police,Injury Crash,2025-09-22 12:50:00,County_Route,FENTON ST,PHILADELPHIA AVE (WB/L),Angle Collision,Traffic Control Violation,Clear,Dry,Daylight,Traffic Signal,None Detected,CE6E49C6-7552-4C6A-822C-7490DEC8185E,MD,2A0D940B-A492-4EDB-8A58-A00EC393B3A4,Twelve O Clock,PassengerCar,MovingConstantSpeed,Westbound,25.0,No,No,2014,NISSAN,38.98785367,-77.023608,Maxima_Nissan,12,2025,9,22,12,Monday,2025-09-22,39
1807,EJ78750072,250042816,Gaithersburg_Police_Department,Property Damage Crash,2025-09-23 14:53:00,Local_Route,SHOP CTR CUT THRU CUT,RAMP 3 FR IS 495 EB TO MD 97 NB,Angle Collision,Traffic Control Violation,Clear,Dry,Daylight,Stop Sign,None Detected,A0A6EB8A-3B33-462F-AF11-236435661EFC,MD,ED8C8045-DB6B-47E1-ABA7-171E68371AFB,Twelve O Clock,PassengerCar,MovingConstantSpeed,Westbound,20.0,No,No,2007,TOYOTA,39.12316505,-77.23649801,Prius_Toyota,14,2025,9,23,14,Tuesday,2025-09-23,39
1808,MCP2351006G,250043964,Montgomery_County_Police,Property Damage Crash,2025-09-30 13:13:00,County_Route,E GUDE DR (WB/L),CRABBS BRANCH WAY,Other,Lane Violation,Cloudy,Dry,Daylight,No Control,None Detected,C08AD527-B6B2-43ED-9A4C-CB8738DD40E1,MD,2A42E0FC-71C7-42DC-9FC5-860E995D67B2,Six O Clock,SportUtilityVehicle,MovingConstantSpeed,Westbound,40.0,No,No,2021,TOYOTA,39.09926598,-77.13854225,Venza_Toyota,13,2025,9,30,13,Tuesday,2025-09-30,40
1809,MCP2855005V,250043413,Montgomery_County_Police,Property Damage Crash,2025-09-26 21:16:00,County_Route,COLUMBIA PIKE,TRACY DR,Angle Collision,Traffic Control Violation,Clear,Dry,Dark - Lighted,Traffic Signal,None Detected,041FBCAC-60F4-476D-A1C1-7FBF500F5FCB,MD,7966746C-A797-4ED0-A059-5222C82A9F47,Twelve O Clock,PassengerCar,MovingConstantSpeed,Eastbound,30.0,No,No,2019,HYUNDAI,38.998664,-77.00379617,Santa Fe_Hyundai,21,2025,9,26,21,Friday,2025-09-26,39
1810,MCP33810031,250043695,Montgomery_County_Police,Property Damage Crash,2025-09-28 20:25:00,Maryland_State_Route,COLUMBIA PIKE,HALPINE RD,Rear-End (Same Direction),Backing Error,Clear,Wet,Dark - Lighted,Traffic Signal,None Detected,58798EC6-9224-477D-B164-A8D968D6DE20,MD,8FBC61BD-06C8-4C63-9C9C-2819B52AB849,Six O Clock,PassengerCar,Backing,Not On Roadway,2.5,No,No,2013,NISSAN,39.18118391,-77.26977757,Altima_Nissan,20,2025,9,28,20,Sunday,2025-09-28,39
1811,DM85240019,250043531,Takoma_Park_Police_Department,Injury Crash,2025-09-27 19:17:00,Maryland_State_Route,NEW HAMPSHIRE AVE (SB/L),GLENSIDE DR,Angle Collision,Weather Related,Rain,Wet,Dark - Lighted,Traffic Signal,None Detected,5EE6D980-DE78-428E-91BD-486D001901B5,VA,83F792CF-A5A6-481E-84EB-8D9461078B6E,Four O Clock,PassengerCar,MakingLeftTurn,East,30.0,No,No,2023,TOYOTA,38.98164863,-76.98899338,Camry_Toyota,19,2025,9,27,19,Saturday,2025-09-27,39
1812,DD5669001F,250043555,Rockville_Police_Department,Injury Crash,2025-09-27 22:37:00,Maryland_State_Route,VEIRS MILL RD,MICHAELS DR,Single Vehicle,Driver Inattention,Clear,Dry,Dark - Lighted,No Control,None Detected,81E71EF9-9273-4139-9A0A-9C254E3726F1,MD,B1BA0DB7-CCEB-407E-8CC7-8A5393D3FDE5,Two O Clock,SportUtilityVehicle,MovingConstantSpeed,Eastbound,35.0,No,No,2016,FORD,39.07928533,-77.13568904,F-150_Ford,22,2025,9,27,22,Saturday,2025-09-27,39
1813,MCP31260074,250043641,Montgomery_County_Police,Injury Crash,2025-09-28 14:47:00,County_Route,RANDOLPH RD,BALTIMORE RD,Rear vs Side,Right-of-Way Violation,Clear,Dry,Daylight,Traffic Signal,None Detected,C8083A3B-4138-4EC8-A693-37A1BED60C4A,MD,6AE37A4B-35AE-4F0C-94AD-2B71B4FB8592,Two O Clock,PassengerCar,MakingLeftTurn,Westbound,2.5,No,No,2003,NISSAN,39.20020498,-77.24726207,Maxima_Nissan,14,2025,9,28,14,Sunday,2025-09-28,39
1814,MCP3423002C,250042359,Montgomery_County_Police,Injury Crash,2025-09-20 10:53:00,County_Route,FAIRLAND RD,BONIFANT RD,Angle Collision,Right-of-Way Violation,Clear,Dry,Daylight,No Control,None Detected,019303D3-7B9E-4272-9B61-CDBD17776C1D,MD,F8FAE97F-F242-4513-A03F-73BB8AC0B437,Twelve O Clock,PassengerCar,MovingConstantSpeed,Eastbound,40.0,No,No,2015,HONDA,39.07750783,-76.95965117,Accord_Honda,10,2025,9,20,10,Saturday,2025-09-20,38
1815,MCP29390086,250043349,Montgomery_County_Police,Injury Crash,2025-09-26 15:38:00,Maryland_State_Route,FREDERICK RD,QUINCE ORCHARD RD,Other,Right-of-Way Violation,Clear,Dry,Daylight,No Control,None Detected,8CF6184D-9EFB-4F83-954A-53457A49F4F4,MD,20436413-DF5A-4FD0-B6D2-36628FC79C33,Twelve O Clock,PassengerCar,MovingConstantSpeed,Northbound,40.0,No,No,2021,VOLKSWAGEN,39.27747117,-77.31415317,Tiguan_Volkswagen,15,2025,9,26,15,Friday,2025-09-26,39
1816,EJ7913001C,250043254,Gaithersburg_Police_Department,Injury Crash,2025-09-26 05:52:00,County_Route,MUDDY BRANCH RD,GREAT SENECA HWY,Angle Collision,Driver Inattention,Clear,Wet,Dark - Lighted,Traffic Signal,None Detected,BF90290D-FD62-402E-BB30-2389827B5DC0,MD,0C02F2F9-6954-4EE2-B58D-759F2AE5E1BD,Twelve O Clock,PassengerCar,MovingConstantSpeed,Eastbound,50.0,No,No,2006,TOYOTA,39.11026956,-77.21732555,Camry_Toyota,5,2025,9,26,5,Friday,2025-09-26,39
1817,EJ7913001B,250042376,Gaithersburg_Police_Department,Property Damage Crash,2025-09-20 12:40:00,Maryland_State_Route,GOOD HOPE RD,OBSERVATION DR,Rear vs Side,Backing Error,Clear,Dry,Daylight,No Control,None Detected,85A5FDF4-D182-4655-AA9B-35B03DBBFAF1,MD,CD43BF23-2D45-47DF-8194-F431F61EB4BE,VehicleNotAtScene,PassengerCar,Backing,Not On Roadway,2.5,No,No,2024,JEEP,39.14267076,-77.19396359,Grand Cherokee_Jeep,12,2025,9,20,12,Saturday,2025-09-20,38
1818,MCP3395004D,250043901,Montgomery_County_Police,Property Damage Crash,2025-09-30 07:45:00,County_Route,PEARL ST,HIGH GABLES DR,Rear-End (Same Direction),Right-of-Way Violation,Rain,Wet,Daylight,School Zone Sign,None Detected,11F18959-F103-4EC9-9635-DAD7D61872A3,MD,64EF3827-96D3-4377-8092-9E2AFFA5CFF4,VehicleNotAtScene,PassengerCar,Accelerating,Southbound,15.0,No,No,2024,TOYOTA,38.98635463,-77.09134406,Corolla Cross_Toyota,7,2025,9,30,7,Tuesday,2025-09-30,40
1819,MCP283200C6,250043913,Montgomery_County_Police,Property Damage Crash,2025-09-30 08:47:00,Maryland_State_Route,CONNECTICUT AVE (SB/L),STEWART LA,Sideswipe (Same Direction),Lane Violation,Cloudy,Dry,Daylight,No Control,None Detected,980E2448-7F6A-4FF3-B485-A41CEB69AC6E,MD,1FEF2BAB-AA93-4711-9370-BA618F95ADC2,Two O Clock,SingleUnitTruck,MovingConstantSpeed,Southbound,30.0,No,No,2025,BMW,38.96832434,-77.07724771,M2_BMW,8,2025,9,30,8,Tuesday,2025-09-30,40
1820,MCP33220046,250044002,Montgomery_County_Police,Property Damage Crash,2025-09-30 16:43:00,County_Route,ASPEN HILL RD,PARKLAND DR,Angle Collision,Right-of-Way Violation,Cloudy,Dry,Daylight,Traffic Signal,None Detected,28475C49-24AA-4001-98E9-370D2C09BC9B,MD,33052DFD-49FD-4CC6-9B79-7DAA6603038C,One O Clock,SportUtilityVehicle,MakingLeftTurn,Southbound,25.0,No,No,2019,HONDA,39.07919616,-77.08710191,Civic_Honda,16,2025,9,30,16,Tuesday,2025-09-30,40
1821,MCP2800006Z,250041824,Montgomery_County_Police,Property Damage Crash,2025-09-11 08:00:00,County_Route,JONES MILL RD,BEACH DR EAST WEST HWY,Rear-End (Same Direction),Tailgating,Clear,Dry,Daylight,Traffic Signal,None Detected,AF25FF78-8F5D-45D8-8F69-14EFCCF0F474,MD,9F275BB9-4CBB-4E51-9A45-88DFA41EF7C1,Twelve O Clock,PassengerCar,SlowingOrStopping,Southbound,30.0,No,No,2011,HONDA,38.99323779,-77.06353116,Accord_Honda,8,2025,9,11,8,Thursday,2025-09-11,37
1822,MCP296500BP,250043755,Montgomery_County_Police,Property Damage Crash,2025-09-29 10:00:00,County_Route,BONIFANT RD,TWINBROOK PKWY,Single Vehicle,Lane Violation,Cloudy,Dry,Daylight,No Control,None Detected,B429D43C-8E1C-437C-BCB4-9808CC66AA1B,MD,C5B3F0C7-6978-460D-BED1-D46F16CCBFA8,Nine O Clock,PassengerCar,MovingConstantSpeed,Westbound,35.0,No,No,2016,HYUNDAI,39.09352226,-77.01854389,Elantra_Hyundai,10,2025,9,29,10,Monday,2025-09-29,40
1823,MCP2298018J,250042973,Montgomery_County_Police,Injury Crash,2025-09-24 14:13:00,Maryland_State_Route,GEORGIA AVE,GREENRIVER TERR,Sideswipe (Same Direction),Lane Violation,Cloudy,Dry,Daylight,No Control,None Detected,FFCC7058-4145-4935-A98D-BBEB106DA255,MD,3A491B6E-D57F-42CC-B6CE-CC786C239CCC,Two O Clock,PassengerCar,MovingConstantSpeed,Northbound,30.0,No,No,2017,TOYOTA,39.1559196,-77.06648744,Camry_Toyota,14,2025,9,24,14,Wednesday,2025-09-24,39
1824,DD5668001Y,250044006,Rockville_Police_Department,Property Damage Crash,2025-09-30 16:50:00,Maryland_State_Route,CHESTNUT GLEN RD,GREAT SENECA HWY (SB/L),Rear vs Side,Right-of-Way Violation,Clear,Wet,Daylight,No Control,None Detected,0C3704AC-C0C5-4A3B-B5E5-F3FE284CAD50,US,F11670E5-0899-4ADC-A100-D60B73A7F3D7,Nine O Clock,PassengerCar,MovingConstantSpeed,Not On Roadway,2.5,No,No,2012,HONDA,39.11772254,-77.18399532,Odyssey_Honda,16,2025,9,30,16,Tuesday,2025-09-30,40
1825,MCP2800006Z,250041824,Montgomery_County_Police,Property Damage Crash,2025-09-11 08:00:00,County_Route,JONES MILL RD,BEACH DR EAST WEST HWY,Rear-End (Same Direction),Congestion / Backup,Clear,Dry,Daylight,Traffic Signal,None Detected,CD3D1A75-0184-471E-AED7-8971BEB4C841,DC,FD71B111-D963-4DDB-821A-C5CC3DBD5515,Six O Clock,PassengerCar,SlowingOrStopping,Southbound,30.0,No,No,2020,TESLA,38.99323779,-77.06353116,Model 3_Tesla,8,2025,9,11,8,Thursday,2025-09-11,37
1826,MCP33720043,250043812,Montgomery_County_Police,Property Damage Crash,2025-09-29 15:44:00,Maryland_State_Route,GEORGIA AVE (SB/L),BRONSON DR,Rear-End (Same Direction),Right-of-Way Violation,Clear,Dry,Daylight,No Control,None Detected,B6CC9C43-A095-4DCD-BF82-AD2EF3D15268,MD,EC2AC9ED-D9B7-4793-9ABA-8E56741945A1,Six O Clock,PassengerCar,Accelerating,Northbound,35.0,No,No,2005,HONDA,39.07899517,-77.07297283,Civic_Honda,15,2025,9,29,15,Monday,2025-09-29,40
1827,MCP26220057,250043075,Montgomery_County_Police,Property Damage Crash,2025-09-25 06:34:00,US_State_Route,COLUMBIA PIKE,TUCKERMAN LA,Rear-End (Same Direction),Tailgating,Rain,Wet,Dawn,No Control,None Detected,C32DBDC2-6DCD-4D1A-84B4-24FDCF4DCB7E,MD,56CFFFFC-1D96-4893-AB94-A25EFCE66906,VehicleNotAtScene,PassengerCar,SlowingOrStopping,Northbound,55.0,No,No,2015,HONDA,39.09448832,-76.93861418,Civic_Honda,6,2025,9,25,6,Thursday,2025-09-25,39
1828,MCP3193006Y,250042303,Montgomery_County_Police,Property Damage Crash,2025-09-19 21:00:00,County_Route,INDIGO RD,BRITE DR,Sideswipe (Same Direction),Lane Violation,Clear,Dry,Dark - Lighted,No Control,None Detected,E92BA458-7BD9-4B08-AFBC-074E25C8B2D9,MD,C6A62F7B-FA46-430D-9DCA-8514282211C9,VehicleNotAtScene,PickupTruck,MovingConstantSpeed,Northbound,25.0,No,No,1995,FORD,39.05016633,-77.07867483,F-150_Ford,21,2025,9,19,21,Friday,2025-09-19,38
1829,MCP3341005F,250043107,Montgomery_County_Police,Property Damage Crash,2025-09-25 10:20:00,County_Route,RANDOLPH RD (WB/L),GREAT SENECA HWY,Single Vehicle,Speed Related,Rain,Wet,Daylight,No Control,None Detected,A7CA01E0-9FF8-45AA-B2BC-550D294218AE,GA,C70DA7BE-2FFA-4E52-9CDF-E6CDA1379B5C,Eight O Clock,PassengerCar,NegotiatingCurve,Westbound,35.0,No,No,2004,CHEVROLET,39.05340233,-77.08810667,Silverado_Chevrolet,10,2025,9,25,10,Thursday,2025-09-25,39
1830,MCP235800F2,250043907,Montgomery_County_Police,Injury Crash,2025-09-30 08:30:00,County_Route,FALLS RD,BRICKYARD RD BRICKYARD RD (SB/L),Head-On,Speed Related,Cloudy,Wet,Daylight,No Control,None Detected,8559F84D-0D6C-4724-8CA4-288A2E8D1EFC,MD,90A76BAF-75AC-44C9-8EEF-44870FC14546,Twelve O Clock,SchoolBus,MovingConstantSpeed,Westbound,35.0,No,No,2023,HONDA,39.00217377,-77.22618685,Civic_Honda,8,2025,9,30,8,Tuesday,2025-09-30,40
1831,MCP34380012,250044054,Montgomery_County_Police,Property Damage Crash,2025-09-25 03:37:00,County_Route,DEMOCRACY BLVD (EB/L),CENTRAL AVE,Single Vehicle,Driver Inattention,Clear,Dry,Dark - Lighted,No Control,None Detected,1D188A35-AD26-4E7A-8A90-1C08A730E9D7,MD,787AD967-1039-44D9-8A75-79C38E5193F3,Ten O Clock,PassengerCar,SlowingOrStopping,Eastbound,45.0,No,No,2018,FORD,39.02249619,-77.13335507,Taurus_Ford,3,2025,9,25,3,Thursday,2025-09-25,39
1832,MCP33810030,250043188,Montgomery_County_Police,Injury Crash,2025-09-25 16:07:00,Maryland_State_Route,W DIAMOND AVE,HOPKINS RD,Single Vehicle,Lane Violation,Clear,Wet,Daylight,Traffic Signal,Suspect Alcohol + Drug,DF41790B-A969-4EEC-938A-1FCBA35571EA,MD,71C8005E-7E43-413B-846E-F6DEEA83920B,Twelve O Clock,Motorcycle2Wheeled,Passing,Northbound,30.0,No,No,2016,LEXUS,39.16722964,-77.29211333,RX 350_Lexus,16,2025,9,25,16,Thursday,2025-09-25,39
1834,MCP2674006M,250043802,Montgomery_County_Police,Property Damage Crash,2025-09-29 14:33:00,Maryland_State_Route,RIDGE RD,LANGLEY DR,Rear-End (Same Direction),Right-of-Way Violation,Clear,Dry,Daylight,No Control,None Detected,215A395D-A169-4245-B140-9A99C961FCE9,MD,AD29925D-FB96-481A-B2A2-8335913528F4,Five O Clock,SportUtilityVehicle,MakingLeftTurn,Northbound,40.0,No,No,2011,NISSAN,39.24159541,-77.23499347,Armada_Nissan,14,2025,9,29,14,Monday,2025-09-29,40
1835,MCP3396002H,250042700,Montgomery_County_Police,Injury Crash,2025-09-22 18:30:00,Maryland_State_Route,GEORGIA AVE,WEISMAN RD,Angle Collision,Traffic Control Violation,Clear,Dry,Daylight,Traffic Signal,None Detected,ECEF2986-40CB-4DE9-8B2A-661289EF402E,MD,5E0CA818-8188-43B0-A2D8-183D97960C00,Twelve O Clock,PassengerCar,MovingConstantSpeed,Northbound,30.0,No,No,2006,HONDA,39.05261233,-77.05106317,Odyssey_Honda,18,2025,9,22,18,Monday,2025-09-22,39
1836,MCP33220045,250042832,Montgomery_County_Police,Property Damage Crash,2025-09-23 16:30:00,Maryland_State_Route,GEORGIA AVE,TRAVILAH RD,Rear-End (Same Direction),Tailgating,Cloudy,Dry,Daylight,No Control,None Detected,BF413701-6A81-4800-8FA5-E6DE3DFD618A,MD,6AB38D23-D570-4632-9F38-4A7B2B8B1F38,Six O Clock,PassengerCar,SlowingOrStopping,Northbound,45.0,No,No,2017,LEXUS,39.1235945,-77.07301833,RX 350_Lexus,16,2025,9,23,16,Tuesday,2025-09-23,39
1837,MCP26220058,250043105,Montgomery_County_Police,Injury Crash,2025-09-25 09:39:00,Maryland_State_Route,UNIVERSITY BLVD W (WB/L),COLESVILLE RD (SB/L),Angle Collision,Right-of-Way Violation,Clear,Wet,Daylight,Traffic Signal,None Detected,068BFBA9-2E12-4139-A4A7-A317C1F40ADD,DC,926B7371-F6E4-4FF4-B291-B76F0259FDE4,One O Clock,Van - Passenger (&lt;9 Seats),Accelerating,Southbound,40.0,No,No,2023,FORD,39.02039929,-77.01281816,Transit_Ford,9,2025,9,25,9,Thursday,2025-09-25,39
1838,MCP28660096,250043747,Montgomery_County_Police,Property Damage Crash,2025-09-29 09:38:00,Interstate_Route,EISENHOWER MEMORIAL HWY (SB/L),HALPINE RD,Rear-End (Same Direction),Tailgating,Cloudy,Dry,Daylight,No Control,None Detected,CECC6EFC-D9BF-447A-BF0A-73264D7BFE69,MD,64AB4D33-2DD6-417D-9082-2B1E35DAA04D,Twelve O Clock,PassengerCar,SlowingOrStopping,Southbound,55.0,No,No,2014,DODGE,39.02134533,-77.10607767,Charger_Dodge,9,2025,9,29,9,Monday,2025-09-29,40
1839,MCP26410056,250043073,Montgomery_County_Police,Property Damage Crash,2025-09-25 06:39:00,County_Route,FATHER HURLEY BLVD (NB/L),UNIVERSITY BLVD W,Rear-End (Same Direction),Weather Related,Rain,Wet,Dawn,No Control,None Detected,A47A98DA-39C6-45D2-884B-076B4A9005D8,DC,443B5E95-59E5-4462-ADBD-C33B6E6CC5F0,Seven O Clock,TransitBus,SlowingOrStopping,Northbound,35.0,No,No,2020,HONDA,39.18633667,-77.27373,Accord_Honda,6,2025,9,25,6,Thursday,2025-09-25,39
1840,MCP2305003Z,250043561,Montgomery_County_Police,Property Damage Crash,2025-09-27 23:42:00,Maryland_State_Route,WOODFIELD RD,OLD COLUMBIA PIKE,Single Vehicle,Lane Violation,Clear,Dry,Dark - Lighted,No Control,Suspect Alcohol Only,156C26B2-9FEB-4302-9EBE-9D39E84D9465,MD,8257BF58-512B-4006-AD81-92609048101F,Twelve O Clock,SportUtilityVehicle,MovingConstantSpeed,Eastbound,40.0,No,No,2012,GMC,39.2564206,-77.2005461,Terrain_GMC,23,2025,9,27,23,Saturday,2025-09-27,39
1841,MCP29390083,250043210,Montgomery_County_Police,Injury Crash,2025-09-25 18:33:00,County_Route,MIDDLEBROOK RD (WB/L),DALE DR,Other,Right-of-Way Violation,Rain,Wet,Dark - Lighted,Traffic Signal,None Detected,BF565C70-3F61-475C-B4F4-10DE4F60B204,MD,47B72380-4A43-4F2C-B19C-52D0B9417169,Three O Clock,PassengerCar,Accelerating,Eastbound,40.0,No,No,2010,TOYOTA,39.17838344,-77.24186058,Camry_Toyota,18,2025,9,25,18,Thursday,2025-09-25,39
1842,MCP1233006R,250043506,Montgomery_County_Police,Injury Crash,2025-09-27 16:01:00,Maryland_State_Route,ROCKVILLE PIKE (SB/L),WARNER ST,Single Vehicle,Lane Violation,Cloudy,Dry,Daylight,Traffic Signal,None Detected,53785489-F16F-49E8-9C7D-A169A4F75D1C,DC,5870B806-ADF9-4E4B-9C8D-3656CEF259E0,Four O Clock,TransitBus,MovingConstantSpeed,Southbound,35.0,No,No,2016,DODGE,39.04685383,-77.11290883,Charger_Dodge,16,2025,9,27,16,Saturday,2025-09-27,39
1843,MCP26410056,250043073,Montgomery_County_Police,Property Damage Crash,2025-09-25 06:39:00,County_Route,FATHER HURLEY BLVD (NB/L),TEACHERS WAY,Rear-End (Same Direction),Tailgating,Rain,Wet,Dawn,No Control,None Detected,3EA39CD1-232A-42DF-8912-C742B61A1545,MD,EC3D7682-7E99-41C4-A0E1-EAB871506085,Twelve O Clock,PassengerCar,ChangingLanes,Northbound,35.0,No,No,2016,TOYOTA,39.18633667,-77.27373,Corolla_Toyota,6,2025,9,25,6,Thursday,2025-09-25,39
1844,MCP3039007Z,250040849,Montgomery_County_Police,Property Damage Crash,2025-09-29 18:48:00,US_State_Route,GEORGIA AVE (SB/L),GEORGIA AVE,Sideswipe (Same Direction),Lane Violation,Clear,Dry,Dark - Lighted,Traffic Signal,None Detected,F5B44376-8007-4ED2-B1DA-95B2C8B35F9F,MD,BAE6D6CE-0D2E-494F-AFD6-ECE64DE65963,Two O Clock,SportUtilityVehicle,MakingRightTurn,Northbound,35.0,No,No,2023,TOYOTA,38.99606217,-77.02805094,RAV4_Toyota,18,2025,9,29,18,Monday,2025-09-29,40
1845,MCP292300FB,250043136,Montgomery_County_Police,Property Damage Crash,2025-09-25 12:37:00,County_Route,ARCOLA AVE,HERMITAGE AVE,Head-On,Weather Related,Rain,Wet,Daylight,No Control,None Detected,4AD89B27-64BD-44F1-B341-88B170A255F1,MD,5745E35D-B99A-41B8-934B-7EEDD719A5EB,Two O Clock,SportUtilityVehicle,MovingConstantSpeed,West,30.0,No,No,2021,FORD,39.04712452,-77.05058614,F-150_Ford,12,2025,9,25,12,Thursday,2025-09-25,39
1846,MCP2160003P,250044016,Montgomery_County_Police,Property Damage Crash,2025-09-30 18:25:00,County_Route,CENTERWAY RD,MONTGOMERY VILLAGE AVE,Angle Collision,Right-of-Way Violation,Clear,Dry,Daylight,Traffic Signal,None Detected,D871FBF9-F019-4F37-BA89-A8CBB4D22DE3,MD,F1E5D442-EBC8-4BCA-820C-441AE51DA53A,One O Clock,PassengerCar,MovingConstantSpeed,Northbound,35.0,No,No,2014,TOYOTA,39.17248215,-77.20341737,Corolla_Toyota,18,2025,9,30,18,Tuesday,2025-09-30,40
1847,MCP34450012,250043388,Montgomery_County_Police,Property Damage Crash,2025-09-26 15:30:00,Maryland_State_Route,QUEBEC ST,JERUSALEM RD,Sideswipe (Same Direction),Passing / Turning,Clear,Wet,Daylight,Traffic Signal,None Detected,21D35AE5-C7BE-41C8-85A1-2EA94DDEA98C,MD,C3ED182E-A7F9-4715-8E66-1DD4849789EC,VehicleNotAtScene,PassengerCar,MakingLeftTurn,Not On Roadway,2.5,No,No,2018,TOYOTA,39.03322314,-77.12530432,Camry_Toyota,15,2025,9,26,15,Friday,2025-09-26,39
1848,MCP2102004X,250040967,Montgomery_County_Police,Property Damage Crash,2025-09-12 10:15:00,County_Route,SENECA MEADOWS PKWY (SB/L),MANCHESTER PL,Angle Collision,Right-of-Way Violation,Clear,Dry,Daylight,Stop Sign,None Detected,329E42C1-ADAC-422F-A352-1C2242D789C4,MD,BA78EA7C-FA7E-4D85-98D7-3613B6DA46C2,Three O Clock,PassengerCar,MovingConstantSpeed,Westbound,30.0,No,No,2025,KIA,39.19705389,-77.25804899,Optima_Kia,10,2025,9,12,10,Friday,2025-09-12,37
1849,DD5604005R,250043172,Rockville_Police_Department,Property Damage Crash,2025-09-25 14:55:00,Municipality_Route,N STONESTREET AVE,HOWARD AVE,Sideswipe (Opposite Direction),Lane Violation,Clear,Dry,Daylight,No Control,None Detected,A715CCE1-0EF9-4784-B0D4-89875AB5633D,MD,D8556E4E-CA05-4E9C-97B8-6AACBAB52E8E,Eleven O Clock,Van - Passenger (&lt;9 Seats),MovingConstantSpeed,Northbound,25.0,No,No,2017,TOYOTA,39.0902929,-77.14904582,Sienna_Toyota,14,2025,9,25,14,Thursday,2025-09-25,39
1850,MCP2298018K,250042953,Montgomery_County_Police,Property Damage Crash,2025-09-24 12:51:00,Maryland_State_Route,GREAT SENECA HWY,ENT TO MONT CO DEPT OF TRANS,Back-to-Back,Backing Error,Cloudy,Dry,Daylight,Traffic Signal,None Detected,060CDCAE-C43A-4C38-BFD3-8A744AB126F2,MD,3428549C-086D-4F63-8215-1DB58DD8530B,Nine O Clock,PassengerCar,Backing,Unknown,2.5,No,No,2022,CHRYSLER,39.07721012,-77.07988369,Pacifica_Chrysler,12,2025,9,24,12,Wednesday,2025-09-24,39
1851,MCP2674006L,250042004,Montgomery_County_Police,Property Damage Crash,2025-09-17 07:42:00,Maryland_State_Route,GERMANTOWN RD,CAPITAL BELTWAY,Sideswipe (Same Direction),Driver Inattention,Rain,Wet,Daylight,No Control,None Detected,082888C7-21D8-4959-80FF-6B749C2183B9,MD,193ADBF0-CCD5-4E0B-AEAC-8EBEC0B03292,Four O Clock,SportUtilityVehicle,Accelerating,Not On Roadway,2.5,No,No,2016,NISSAN,39.18381559,-77.23951138,Pathfinder_Nissan,7,2025,9,17,7,Wednesday,2025-09-17,38
1853,MCP284600BS,250041953,Montgomery_County_Police,Injury Crash,2025-09-18 09:00:00,County_Route,BEL PRE RD,HENDERSON AVE,Rear-End (Same Direction),Tailgating,Clear,Dry,Daylight,No Control,None Detected,4335CB0C-A47A-45D0-BA3E-F1F7D43C35CE,MD,0D2FB92D-3605-42AA-A6FA-1116FA800B7B,Twelve O Clock,PassengerCar,MovingConstantSpeed,Westbound,35.0,No,No,2012,HONDA,39.09145333,-77.06335067,Accord_Honda,9,2025,9,18,9,Thursday,2025-09-18,38
1854,MCP33620069,250042289,Montgomery_County_Police,Injury Crash,2025-09-21 11:26:00,US_State_Route,COLUMBIA PIKE (SB/L),BATTERY LA,Rear-End (Same Direction),Driver Inattention,Cloudy,Dry,Daylight,No Control,None Detected,D8FE1D39-31C5-416D-B864-29592EDDC6D7,VA,2FAD3E72-D6C7-4D85-838F-77E797CD12AD,Six O Clock,PassengerCar,MovingConstantSpeed,Southbound,55.0,No,No,2024,HONDA,39.0748065,-76.95493483,Civic_Honda,11,2025,9,21,11,Sunday,2025-09-21,38
1855,MCP3039007Z,250040849,Montgomery_County_Police,Property Damage Crash,2025-09-29 18:48:00,US_State_Route,GEORGIA AVE (SB/L),GEORGIA AVE,Sideswipe (Same Direction),Lane Violation,Clear,Dry,Dark - Lighted,Traffic Signal,None Detected,9A50D35D-8F02-44AB-BE67-029ADB62DE59,DC,33B1B99D-46DE-4431-B464-6226715E1678,Ten O Clock,TransitBus,MovingConstantSpeed,Northbound,35.0,No,No,2025,HONDA,38.99606217,-77.02805094,Civic_Honda,18,2025,9,29,18,Monday,2025-09-29,40