Unnamed: 0,Report Number,Local Case Number,Agency Name,ACRS Report Type,Crash Date/Time,Route Type,Road Name,Cross-Street Name,Collision Type,Circumstance_Category,Weather,Surface Condition,Light,Traffic Control,Driver Substance Abuse,Person ID,Drivers License State,Vehicle ID,Vehicle First Impact Location,Vehicle Body Type,Vehicle Movement,Vehicle Going Dir,Speed Limit,Driverless Vehicle,Parked Vehicle,Vehicle Year,Vehicle Make,Latitude,Longitude,Vehicle Model,hour,Crash_year,Crash_month,Crash_day,Crash_hour,Crash_day_name,Crash_date,Crash_week
1856,MCP296200BL,250043258,Montgomery_County_Police,Property Damage Crash,2025-09-26 06:44:00,County_Route,WISTERIA DR,WARING STATION RD,Angle Collision,Right-of-Way Violation,Clear,Dry,Daylight,Stop Sign,None Detected,7F2876F2-F179-4AF4-B575-94D3AF7093CC,MD,B20074E6-AFC3-418D-8DCA-3CBD525949C6,Twelve O Clock,PassengerCar,Accelerating,Northbound,35.0,No,No,2018,KIA,39.16210817,-77.25092417,Optima_Kia,6,2025,9,26,6,Friday,2025-09-26,39
1857,MCP3395004F,250043935,Montgomery_County_Police,Property Damage Crash,2025-09-30 10:53:00,Interstate_Route,EISENHOWER MEMORIAL HWY,DENNIS AVE,Rear-End (Same Direction),Tailgating,Cloudy,Dry,Daylight,No Control,None Detected,D0E4CA0E-A8F9-4B66-8823-BE479506CE6C,MD,1E39D5B1-EBE7-409E-AB71-22BFFCA6B938,Six O Clock,PassengerCar,SlowingOrStopping,Southbound,55.0,No,No,2015,AUDI,39.02981167,-77.1214935,A6_Audi,10,2025,9,30,10,Tuesday,2025-09-30,40
1858,MCP3379002D,250043190,Montgomery_County_Police,Property Damage Crash,2025-09-25 16:12:00,Government_Route,LOCKWOOD DR,CHERRY LAUREL LA,Rear-End (Same Direction),Lane Violation,Clear,Dry,Daylight,Traffic Signal,None Detected,A37DF4EA-9224-4AD8-8921-D7DEB0A38033,MD,6A5639A3-C7ED-427F-A04B-933AC5955493,One O Clock,SchoolBus,SlowingOrStopping,Not On Roadway,2.5,No,No,2014,FORD,39.15862218,-77.28015043,F-150_Ford,16,2025,9,25,16,Thursday,2025-09-25,39
1859,MCP32710063,250043370,Montgomery_County_Police,Injury Crash,2025-09-26 16:40:00,Maryland_State_Route,OLD GEORGETOWN RD (SB/L),CEDAR TREE DR,Rear-End (Same Direction),Tailgating,Clear,Dry,Daylight,No Control,None Detected,DA3E7851-8C06-4559-97FB-031350A57A90,MD,80A22D55-500C-4A2A-8B76-6CCD53F4E553,Twelve O Clock,SportUtilityVehicle,Accelerating,Southbound,35.0,No,No,2018,CADILLAC,39.01041589,-77.11529471,CTS_Cadillac,16,2025,9,26,16,Friday,2025-09-26,39
1860,MCP2855005T,250043383,Montgomery_County_Police,Injury Crash,2025-09-26 17:00:00,US_State_Route,COLUMBIA PIKE,GOOD HOPE RD,Sideswipe (Same Direction),Lane Violation,Clear,Dry,Daylight,No Control,None Detected,DF9D8DB4-F1D0-4680-922F-ED97900AF4C8,MD,0ABC97BB-9E41-4739-B6CB-F4F880011909,Ten O Clock,PassengerCar,MovingConstantSpeed,Northbound,35.0,No,No,2023,SUBARU,39.05452054,-76.97370595,Outback_Subaru,17,2025,9,26,17,Friday,2025-09-26,39
1861,MCP3411002Z,250043379,Montgomery_County_Police,Injury Crash,2025-09-26 17:19:00,Spur_Route,HUNGERFORD DR,CUL DE SAC,Single Vehicle,Right-of-Way Violation,Clear,Dry,Daylight,Traffic Signal,None Detected,63FA4987-DF2F-4338-BEDD-DB46B537F0B3,MD,8A179A33-1499-4C20-AA5F-3A1D6B0299B5,Twelve O Clock,SportUtilityVehicle,MakingRightTurn,Westbound,30.0,No,No,2021,VOLVO,39.05575183,-77.14964666,XC90_Volvo,17,2025,9,26,17,Friday,2025-09-26,39
1862,MCP3201008H,250043599,Montgomery_County_Police,Injury Crash,2025-09-28 08:41:00,County_Route,SCENERY DR,CLYDESDALE ST,Head-On,Lane Violation,Clear,Dry,Daylight,No Control,None Detected,78B8C06C-0983-4528-8F39-C5EBB69A18B5,MD,871C15DC-1C33-4F17-A563-BF46CE3BCC4D,Twelve O Clock,Motorcycle2Wheeled,MovingConstantSpeed,Northbound,30.0,No,No,2023,GMC,39.18335293,-77.23201582,Sierra_GMC,8,2025,9,28,8,Sunday,2025-09-28,39
1863,MCP2314004X,250043386,Montgomery_County_Police,Property Damage Crash,2025-09-26 17:44:00,County_Route,ANGUS PL,SHOP CTR CUT THRU CUT TUCKERMAN LA TUCKERMAN LA (EB/L),Angle Collision,Right-of-Way Violation,Cloudy,Dry,Daylight,Traffic Signal,None Detected,6D982B60-61D8-46E7-889B-5125991C2730,MD,4F3A8B02-20A3-4925-B14A-73DF7B9B6248,One O Clock,SportUtilityVehicle,MakingLeftTurn,North,35.0,No,No,2016,TOYOTA,39.04005683,-77.15732467,RAV4_Toyota,17,2025,9,26,17,Friday,2025-09-26,39
1864,MCP3423002C,250042359,Montgomery_County_Police,Injury Crash,2025-09-20 10:53:00,County_Route,FAIRLAND RD,ELTON RD,Angle Collision,Right-of-Way Violation,Clear,Dry,Daylight,No Control,None Detected,820A2B29-2285-45A2-AA87-DCE61E5788FF,DC,193D78E1-FEA0-41DC-8892-1D3935F268E1,Six O Clock,PassengerCar,MovingConstantSpeed,Westbound,40.0,No,No,2015,KIA,39.07750783,-76.95965117,Optima_Kia,10,2025,9,20,10,Saturday,2025-09-20,38
1866,DD56740020,250042068,Rockville_Police_Department,Property Damage Crash,2025-09-18 16:53:00,County_Route,MIDCOUNTY HWY,PINEY BRANCH RD,Head-On,Driver Inattention,Clear,Wet,Daylight,Traffic Signal,None Detected,9B73A8B4-D107-436B-8AA2-FA762B0B0EF9,MD,93087A6D-186C-44DA-8440-FF694C599D5C,VehicleNotAtScene,PassengerCar,MovingConstantSpeed,Unknown,2.5,No,No,2019,TOYOTA,39.07471882,-77.13736753,Camry_Toyota,16,2025,9,18,16,Thursday,2025-09-18,38
1868,MCP3039007Y,250043820,Montgomery_County_Police,Property Damage Crash,2025-09-29 16:00:00,Maryland_State_Route,EAST WEST HWY,HAVARD ST,Sideswipe (Same Direction),Lane Violation,Clear,Dry,Daylight,No Control,None Detected,7C71330F-4C6F-45AD-B7F1-A6E451E609B4,MD,9385DF6F-CFAF-4246-AAD2-C216419E25A8,Three O Clock,SportUtilityVehicle,MovingConstantSpeed,Westbound,35.0,No,No,2025,TOYOTA,38.99190122,-77.03072242,4Runner_Toyota,16,2025,9,29,16,Monday,2025-09-29,40
1869,MCP2160003P,250044016,Montgomery_County_Police,Property Damage Crash,2025-09-30 18:25:00,County_Route,CENTERWAY RD,MONTGOMERY VILLAGE AVE,Angle Collision,Right-of-Way Violation,Clear,Dry,Daylight,Traffic Signal,None Detected,70DE89AB-ECDA-4A3F-BEF4-5E2E351796DA,MD,957A4850-688D-48E0-99B7-273E65E0962C,Four O Clock,PassengerCar,MakingLeftTurn,Southbound,35.0,No,No,2025,TOYOTA,39.17248215,-77.20341737,RAV4_Toyota,18,2025,9,30,18,Tuesday,2025-09-30,40
1870,MCP2582005R,250043559,Montgomery_County_Police,Property Damage Crash,2025-09-27 23:43:00,County_Route,UNIVERSITY BLVD E,CASTLE CLIFF WAY,Angle Collision,Lane Violation,Clear,Wet,Dark - Lighted,No Control,None Detected,0F0409B3-F6DD-41E9-AC1F-F2A5539399B4,MD,5A5265D9-8FF4-4A57-A0C4-AAEA555B0DBB,Twelve O Clock,SportUtilityVehicle,NegotiatingCurve,Southbound,40.0,No,No,2023,CADILLAC,39.0783475,-76.9814615,XT5_Cadillac,23,2025,9,27,23,Saturday,2025-09-27,39
1871,MCP3201008F,250043471,Montgomery_County_Police,Injury Crash,2025-09-27 10:39:00,County_Route,ROCKY RD,WOODFIELD RD,Sideswipe (Same Direction),Tailgating,Cloudy,Dry,Daylight,No Control,None Detected,ADF18358-0FE2-4DF9-9DBD-81E318C6B153,MD,136AC642-1AED-4E73-B83D-01BAF84073A2,Two O Clock,SportUtilityVehicle,MovingConstantSpeed,Southbound,50.0,No,No,2013,FORD,39.22788894,-77.17750522,Explorer_Ford,10,2025,9,27,10,Saturday,2025-09-27,39
1872,MCP289200J6,250044044,Montgomery_County_Police,Injury Crash,2025-09-30 21:16:00,County_Route,FRANKLIN AVE,WEXHALL DR,Rear-End (Same Direction),Tailgating,Clear,Dry,Dark - Lighted,No Control,None Detected,ACB88681-EC54-4B25-9DE4-BE634DAE5077,MD,F21E57AA-6DE3-413A-8D58-A59CC2F1A7E8,Twelve O Clock,PassengerCar,MovingConstantSpeed,Eastbound,30.0,No,No,2003,VOLVO,39.00854726,-77.01750423,S60_Volvo,21,2025,9,30,21,Tuesday,2025-09-30,40
1873,MCP3423002D,250043613,Montgomery_County_Police,Property Damage Crash,2025-09-28 11:51:00,County_Route,BRANTFORD AVE,FAIRLAND RD,Sideswipe (Opposite Direction),Lane Violation,Clear,Dry,Daylight,No Control,None Detected,CCEC88CB-BEAC-4146-B0B9-ED971CD84FF6,MD,FD3F1963-AD61-44A0-AD3E-6AD2022FA5A2,Eleven O Clock,PassengerCar,MovingConstantSpeed,Westbound,25.0,No,No,2010,VOLKSWAGEN,39.059437,-76.99648783,Golf_Volkswagen,11,2025,9,28,11,Sunday,2025-09-28,39
1874,MCP304800FJ,250043934,Montgomery_County_Police,Property Damage Crash,2025-09-30 09:14:00,Ramp_Route,RAMP 6 FR RAMP 3 (FR IS495) TO MD 185 SB,HIGHLAND DR,Sideswipe (Same Direction),Lane Violation,Rain,Wet,Daylight,No Control,None Detected,1148F235-01CB-4B5D-A415-62096DA35214,MD,9A2FDDD7-3683-4F30-A953-8E83518D0B54,VehicleNotAtScene,PassengerCar,ChangingLanes,Southbound,35.0,No,No,2014,TOYOTA,39.00344508,-77.07752221,Camry_Toyota,9,2025,9,30,9,Tuesday,2025-09-30,40
1875,MCP283200C7,250043953,Montgomery_County_Police,Property Damage Crash,2025-09-30 12:18:00,Maryland_State_Route,BRADLEY LA,SHAW AVE E,Head-On,Lane Violation,Cloudy,Dry,Daylight,No Control,None Detected,C21837B7-F854-458D-8AC3-564754C52A4F,MD,13427C78-9D35-4546-AA43-0EDC1C97BC56,Six O Clock,PassengerCar,StoppedInTrafficLane,Eastbound,25.0,No,No,2019,TOYOTA,38.97669431,-77.07735594,C-HR_Toyota,12,2025,9,30,12,Tuesday,2025-09-30,40
1876,DD57040002,250043203,Rockville_Police_Department,Property Damage Crash,2025-09-25 17:52:00,Maryland_State_Route,ROCKVILLE PIKE (SB/L),WILSON DR,Other,Right-of-Way Violation,Clear,Dry,Daylight,No Control,None Detected,2E088670-1ED6-454F-8F3C-1AEE95C7B62A,MD,E6ECA82E-716A-40D4-9ABC-599993B25941,Four O Clock,PassengerCar,MakingLeftTurn,North,35.0,No,No,2022,HONDA,39.07539889,-77.13716258,Insight_Honda,17,2025,9,25,17,Thursday,2025-09-25,39
1877,MCP304800FJ,250043934,Montgomery_County_Police,Property Damage Crash,2025-09-30 09:14:00,Ramp_Route,RAMP 6 FR RAMP 3 (FR IS495) TO MD 185 SB,FALLS CHAPEL WAY,Sideswipe (Same Direction),Lane Violation,Rain,Wet,Daylight,No Control,None Detected,D2F87B51-1C56-4B19-B84B-7547265DDA13,MD,E1C25300-7D43-4ACC-A0A7-1232574627D8,Seven O Clock,PassengerCar,MovingConstantSpeed,Southbound,35.0,No,No,2012,HYUNDAI,39.00344508,-77.07752221,Tucson_Hyundai,9,2025,9,30,9,Tuesday,2025-09-30,40
1878,MCP22310090,250043798,Montgomery_County_Police,Property Damage Crash,2025-09-29 14:12:00,Interstate_Route,IS 270 LOCAL LANES (NB),E GUDE DR,Sideswipe (Same Direction),Lane Violation,Cloudy,Dry,Daylight,No Control,None Detected,A2D80CBA-E3E5-48D7-9F04-27A2DBAB7BA4,MD,7B403162-0F48-4B46-B6F0-C2EE377947F0,Nine O Clock,VanCargo,MovingConstantSpeed,Northbound,55.0,No,No,2014,FORD,39.11861247,-77.19558539,F-550_Ford,14,2025,9,29,14,Monday,2025-09-29,40
1879,MCP2780008R,250044019,Montgomery_County_Police,Property Damage Crash,2025-09-30 18:00:00,US_State_Route,MONTGOMERY VILLAGE AVE,ALLEY,Rear vs Side,Driver Inattention,Clear,Dry,Daylight,Traffic Signal,None Detected,8898FD3B-F9B3-4A37-9126-B54D766008E1,MD,471FA8CE-E485-4E36-9762-E8435C89E9C9,Three O Clock,PassengerCar,StoppedInTrafficLane,Unknown,2.5,No,No,2025,SUBARU,39.22676098,-77.28801997,Forester_Subaru,18,2025,9,30,18,Tuesday,2025-09-30,40
1880,MCP2314004X,250043386,Montgomery_County_Police,Property Damage Crash,2025-09-26 17:44:00,County_Route,ANGUS PL,SHOP CTR CUT THRU CUT TUCKERMAN LA TUCKERMAN LA (EB/L),Angle Collision,Road Obstruction,Cloudy,Dry,Daylight,Traffic Signal,None Detected,7E51CB23-646A-4278-B292-42D4D016B4E9,MD,E3D12D7E-E3F8-4133-B30E-6296B430CB17,Twelve O Clock,PassengerCar,MovingConstantSpeed,South,35.0,No,No,2003,HONDA,39.04005683,-77.15732467,Accord_Honda,17,2025,9,26,17,Friday,2025-09-26,39
1881,MCP26410058,250043128,Montgomery_County_Police,Injury Crash,2025-09-25 11:45:00,Maryland_State_Route,UNIVERSITY BLVD W (WB/L),GOSHEN RD,Rear-End (Same Direction),Tailgating,Rain,Wet,Daylight,No Control,None Detected,CCB205AC-F2E1-43C3-B120-FB7FC7FA512D,MD,4EF84CED-BE33-44D5-BFBD-B6ADA85802BA,Twelve O Clock,PassengerCar,SlowingOrStopping,Westbound,30.0,No,No,2002,FORD,39.03637047,-77.06279431,E-Series_Ford,11,2025,9,25,11,Thursday,2025-09-25,39
1882,DD56740022,250043375,Rockville_Police_Department,Property Damage Crash,2025-09-26 16:32:00,Maryland_State_Route,ROCKVILLE PIKE (SB/L),GAYNOR RD,Rear-End (Same Direction),Tailgating,Clear,Dry,Daylight,No Control,None Detected,21F32AE2-95DD-4B42-9845-34DBFCDB3B18,VA,CE3030A7-00CF-4200-BB33-D695E28859E2,Five O Clock,PassengerCar,Accelerating,Southbound,35.0,No,No,2020,HYUNDAI,39.06133162,-77.12365471,Tucson_Hyundai,16,2025,9,26,16,Friday,2025-09-26,39
1883,MCP3067003H,250043630,Montgomery_County_Police,Injury Crash,2025-09-28 12:50:00,County_Route,CASHELL RD,ALLISTON HOLLOW WAY STATION27 DR,Rear-End (Same Direction),Congestion / Backup,Clear,Dry,Daylight,Other Signal,None Detected,075B1AB0-189D-4F4A-AB0A-D6B9F552DD4D,MD,AD19E5A7-6544-4324-AC3F-597B557F0EA1,Six O Clock,PassengerCar,StoppedInTrafficLane,Southbound,35.0,No,No,2014,JEEP,39.1767076,-77.17901757,Grand Cherokee_Jeep,12,2025,9,28,12,Sunday,2025-09-28,39
1884,MCP26410058,250043128,Montgomery_County_Police,Injury Crash,2025-09-25 11:45:00,Maryland_State_Route,UNIVERSITY BLVD W (WB/L),WILSON LA,Rear-End (Same Direction),Tailgating,Rain,Wet,Daylight,No Control,None Detected,AA97A1DF-3136-432D-9268-4452C80FD09F,MD,6155A262-FB34-4CFE-8878-8012D795784C,Six O Clock,PassengerCar,SlowingOrStopping,Westbound,30.0,No,No,2019,FORD,39.03637047,-77.06279431,F-150_Ford,11,2025,9,25,11,Thursday,2025-09-25,39
1885,MCP23470061,250042920,Montgomery_County_Police,Property Damage Crash,2025-09-24 09:26:00,Maryland_State_Route,NEW HAMPSHIRE AVE (SB/L),CENTRAL AVE,Sideswipe (Same Direction),Right-of-Way Violation,Clear,Dry,Daylight,No Control,None Detected,3360A2F5-9BC6-4A05-818B-0CA5F7B6905A,MD,B491DF34-8150-4A45-9695-743F6A64B915,Eleven O Clock,PassengerCar,MakingRightTurn,Southbound,40.0,No,No,2014,HONDA,39.03710431,-76.98947372,Civic_Honda,9,2025,9,24,9,Wednesday,2025-09-24,39
1886,MCP3211003W,250043264,Montgomery_County_Police,Injury Crash,2025-09-26 07:54:00,Other_Public_Roadway,WIMS RD,ROCKVILLE PIKE,Single Vehicle,Driver Inattention,Clear,Dry,Daylight,No Control,None Detected,CC4964BF-8CB1-4F02-91C3-E03B4DEEA985,MD,975620E7-EE6B-469E-8CAD-D59E17438BA9,NonCollision,PassengerCar,Accelerating,Eastbound,25.0,No,No,2023,TOYOTA,39.22618536,-77.2640231,Sienna_Toyota,7,2025,9,26,7,Friday,2025-09-26,39
1887,MCP2507002N,250043807,Montgomery_County_Police,Property Damage Crash,2025-09-29 15:13:00,County_Route,SMOKETREE RD,POSTOAK RD,Head-On,Right-of-Way Violation,Clear,Dry,Daylight,Stop Sign,None Detected,E36DA32A-0F5E-47EA-B087-91832C425891,MD,A6D432EF-ED88-453C-A397-855960E76D21,One O Clock,SportUtilityVehicle,EnteringTrafficLane,Northbound,25.0,No,No,2015,TOYOTA,39.05248917,-77.165077,Camry_Toyota,15,2025,9,29,15,Monday,2025-09-29,40
1888,MCP2987009V,250043380,Montgomery_County_Police,Property Damage Crash,2025-09-26 16:59:00,US_State_Route,COLUMBIA PIKE,BARN RIDGE DR,Sideswipe (Same Direction),Tailgating,Clear,Dry,Daylight,No Control,None Detected,9EAE805F-9C95-4FE5-B550-9E9E34DD676D,MD,C2E138A9-D951-4D60-9D57-58571AE86EFB,Four O Clock,PassengerCar,SlowingOrStopping,Northbound,50.0,No,No,2023,TOYOTA,39.05536334,-76.97238146,Camry_Toyota,16,2025,9,26,16,Friday,2025-09-26,39
1889,MCP34550013,250043338,Montgomery_County_Police,Property Damage Crash,2025-09-26 15:19:00,County_Route,INWOOD AVE,S GLEN RD,Single Vehicle,Driver Inattention,Clear,Dry,Daylight,No Control,None Detected,5501A65E-2D38-4063-92FC-4BB1114824FF,MD,3F19059C-F72D-4C69-AA64-C4EC040E6F6D,One O Clock,PassengerCar,MovingConstantSpeed,Southbound,25.0,No,No,2018,VOLKSWAGEN,39.02783317,-77.03552867,Tiguan_Volkswagen,15,2025,9,26,15,Friday,2025-09-26,39
1890,MCP2717010M,250043584,Montgomery_County_Police,Property Damage Crash,2025-09-28 04:15:00,County_Route,NO NAME,GRUBB RD,Single Vehicle,Road Obstruction,Clear,Dry,Dark - Lighted,Traffic Signal,None Detected,1C0AE93A-4648-495D-9331-A0A94346FCF6,MD,9D3A8BD6-F101-476A-A24D-22CBC1D2B749,Twelve O Clock,SportUtilityVehicle,MovingConstantSpeed,West,35.0,No,No,2011,TESLA,38.99376583,-77.0518205,Model Y_Tesla,4,2025,9,28,4,Sunday,2025-09-28,39
1891,MCP3201008C,250043449,Montgomery_County_Police,Injury Crash,2025-09-27 06:31:00,County_Route,HOWARD CHAPEL RD,DUVALL LA,Single Vehicle,Lane Violation,Clear,Dry,Dark - Not Lighted,No Control,None Detected,3A97EA4F-7440-4E9B-9A6F-AAB13E14FDDF,MD,A306CBAA-775B-489D-BB2D-2C3FBCC0AAE5,Twelve O Clock,PickupTruck,MovingConstantSpeed,Northbound,35.0,No,No,2017,CHEVROLET,39.23627333,-77.07188,Colorado_Chevrolet,6,2025,9,27,6,Saturday,2025-09-27,39
1892,MCP2298018N,250043275,Montgomery_County_Police,Property Damage Crash,2025-09-26 09:27:00,Municipality_Route,YALE PL,LINDELL ST,Sideswipe (Same Direction),Lane Violation,Clear,Dry,Daylight,No Control,None Detected,F711E12A-9528-4E1D-8507-8D95D3CB7DC7,MD,DD711CBD-368C-4564-89D2-10FD950AC42D,Ten O Clock,SchoolBus,MakingLeftTurn,Northbound,25.0,No,No,2019,FORD,39.10316393,-77.16210487,F-150_Ford,9,2025,9,26,9,Friday,2025-09-26,39
1893,MCP2776005D,250042482,Montgomery_County_Police,Property Damage Crash,2025-09-21 10:28:00,County_Route,GOLD MINE RD,GEORGIA AVE GEORGIA AVE (SB/L),Angle Collision,Traffic Control Violation,Cloudy,Dry,Daylight,Traffic Signal,None Detected,BDB6AB0C-F652-451B-93A2-4DF8ACE7B114,MD,F6A49AFF-EFC5-45AC-AB79-7781A79C3C5D,Twelve O Clock,SportUtilityVehicle,SlowingOrStopping,Northbound,40.0,No,No,2016,MAZDA,39.17203379,-77.05916909,CX-5_Mazda,10,2025,9,21,10,Sunday,2025-09-21,38
1894,MCP2102004Y,250041575,Montgomery_County_Police,Property Damage Crash,2025-09-16 07:51:00,County_Route,WARFIELD RD,LAYTON RIDGE DR,Sideswipe (Same Direction),Right-of-Way Violation,Clear,Dry,Daylight,Stop Sign,None Detected,6C38B66D-25AF-4DC8-BF30-8E02C528579E,MD,6ADD859A-CFA2-4C8B-80F6-41EFB180A6AB,Two O Clock,PassengerCar,MakingLeftTurn,Southbound,30.0,No,No,2014,KIA,39.19679667,-77.14696167,Forte_Kia,7,2025,9,16,7,Tuesday,2025-09-16,38
1895,MCP292300FB,250043136,Montgomery_County_Police,Property Damage Crash,2025-09-25 12:37:00,County_Route,ARCOLA AVE,HERMITAGE AVE,Head-On,Right-of-Way Violation,Rain,Wet,Daylight,Stop Sign,None Detected,AD3A4F28-A831-423D-AC95-8F5275AFD26B,MD,C1310683-E49C-4E64-AD7B-8E28ACB2EEA0,Eleven O Clock,PassengerCar,Accelerating,East,15.0,No,No,2019,DODGE,39.04712452,-77.05058614,Charger_Dodge,12,2025,9,25,12,Thursday,2025-09-25,39
1896,MCP3433000Q,250043077,Montgomery_County_Police,Property Damage Crash,2025-09-25 06:23:00,Ramp_Route,RAMP 6 FR BRIGGS CHANEY RD TO US 29 SB,BARLEYCORN WAY,Single Vehicle,Speed Related,Rain,Wet,Daylight,No Control,None Detected,DB70FA55-B63C-4CA0-AC0F-3CAC905CFC60,MD,BD7BAFAB-4E3F-4015-8690-284CC3F4D5A1,Twelve O Clock,PassengerCar,MakingRightTurn,Southbound,25.0,No,No,2004,HONDA,39.08466117,-76.94838783,Accord_Honda,6,2025,9,25,6,Thursday,2025-09-25,39
1898,MCP312900DL,250043734,Montgomery_County_Police,Property Damage Crash,2025-09-29 08:08:00,County_Route,GRENOBLE DR,PARKLAND DR,Angle Collision,Right-of-Way Violation,Cloudy,Dry,Daylight,No Control,None Detected,2FC74553-2FB9-4AFE-8FE8-0EFF9AF235A2,MD,7563ECA5-AF6D-4B66-8EAE-5F738769A4EE,VehicleNotAtScene,PickupTruck,MovingConstantSpeed,South,25.0,No,No,2024,HONDA,39.07822267,-77.08702283,Civic_Honda,8,2025,9,29,8,Monday,2025-09-29,40
1899,MCP32630058,250043896,Montgomery_County_Police,Property Damage Crash,2025-09-30 06:45:00,County_Route,DEMOCRACY BLVD (EB/L),RAMP 1 FR RP 4 EB TO DEMOCRACY BLVD,Head-On,Weather Related,Rain,Wet,Dark - Lighted,Traffic Signal,None Detected,A7DD2510-9F26-4EF8-B442-8965F7517A4E,MD,325C91D3-935B-4D19-9582-F1D54DAC28FC,One O Clock,PassengerCar,MovingConstantSpeed,North,35.0,No,No,2019,SUBARU,39.02150383,-77.14107417,Forester_Subaru,6,2025,9,30,6,Tuesday,2025-09-30,40
1900,MCP3445000Z,250043184,Montgomery_County_Police,Injury Crash,2025-09-25 16:04:00,County_Route,TOWNE RD,MONTROSE PKWY (WB/L),Angle Collision,Road Obstruction,Clear,Dry,Daylight,Traffic Signal,None Detected,4143773F-BA8C-4DF6-9617-89BAF5CEF92E,MD,0B3A7610-9738-47C0-990C-6F74AD142B94,One O Clock,PassengerCar,MakingRightTurn,West,35.0,No,No,2016,TOYOTA,39.0519725,-77.11848233,RAV4_Toyota,16,2025,9,25,16,Thursday,2025-09-25,39
1902,MCP2159003N,250043740,Montgomery_County_Police,Injury Crash,2025-09-29 08:55:00,Maryland_State_Route,FREDERICK RD,SHAKESPEARE BLVD,Single Vehicle,Driver Inattention,Cloudy,Dry,Daylight,No Control,None Detected,6BAA8518-622E-4E17-A1F8-D3743CA154A0,MD,6EEF0E78-3E51-4D87-A70B-6EAA79A6FC81,One O Clock,PassengerCar,MovingConstantSpeed,Southbound,50.0,No,No,2023,VOLKSWAGEN,39.2558236,-77.30202471,Jetta_Volkswagen,8,2025,9,29,8,Monday,2025-09-29,40
1903,MCP29390085,250043255,Montgomery_County_Police,Property Damage Crash,2025-09-26 06:00:00,Maryland_State_Route,RIDGE RD,SNOWDEN FARM PKW (WB/L)Y,Single Vehicle,Speed Related,Clear,Wet,Dark - Not Lighted,Traffic Signal,None Detected,99A091F7-81D1-4034-AFA9-FC5B25F1A7D0,MD,BFE0BBA7-DA8C-40F7-B27A-1F69C7856C7E,Twelve O Clock,Other,MovingConstantSpeed,Northbound,40.0,No,No,2015,TOYOTA,39.21629633,-77.238835,Corolla_Toyota,6,2025,9,26,6,Friday,2025-09-26,39
1904,MCP33720043,250043812,Montgomery_County_Police,Property Damage Crash,2025-09-29 15:44:00,Maryland_State_Route,GEORGIA AVE (SB/L),LYTTONSVILLE PL,Rear-End (Same Direction),Tailgating,Clear,Dry,Daylight,No Control,None Detected,1E41127A-E2E3-48FC-8EB2-653C240E3A3B,MD,9C862100-5C4E-4115-A67D-72349B3F9767,Twelve O Clock,PassengerCar,MovingConstantSpeed,Northbound,35.0,No,No,2020,DODGE,39.07899517,-77.07297283,Challenger_Dodge,15,2025,9,29,15,Monday,2025-09-29,40
1905,MCP3423002D,250043613,Montgomery_County_Police,Property Damage Crash,2025-09-28 11:51:00,County_Route,BRANTFORD AVE,SPUR FR MD 124,Sideswipe (Opposite Direction),Lane Violation,Clear,Dry,Daylight,No Control,None Detected,C6015727-9F95-44E8-AA51-4739DD175190,MD,9BFC5713-D3D0-4808-80CB-0E66AF08BDCC,Twelve O Clock,PassengerCar,MovingConstantSpeed,Eastbound,25.0,No,No,2011,FORD,39.059437,-76.99648783,F-150_Ford,11,2025,9,28,11,Sunday,2025-09-28,39
1906,MCP3067003H,250043630,Montgomery_County_Police,Injury Crash,2025-09-28 12:50:00,County_Route,MIDDLEBROOK RD,ALLISTON HOLLOW WAY STATION27 DR,Rear-End (Same Direction),Congestion / Backup,Clear,Dry,Daylight,Other Signal,None Detected,C7C15080-BD89-4CA2-9985-E011060B9094,MD,A38B5B06-F7C6-4900-9776-6FC7CA8FEEB2,Six O Clock,PassengerCar,StoppedInTrafficLane,Southbound,35.0,No,No,2014,HYUNDAI,39.1767076,-77.17901757,Sonata_Hyundai,12,2025,9,28,12,Sunday,2025-09-28,39
1907,MCP3407001M,250042974,Montgomery_County_Police,Property Damage Crash,2025-09-24 14:28:00,Maryland_State_Route,GERMANTOWN RD (SB/L),CLOPPER RD,Angle Collision,Traffic Control Violation,Cloudy,Dry,Daylight,Traffic Signal,None Detected,DA960978-EBF3-4390-9ED4-D2CBA1665478,MD,F34BF7D2-4E89-49ED-A958-2D1D0B87A6FF,Two O Clock,PassengerCar,MovingConstantSpeed,Southbound,40.0,No,No,2021,NISSAN,39.16274726,-77.28313921,Rogue Sport_Nissan,14,2025,9,24,14,Wednesday,2025-09-24,39
1908,MCP29890038,250042582,Montgomery_County_Police,Property Damage Crash,2025-09-22 08:06:00,County_Route,GLEN RD,FALLS RD,Rear vs Side,Passing / Turning,Clear,Dry,Daylight,Traffic Signal,None Detected,20BEFB56-98A5-46E1-9235-3B0B151A6E88,MD,997FDDC9-2073-4DA6-AEA2-BDC5D2F2BEE4,One O Clock,SchoolBus,MakingRightTurn,Eastbound,35.0,No,No,2018,FORD,39.04609308,-77.19147799,Explorer_Ford,8,2025,9,22,8,Monday,2025-09-22,39
1909,DD5604005Q,250042634,Rockville_Police_Department,Property Damage Crash,2025-09-22 13:10:00,Municipality_Route,N WASHINGTON ST,A ST,Angle Collision,Traffic Control Violation,Clear,Dry,Daylight,Traffic Signal,None Detected,51777EAB-4BD6-4FEB-B339-ADF7EC1CE0DC,MD,96D814B6-5065-402B-AC37-8CC6652B1D21,Ten O Clock,PassengerCar,MovingConstantSpeed,South,35.0,No,No,2022,BMW,39.09190684,-77.15318941,5 Series_BMW,13,2025,9,22,13,Monday,2025-09-22,39