Unnamed: 0,Report Number,Local Case Number,Agency Name,ACRS Report Type,Crash Date/Time,Route Type,Road Name,Cross-Street Name,Collision Type,Circumstance_Category,Weather,Surface Condition,Light,Traffic Control,Driver Substance Abuse,Person ID,Drivers License State,Vehicle ID,Vehicle First Impact Location,Vehicle Body Type,Vehicle Movement,Vehicle Going Dir,Speed Limit,Driverless Vehicle,Parked Vehicle,Vehicle Year,Vehicle Make,Latitude,Longitude,Vehicle Model,hour,Crash_year,Crash_month,Crash_day,Crash_hour,Crash_day_name,Crash_date,Crash_week
1910,MCP3396002H,250042700,Montgomery_County_Police,Injury Crash,2025-09-22 18:30:00,Maryland_State_Route,GEORGIA AVE,WEISMAN RD,Angle Collision,Right-of-Way Violation,Clear,Dry,Daylight,Traffic Signal,None Detected,6AC56F85-E2D4-41FE-A87E-2966386C453E,MD,2799DEE5-06D7-4F78-A67F-0E88BBCB1137,Nine O Clock,PassengerCar,EnteringTrafficLane,West,30.0,No,No,2019,LEXUS,39.05261233,-77.05106317,RX 350_Lexus,18,2025,9,22,18,Monday,2025-09-22,39
1911,MCP32400043,250043252,Montgomery_County_Police,Injury Crash,2025-09-26 05:11:00,Ramp_Route,RAMP 5 FR RAMP 8 TO FATHER HURLEY BLVD,FATHER HURLEY BLVD,Rear vs Side,Right-of-Way Violation,Clear,Wet,Dark - Lighted,Traffic Signal,None Detected,E53A06DA-D166-49FE-95C1-23BB635742B8,WV,CDD7A092-6684-4668-86BA-52F5532BCC0A,Nine O Clock,PassengerCar,Accelerating,Eastbound,30.0,No,No,2009,LINCOLN,39.19661274,-77.26553356,Town Car_Lincoln,5,2025,9,26,5,Friday,2025-09-26,39
1912,DD57040003,250043212,Rockville_Police_Department,Property Damage Crash,2025-09-25 18:52:00,Maryland_State_Route,FREDERICK RD,DALEWOOD DR,Other,Right-of-Way Violation,Clear,Dry,Daylight,Traffic Signal,None Detected,3A5A878C-0F05-433F-BBD1-ED737C1A654B,MD,92B020AD-C14C-443B-A3CD-0CE9A51125A5,Twelve O Clock,PassengerCar,MakingLeftTurn,Southbound,35.0,No,No,2002,MERCEDES-BENZ,39.11919816,-77.17182588,C-Class_Mercedes-Benz,18,2025,9,25,18,Thursday,2025-09-25,39
1913,MCP2351006G,250043964,Montgomery_County_Police,Property Damage Crash,2025-09-30 13:13:00,County_Route,E GUDE DR (WB/L),DILSTON RD,Other,Right-of-Way Violation,Cloudy,Dry,Daylight,No Control,None Detected,7A580242-E387-46B5-99DA-C2C572A3B0FF,MD,E3525ADA-9411-468C-B6BC-CE72EDD22429,Twelve O Clock,PassengerCar,MovingConstantSpeed,Westbound,40.0,No,No,2013,HYUNDAI,39.09926598,-77.13854225,Accent_Hyundai,13,2025,9,30,13,Tuesday,2025-09-30,40
1914,DD5686000V,250043229,Rockville_Police_Department,Property Damage Crash,2025-09-25 21:09:00,Municipality_Route,MANNAKEE ST,SHAKESPEARE BLVD,Sideswipe (Opposite Direction),Traffic Control Violation,Clear,Dry,Dark - Lighted,Traffic Signal,None Detected,D9D0C500-DA32-423D-A6E0-BDBD8893C1C2,MD,8CB2AE79-20FF-48E6-867F-2235395A7AA4,Twelve O Clock,PassengerCar,MovingConstantSpeed,Southbound,25.0,No,No,2020,AUDI,39.09645383,-77.153426,A4_Audi,21,2025,9,25,21,Thursday,2025-09-25,39
1915,MCP2921005S,250043539,Montgomery_County_Police,Injury Crash,2025-09-27 19:13:00,Other_Public_Roadway,DRUM CASTLE WAY,BRANDERMILL DR,Rear vs Side,Right-of-Way Violation,Clear,Dry,Dark - Lighted,Stop Sign,None Detected,8729FE58-D44A-4A68-9755-7C993DFCFDF0,MD,F24193ED-B3F4-4411-96B3-30C327989628,Eight O Clock,PassengerCar,MakingLeftTurn,West,25.0,No,No,2017,GMC,39.19085652,-77.23934586,Terrain_GMC,19,2025,9,27,19,Saturday,2025-09-27,39
1916,MCP3374003N,250043253,Montgomery_County_Police,Injury Crash,2025-09-26 05:40:00,Ramp_Route,RAMP 1 FR MD 187 NB TO RAMP 8 (TO IS495),OLD GEORGETOWN RD (SB/L) RAMP 7 FR RAMP 2 (FR IS495) TO MD 187 SB,Angle Collision,Right-of-Way Violation,Clear,Dry,Dark - Lighted,Traffic Signal,None Detected,6A01E7CC-F516-4E19-8B38-E5745212BB91,MD,ADB1F5C4-3F51-4A41-AF06-73FBC2B79543,VehicleNotAtScene,PickupTruck,MakingLeftTurn,West,35.0,No,No,2023,FORD,39.01648542,-77.11970352,Mustang_Ford,5,2025,9,26,5,Friday,2025-09-26,39
1917,MCP9430000D,250043100,Montgomery_County_Police,Property Damage Crash,2025-09-25 08:49:00,Private_Route,FREDERICK RD (SB/L),CHOKE CHERRY RD,Rear-End (Same Direction),Backing Error,Rain,Wet,Daylight,No Control,None Detected,79957F7D-35A1-4CEC-A803-55F0EC1E6D68,MD,0E20ECB9-FAEE-4198-B91B-280D93242C7D,Six O Clock,SchoolBus,Backing,Eastbound,15.0,No,No,2024,FORD,39.01880687,-77.12813804,F-150_Ford,8,2025,9,25,8,Thursday,2025-09-25,39
1918,MCP34080022,250043456,Montgomery_County_Police,Property Damage Crash,2025-09-27 09:30:00,County_Route,GARWOOD ST,FRANKLIN AVE,Angle Collision,Lane Violation,Clear,Dry,Daylight,No Control,None Detected,96610778-F89C-453A-BAF5-D80FC812F63A,DC,BB3C4564-BCC5-4AEF-B7C2-853EB8126398,Nine O Clock,PassengerCar,MovingConstantSpeed,Westbound,25.0,No,No,2019,JEEP,39.011747,-77.00371783,Wrangler_Jeep,9,2025,9,27,9,Saturday,2025-09-27,39
1919,DD5671001C,250043217,Rockville_Police_Department,Property Damage Crash,2025-09-24 12:27:00,Maryland_State_Route,FREDERICK RD,ALLEY #3,Single Vehicle,Driver Inattention,Clear,Dry,Daylight,No Control,None Detected,38DB8B8D-D3C8-49E0-B886-8525A2305133,MD,73194687-4000-462D-BD2E-ECBC41C94A08,NonCollision,PassengerCar,SlowingOrStopping,Unknown,2.5,No,No,2012,TOYOTA,39.05848292,-77.1214889,Prius_Toyota,12,2025,9,24,12,Wednesday,2025-09-24,39
1920,MCP2776005F,250043287,Montgomery_County_Police,Property Damage Crash,2025-09-26 11:13:00,County_Route,GOLD MINE RD,GEORGIA AVE GEORGIA AVE (SB/L),Angle Collision,Traffic Control Violation,Clear,Dry,Daylight,Traffic Signal,None Detected,DCB01210-C677-421F-B28D-FD3B9C3B85E9,MD,2AA2EEF3-3412-4128-B3C0-C20B6F6BF42E,Twelve O Clock,PassengerCar,MovingConstantSpeed,Northbound,40.0,No,No,2010,BMW,39.17190567,-77.059138,3 Series_BMW,11,2025,9,26,11,Friday,2025-09-26,39
1921,MCP3067003J,250043761,Montgomery_County_Police,Property Damage Crash,2025-09-29 11:00:00,County_Route,SNOUFFERS SCHOOL RD,RAMP 7 FR FATHER HURLEY BLVD TO IS270 SB,Single Vehicle,Driver Inattention,Clear,Dry,Daylight,No Control,None Detected,38F0E112-1FB6-4353-9312-917E44D29A7D,VA,F7F604F1-A0BA-4B42-BAD8-3219E576F6B5,Twelve O Clock,PassengerCar,MovingConstantSpeed,Northbound,40.0,No,No,2014,FORD,39.17062854,-77.17721447,Escape_Ford,11,2025,9,29,11,Monday,2025-09-29,40
1922,MCP2905007F,250043604,Montgomery_County_Police,Property Damage Crash,2025-09-28 10:15:00,Maryland_State_Route,BLUERIDGE AVE,SHADY GROVE RD,Rear-End (Same Direction),Congestion / Backup,Clear,Dry,Daylight,No Control,None Detected,EF870B96-A4A1-4299-9826-DA80C294E4F7,DC,0FF23A35-257D-4ED5-8741-894C3A1CCD49,Six O Clock,SportUtilityVehicle,StoppedInTrafficLane,Northbound,35.0,No,No,2025,VOLKSWAGEN,39.02450083,-77.21823867,Atlas Cross Sport_Volkswagen,10,2025,9,28,10,Sunday,2025-09-28,39
1923,MCP289200J6,250044044,Montgomery_County_Police,Injury Crash,2025-09-30 21:16:00,County_Route,FRANKLIN AVE,CRYSTAL ROCK DR,Rear-End (Same Direction),Tailgating,Clear,Dry,Dark - Lighted,No Control,None Detected,D3995055-A811-4DBB-BDFB-F760A7FAB6B7,MD,1FC47381-1731-4CDE-81EB-8584D704CC6C,Six O Clock,PassengerCar,StoppedInTrafficLane,Eastbound,30.0,No,No,2018,NISSAN,39.00854726,-77.01750423,Sentra_Nissan,21,2025,9,30,21,Tuesday,2025-09-30,40
1924,MCP2738005Q,250042558,Montgomery_County_Police,Property Damage Crash,2025-09-21 23:15:00,Local_Route,CASTLE BLVD,DEERCREST LA,Other,Lane Violation,Clear,Dry,Dark - Lighted,No Control,Suspect Alcohol Only,BBEDA7B5-5106-4E57-B29F-3ACDC17FAF92,MD,576056BE-41B7-40A6-8C53-1EA55DA56237,Twelve O Clock,PassengerCar,MovingConstantSpeed,Eastbound,5.0,No,No,2004,LINCOLN,39.08610613,-76.93994747,Navigator_Lincoln,23,2025,9,21,23,Sunday,2025-09-21,38
1925,MCP3362006C,250043595,Montgomery_County_Police,Property Damage Crash,2025-09-28 08:28:00,County_Route,LANARK WAY,COLESVILLE RD,Head-On,Right-of-Way Violation,Clear,Wet,Daylight,Traffic Signal,None Detected,46E0B739-0262-430D-837D-D0C199D2464E,MD,86B28226-CE70-4AB5-9B0E-BA2C30752131,Eleven O Clock,PassengerCar,MakingLeftTurn,Eastbound,25.0,No,No,2022,HYUNDAI,39.01857434,-77.01435029,Elantra_Hyundai,8,2025,9,28,8,Sunday,2025-09-28,39
1926,DM85240019,250043531,Takoma_Park_Police_Department,Injury Crash,2025-09-27 19:17:00,Maryland_State_Route,NEW HAMPSHIRE AVE (SB/L),GLENSIDE DR,Angle Collision,Weather Related,Rain,Wet,Dark - Lighted,Traffic Signal,None Detected,20B0F06E-D7C4-4818-8317-65E353888437,MD,EF9E7808-8A07-467B-8F2C-BD46DA98726B,Twelve O Clock,PassengerCar,MovingConstantSpeed,South,30.0,No,No,2025,TOYOTA,38.98164863,-76.98899338,Camry_Toyota,19,2025,9,27,19,Saturday,2025-09-27,39
1927,DD5680001R,250044034,Rockville_Police_Department,Property Damage Crash,2025-09-30 20:05:00,Municipality_Route,MT VERNON PL,ROCKVILLE PIKE (SB/L),Angle Collision,Surface Condition,Clear,Dry,Dark - Lighted,No Control,None Detected,80EB7579-EEB8-4E09-B2F1-EDB641CB10C9,MD,FD4E9CC7-F667-40A5-AE5F-ED0C2DBECA77,Twelve O Clock,PassengerCar,MovingConstantSpeed,South,25.0,No,No,2015,HONDA,39.07883352,-77.14200604,Accord_Honda,20,2025,9,30,20,Tuesday,2025-09-30,40
1928,MCP34110030,250043435,Montgomery_County_Police,Property Damage Crash,2025-09-27 00:17:00,Maryland_State_Route,EAST WEST HWY,FREDERICK RD,Sideswipe (Same Direction),Lane Violation,Clear,Dry,Dark - Lighted,Traffic Signal,None Detected,01CB1EB3-5B14-4DEE-B9BD-7C28DFCA83E2,MD,30C11EA1-5889-4E76-B460-508FD7977A7B,Five O Clock,TransitBus,StoppedInTrafficLane,Eastbound,35.0,No,No,2023,LINCOLN,38.99447533,-77.03649513,Town Car_Lincoln,0,2025,9,27,0,Saturday,2025-09-27,39
1929,MCP2507002N,250043807,Montgomery_County_Police,Property Damage Crash,2025-09-29 15:13:00,County_Route,SMOKETREE RD,POSTOAK RD,Head-On,Lane Violation,Clear,Dry,Daylight,No Control,None Detected,5E3CC0E6-8EBF-40E8-BB33-0E489CF4F387,MD,768AB6AF-FDF1-423C-8842-8AFC3C6DD656,Eleven O Clock,PassengerCar,MovingConstantSpeed,Westbound,25.0,No,No,2020,BMW,39.05248917,-77.165077,3 Series_BMW,15,2025,9,29,15,Monday,2025-09-29,40
1930,MCP3050006Z,250042702,Montgomery_County_Police,Injury Crash,2025-09-22 18:25:00,County_Route,PIPING ROCK DR,NEW HAMPSHIRE AVE,Angle Collision,Right-of-Way Violation,Clear,Dry,Dark - Lighted,Stop Sign,None Detected,1BBC4750-88F9-4E44-AA05-66E89F920245,MD,CF9F7FBE-8C62-48AF-92A6-CC3F0516FE84,Nine O Clock,PickupTruck,MakingLeftTurn,Westbound,45.0,No,No,2016,TOYOTA,39.09690383,-77.00235933,Tacoma_Toyota,18,2025,9,22,18,Monday,2025-09-22,39
1932,MCP20160095,250043922,Montgomery_County_Police,Property Damage Crash,2025-09-30 07:00:00,County_Route,ADELPHI RD (WB/L),HAWKINS CREAMERY RD,Sideswipe (Same Direction),Passing / Turning,Clear,Dry,Dawn,Traffic Signal,None Detected,A42F2611-1AF2-44C0-97B3-7D81BDD38D9B,MD,23C79063-FD4A-4CDF-A599-7B039082551A,Five O Clock,PassengerCar,MakingRightTurn,Southbound,40.0,No,No,2020,TOYOTA,39.01141419,-76.97879454,RAV4_Toyota,7,2025,9,30,7,Tuesday,2025-09-30,40
1933,MCP137801DG,250042254,Montgomery_County_Police,Property Damage Crash,2025-09-19 16:49:00,Maryland_State_Route,QUINCE ORCHARD RD (SB/L),RANDOLPH RD,Rear-End (Same Direction),Tailgating,Clear,Dry,Daylight,No Control,None Detected,07C465D3-F87A-42E2-926D-B288D21669E8,MD,094BAD5D-F91E-4935-B135-DAA9CFA9196D,Seven O Clock,TransitBus,SlowingOrStopping,Southbound,35.0,No,No,2014,BMW,39.12058383,-77.250733,3 Series_BMW,16,2025,9,19,16,Friday,2025-09-19,38
1934,MCP26220057,250043075,Montgomery_County_Police,Property Damage Crash,2025-09-25 06:34:00,US_State_Route,COLUMBIA PIKE,RAMP 11 FR IS 495 SB TO IS 495X SB,Rear-End (Same Direction),Congestion / Backup,Rain,Wet,Dawn,No Control,None Detected,DF520402-BE80-45B1-9528-6CFC9FA63AA3,MD,8C10840C-408A-43C0-B24E-C9389244BD06,Six O Clock,SportUtilityVehicle,SlowingOrStopping,Northbound,55.0,No,No,2017,TOYOTA,39.09448832,-76.93861418,RAV4_Toyota,6,2025,9,25,6,Thursday,2025-09-25,39
1935,MCP2314004V,250043006,Montgomery_County_Police,Injury Crash,2025-09-24 17:20:00,County_Route,TRAVILAH RD,HOLIDAY DR,Angle Collision,Right-of-Way Violation,Cloudy,Dry,Daylight,No Control,None Detected,7E213ED6-004D-4523-BB46-D23AC70F8C16,MD,EE71C8BE-FEF1-45DA-A8DA-6167DF28618B,Twelve O Clock,PassengerCar,MakingLeftTurn,Westbound,5.0,No,No,2010,BMW,39.09618915,-77.20783447,3 Series_BMW,17,2025,9,24,17,Wednesday,2025-09-24,39
1936,MCP3193006Z,250043538,Montgomery_County_Police,Property Damage Crash,2025-09-27 19:30:00,County_Route,ELKIN ST,SPUR TO SHADY GROVE RD,Rear-End (Same Direction),Driver Inattention,Clear,Dry,Dark - Unknown Lighting,No Control,Suspect Alcohol Only,44A002EA-2B4C-4CA6-B86A-58BF4800EAF5,MD,177847CA-5DFA-480B-B340-07366897E7EA,One O Clock,PassengerCar,EnteringTrafficLane,Southbound,25.0,No,No,2004,TOYOTA,39.04479888,-77.04834773,Corolla_Toyota,19,2025,9,27,19,Saturday,2025-09-27,39
1937,DM85240018,250043425,Takoma_Park_Police_Department,Property Damage Crash,2025-09-26 22:35:00,Maryland_State_Route,NEW HAMPSHIRE AVE,MONTROSE RD,Rear-End (Same Direction),Lane Violation,Clear,Dry,Dark - Lighted,Traffic Signal,None Detected,212F6D60-BB13-40E6-B316-F8F179377E30,MD,22C99DAD-DF89-45E2-8D93-9F1ACF6463A2,Seven O Clock,PassengerCar,MovingConstantSpeed,Northbound,25.0,No,No,2019,TOYOTA,38.98423984,-76.98822916,Sienna_Toyota,22,2025,9,26,22,Friday,2025-09-26,39
1938,MCP2314004V,250043006,Montgomery_County_Police,Injury Crash,2025-09-24 17:20:00,County_Route,TRAVILAH RD,LONE OAK DR,Angle Collision,Road Obstruction,Cloudy,Dry,Daylight,No Control,None Detected,FEE5DD7A-A93F-4121-A66A-C1532959D59D,MD,64582C59-FEF0-4480-B37F-8509CDECE9D2,Three O Clock,SportUtilityVehicle,MovingConstantSpeed,North,30.0,No,No,2015,TOYOTA,39.09618915,-77.20783447,4Runner_Toyota,17,2025,9,24,17,Wednesday,2025-09-24,39
1939,MCP3341005D,250043083,Montgomery_County_Police,Injury Crash,2025-09-25 07:45:00,County_Route,HAWKESBURY LA,RANDOLPH RD (WB/L),Rear-End (Same Direction),Weather Related,Rain,Wet,Daylight,Traffic Signal,None Detected,AC57F447-CBCE-434A-88AC-E7BDEB9F062F,MD,A244907F-98BE-4FB9-BE63-D9A95D243182,Six O Clock,PassengerCar,SlowingOrStopping,Unknown,40.0,No,No,2023,TOYOTA,39.06612612,-77.02245889,Camry_Toyota,7,2025,9,25,7,Thursday,2025-09-25,39
1940,MCP3053009C,250043838,Montgomery_County_Police,Property Damage Crash,2025-09-29 17:33:00,Local_Route,JONES LA,SIOUX LA,Rear-End (Same Direction),Backing Error,Clear,Dry,Daylight,No Control,None Detected,C2E4903C-34FD-431C-BCE2-AB5B93084097,MD,67BF8331-7EDB-484E-9434-F64A9B7D6458,VehicleNotAtScene,PassengerCar,Backing,Unknown,15.0,No,No,2018,HYUNDAI,39.05364493,-77.0494572,Elantra_Hyundai,17,2025,9,29,17,Monday,2025-09-29,40
1941,MCP137801DK,250043180,Montgomery_County_Police,Property Damage Crash,2025-09-25 15:40:00,Municipality_Route,MIDSUMMER DR,LAKE PLACID LA,Single Vehicle,Lane Violation,Cloudy,Dry,Daylight,No Control,None Detected,1A7DE80C-88C9-4763-B6BD-AED48CB2A05C,MD,42C7D9D0-AC89-496E-B491-72F6BD6087B5,One O Clock,Van - Passenger (&lt;9 Seats),MovingConstantSpeed,Eastbound,25.0,No,No,2006,CHRYSLER,39.10898691,-77.22079212,Town & Country_Chrysler,15,2025,9,25,15,Thursday,2025-09-25,39
1942,MCP33560036,250043332,Montgomery_County_Police,Injury Crash,2025-09-26 14:52:00,County_Route,CRYSTAL ROCK DR (SB/L),GERMANTOWN RD (SB/L),Angle Collision,Traffic Control Violation,Clear,Dry,Daylight,Traffic Signal,None Detected,A7929BC7-B1FB-46D5-9910-550374DE2B4C,MD,020A66DA-4D17-43DC-A478-F4D2B234D79A,Nine O Clock,PassengerCar,MovingConstantSpeed,West,45.0,No,No,2025,KIA,39.1811495,-77.26247833,Telluride_Kia,14,2025,9,26,14,Friday,2025-09-26,39
1943,MCP29390083,250043210,Montgomery_County_Police,Injury Crash,2025-09-25 18:33:00,County_Route,MIDDLEBROOK RD (WB/L),YELLOWWOOD DR,Other,Traffic Control Violation,Rain,Wet,Dark - Lighted,Traffic Signal,None Detected,629BE0E5-5055-4F8C-8484-E43C74617149,MD,717D563A-2852-44D3-A4AF-85BFBC9AD489,Twelve O Clock,PassengerCar,MovingConstantSpeed,Westbound,40.0,No,No,2010,LEXUS,39.17838344,-77.24186058,IS_Lexus,18,2025,9,25,18,Thursday,2025-09-25,39
1944,MCP29890038,250042582,Montgomery_County_Police,Property Damage Crash,2025-09-22 08:06:00,County_Route,GLEN RD,FALLS RD,Rear vs Side,Right-of-Way Violation,Clear,Dry,Daylight,Traffic Signal,None Detected,9905DABF-228C-45C9-AB90-E7BCCE38479B,MD,F21F916B-4D9D-4D12-89DC-673FCD103045,Five O Clock,PassengerCar,MovingConstantSpeed,Southbound,35.0,No,No,2012,NISSAN,39.04609308,-77.19147799,Altima_Nissan,8,2025,9,22,8,Monday,2025-09-22,39
1945,MCP3388001Z,250040757,Montgomery_County_Police,Property Damage Crash,2025-09-10 21:47:00,County_Route,RIPLEY ST,COLONIAL LA,Other,Right-of-Way Violation,Rain,Wet,Dark - Lighted,Stop Sign,None Detected,BB6BA53B-A53A-4755-A799-EF150E15C6C0,MD,F557E313-847F-4662-82D2-D48376A90A06,One O Clock,PassengerCar,Accelerating,Southbound,25.0,No,No,2024,HONDA,38.99248466,-77.02791853,CR-V_Honda,21,2025,9,10,21,Wednesday,2025-09-10,37
1946,MCP3433000R,250043122,Montgomery_County_Police,Injury Crash,2025-09-25 09:33:00,County_Route,GREENCASTLE RD,TEAGARDEN CIR,Single Vehicle,Speed Related,Rain,Wet,Daylight,Traffic Signal,Suspect Alcohol Only,56AEE437-3FD8-4CD5-BC26-33364F8271B6,VA,AF141F61-F3B4-442B-B89C-F7C890851308,Twelve O Clock,PassengerCar,MovingConstantSpeed,Northbound,50.0,No,No,2020,CHEVROLET,39.0955651,-76.93785683,Equinox_Chevrolet,9,2025,9,25,9,Thursday,2025-09-25,39
1947,MCP3181002W,250043586,Montgomery_County_Police,Property Damage Crash,2025-09-28 04:30:00,Maryland_State_Route,GREAT SENECA HWY,SHADY GROVE RD,Sideswipe (Opposite Direction),Lane Violation,Clear,Dry,Dark - Lighted,No Control,None Detected,D9B6243F-3003-459B-AB0A-6110AE152E33,MD,D02B9FAE-AEB4-469C-9632-0AB6E1A45FA5,Ten O Clock,PickupTruck,MovingConstantSpeed,Northbound,35.0,No,No,2011,FORD,39.11740076,-77.10103658,F-350_Ford,4,2025,9,28,4,Sunday,2025-09-28,39
1948,MCP1235006M,250043854,Montgomery_County_Police,Injury Crash,2025-09-29 19:25:00,County_Route,GREEN FOREST DR,POWDER MILL RD,Angle Collision,Road Obstruction,Cloudy,Dry,Dark - Lighted,No Control,None Detected,389DA9F8-6F9F-4D2C-B602-26D461972435,MD,1D1928DA-E53C-414C-A0E4-BB97524BD699,One O Clock,SportUtilityVehicle,MovingConstantSpeed,West,40.0,No,No,2018,HONDA,39.02333192,-76.97435333,Pilot_Honda,19,2025,9,29,19,Monday,2025-09-29,40
1949,MCP34450011,250043376,Montgomery_County_Police,Injury Crash,2025-09-26 17:15:00,Maryland_State_Route,BRADLEY BLVD,WILSON LA,Angle Collision,Road Obstruction,Clear,Dry,Daylight,Traffic Signal,None Detected,A98BB13A-2F6B-428B-A753-C585080675CB,MD,719FEE41-03EF-41F1-AF26-16C90CF902DA,Twelve O Clock,PassengerCar,MovingConstantSpeed,North,35.0,No,No,2012,HONDA,38.98618507,-77.11532766,Accord_Honda,17,2025,9,26,17,Friday,2025-09-26,39
1951,MCP23470060,250042790,Montgomery_County_Police,Property Damage Crash,2025-09-23 12:42:00,County_Route,TECH RD,SWEEPSTAKES RD,Angle Collision,Road Obstruction,Clear,Dry,Daylight,No Control,None Detected,20104061-6768-4C01-A085-FD737244A27A,MD,90F45818-585E-484F-AD92-42F12EC2CC32,Twelve O Clock,PassengerCar,MovingConstantSpeed,West,25.0,No,No,2019,HYUNDAI,39.05633062,-76.96703376,Santa Fe_Hyundai,12,2025,9,23,12,Tuesday,2025-09-23,39
1952,MCP312900DL,250043734,Montgomery_County_Police,Property Damage Crash,2025-09-29 08:08:00,County_Route,GRENOBLE DR,PARKLAND DR,Angle Collision,Right-of-Way Violation,Cloudy,Dry,Daylight,Stop Sign,None Detected,45BB307F-F846-4B57-9964-2FCBC101CDE6,MD,EA8852DE-5213-4E06-B169-C7473DF15947,One O Clock,Van - Passenger (&lt;9 Seats),Accelerating,South,25.0,No,No,2019,HONDA,39.07822267,-77.08702283,Odyssey_Honda,8,2025,9,29,8,Monday,2025-09-29,40
1953,MCP2584000M,250043814,Montgomery_County_Police,Property Damage Crash,2025-09-29 16:00:00,Other_Public_Roadway,BROOKVILLE RD,RAMP 2 FR IS 495 WB TO MD 650 NB,Angle Collision,Driver Inattention,Clear,Dry,Daylight,No Control,None Detected,E156CE39-0F85-4DE0-8D69-48FFB093A188,MD,93D8E8E9-7F48-4E2C-80CA-EA831E3F6539,VehicleNotAtScene,PickupTruck,MakingLeftTurn,Unknown,2.5,No,No,2005,AUDI,39.02640501,-77.12742532,A4_Audi,16,2025,9,29,16,Monday,2025-09-29,40
1954,MCP24870044,250043738,Montgomery_County_Police,Property Damage Crash,2025-09-29 08:05:00,Maryland_State_Route,CLOPPER RD,NEBEL ST,Single Vehicle,Lane Violation,Cloudy,Dry,Daylight,No Control,None Detected,6BA1248B-0BE4-4D28-A6B5-C4E200DB010C,MD,7DFC101D-4431-4204-9501-2B79067AD771,Two O Clock,SchoolBus,MovingConstantSpeed,Westbound,50.0,No,No,2024,MERCEDES-BENZ,39.19811433,-77.41438358,E430_Mercedes-Benz,8,2025,9,29,8,Monday,2025-09-29,40
1955,MCP2855005T,250043383,Montgomery_County_Police,Injury Crash,2025-09-26 17:00:00,US_State_Route,COLUMBIA PIKE,RANDOLPH RD,Sideswipe (Same Direction),Driver Inattention,Clear,Dry,Daylight,No Control,None Detected,F3A25DE4-3596-4472-8D13-38D8C52B3924,MD,E9F6ED00-45E1-40D8-AA92-7EB2ECB94719,VehicleNotAtScene,PassengerCar,MovingConstantSpeed,Northbound,35.0,No,No,2014,HONDA,39.05452054,-76.97370595,Accord_Honda,17,2025,9,26,17,Friday,2025-09-26,39
1956,EJ79040037,250042782,Gaithersburg_Police_Department,Property Damage Crash,2025-09-23 11:46:00,Maryland_State_Route,QUINCE ORCHARD RD (SB/L),CLOPPER RD (WB/L),Angle Collision,Right-of-Way Violation,Clear,Dry,Daylight,Traffic Signal,None Detected,69A42328-A75C-44B2-99F3-46AD51042647,MD,A15A76E8-8C23-4BFC-AC7C-31D69DEE84F4,Eleven O Clock,PassengerCar,MakingLeftTurn,North,40.0,No,No,2020,HYUNDAI,39.14265497,-77.22089812,Elantra_Hyundai,11,2025,9,23,11,Tuesday,2025-09-23,39
1957,MCP2855005V,250043413,Montgomery_County_Police,Property Damage Crash,2025-09-26 21:16:00,County_Route,CRYSTAL ROCK DR,SLADE SCHOOL RD,Angle Collision,Right-of-Way Violation,Clear,Dry,Dark - Lighted,Traffic Signal,None Detected,E72A5C21-3601-422B-AC41-6592A52E27BC,MD,CE04B18A-CF6E-4C45-A2E1-EDF44E27C8A3,Twelve O Clock,PassengerCar,MakingLeftTurn,Not On Roadway,30.0,No,No,2011,CHEVROLET,38.998664,-77.00379617,Malibu_Chevrolet,21,2025,9,26,21,Friday,2025-09-26,39
1958,MCP26220057,250043075,Montgomery_County_Police,Property Damage Crash,2025-09-25 06:34:00,US_State_Route,COLUMBIA PIKE,W GUDE DR,Rear-End (Same Direction),Tailgating,Rain,Wet,Dawn,No Control,None Detected,887B0E37-1F8B-4110-A8D9-CB59C44A34E5,MD,F7951592-201D-4931-88DC-0E223934CE2C,Twelve O Clock,PickupTruck,MovingConstantSpeed,Northbound,55.0,No,No,2007,KIA,39.09448832,-76.93861418,Optima_Kia,6,2025,9,25,6,Thursday,2025-09-25,39
1959,MCP3395004D,250043901,Montgomery_County_Police,Property Damage Crash,2025-09-30 07:45:00,County_Route,PEARL ST,ODENDHAL AVE,Rear-End (Same Direction),Weather Related,Rain,Wet,Daylight,School Zone Sign,None Detected,FEFAA718-0430-4097-AB4A-82E3E45BE38A,MD,1251DD96-2991-4ABE-8919-41F0DF77741A,Six O Clock,SchoolBus,StoppedInTrafficLane,Southbound,15.0,No,No,2023,TOYOTA,38.98635463,-77.09134406,Prius_Toyota,7,2025,9,30,7,Tuesday,2025-09-30,40
1960,MCP3050006Z,250042702,Montgomery_County_Police,Injury Crash,2025-09-22 18:25:00,County_Route,PIPING ROCK DR,NEW HAMPSHIRE AVE,Angle Collision,Driver Inattention,Clear,Dry,Dark - Lighted,No Control,None Detected,E3F929FB-5AC4-49E3-8141-C06663BB681D,MD,D05E4F8D-F306-484B-AF62-BC45834E8C9E,Twelve O Clock,PassengerCar,MovingConstantSpeed,Northbound,45.0,No,No,2015,MERCEDES-BENZ,39.09690383,-77.00235933,C-Class_Mercedes-Benz,18,2025,9,22,18,Monday,2025-09-22,39