Unnamed: 0,Report Number,Local Case Number,Agency Name,ACRS Report Type,Crash Date/Time,Route Type,Road Name,Cross-Street Name,Collision Type,Circumstance_Category,Weather,Surface Condition,Light,Traffic Control,Driver Substance Abuse,Person ID,Drivers License State,Vehicle ID,Vehicle First Impact Location,Vehicle Body Type,Vehicle Movement,Vehicle Going Dir,Speed Limit,Driverless Vehicle,Parked Vehicle,Vehicle Year,Vehicle Make,Latitude,Longitude,Vehicle Model,hour,Crash_year,Crash_month,Crash_day,Crash_hour,Crash_day_name,Crash_date,Crash_week
2069,DM8528000R,250043223,Takoma_Park_Police_Department,Injury Crash,2025-09-25 20:15:00,Municipality_Route,HOLTON LA,BRINK RD,Angle Collision,Right-of-Way Violation,Clear,Dry,Dark - Lighted,No Control,None Detected,1FF48CF2-022C-4328-B37C-87684F425C25,MD,E796816C-D12F-43FD-8782-E798098DB4EA,One O Clock,PassengerCar,MakingLeftTurn,Eastbound,25.0,No,No,2019,VOLKSWAGEN,38.98583677,-76.98721877,Tiguan_Volkswagen,20,2025,9,25,20,Thursday,2025-09-25,39
2070,MCP235800F2,250043907,Montgomery_County_Police,Injury Crash,2025-09-30 08:30:00,County_Route,FALLS RD,BRICKYARD RD BRICKYARD RD (SB/L),Head-On,Weather Related,Cloudy,Wet,Daylight,No Control,None Detected,FCC9ED04-DE83-44B2-9FA9-844BB5959F98,MD,25AB7564-63A5-4096-B28D-D5F1C2812531,Eleven O Clock,PassengerCar,StoppedInTrafficLane,North,35.0,No,No,2018,TOYOTA,39.00217377,-77.22618685,Camry_Toyota,8,2025,9,30,8,Tuesday,2025-09-30,40
2071,MCP301000C5,250043751,Montgomery_County_Police,Property Damage Crash,2025-09-29 09:41:00,County_Route,MARINELLI RD,PRINCE GEORGES CO/L,Sideswipe (Same Direction),Backing Error,Clear,Dry,Daylight,No Control,None Detected,285046FE-448F-4E32-B61C-489A653CDE4D,NC,F7D6AB56-5619-4960-8A40-4092C2D88B39,Five O Clock,PassengerCar,Backing,Eastbound,30.0,No,No,2022,HONDA,39.0476143,-77.10644675,Civic_Honda,9,2025,9,29,9,Monday,2025-09-29,40
2072,MCP137801DL,250043328,Montgomery_County_Police,Injury Crash,2025-09-26 14:30:00,County_Route,GOSHEN RD,STEWARTOWN RD TRAMS WAY,Rear-End (Same Direction),Congestion / Backup,Clear,Dry,Daylight,No Control,None Detected,A73D5FB3-5C94-4AD2-A02B-69D1CC497E95,MD,9B27C730-EDBB-4B0B-BB1B-34463D984AB5,Six O Clock,PassengerCar,StoppedInTrafficLane,Northbound,35.0,No,No,2012,TOYOTA,39.17736987,-77.18948225,Camry_Toyota,14,2025,9,26,14,Friday,2025-09-26,39
2073,MCP235800F2,250043907,Montgomery_County_Police,Injury Crash,2025-09-30 08:30:00,County_Route,FALLS RD,BRICKYARD RD BRICKYARD RD (SB/L),Head-On,Weather Related,Cloudy,Wet,Daylight,No Control,None Detected,2A0AC550-87CE-4014-8F9C-18BA4357FB37,MD,AA957813-7EF2-4697-820F-6928060E2798,Eleven O Clock,PassengerCar,StoppedInTrafficLane,North,35.0,No,No,2019,AUDI,39.00217377,-77.22618685,Q7_Audi,8,2025,9,30,8,Tuesday,2025-09-30,40
2074,MCP137801DG,250042254,Montgomery_County_Police,Property Damage Crash,2025-09-19 16:49:00,Maryland_State_Route,QUINCE ORCHARD RD (SB/L),HOMELAND DR,Rear-End (Same Direction),Tailgating,Clear,Dry,Daylight,No Control,None Detected,EA60A6E8-7458-44C1-A27C-C2FFC88FDFA3,MD,FD173F5B-B893-45F4-BC6E-BB2DCCAA6BDB,One O Clock,SportUtilityVehicle,ChangingLanes,Southbound,35.0,No,No,2015,CADILLAC,39.12058383,-77.250733,Escalade_Cadillac,16,2025,9,19,16,Friday,2025-09-19,38
2075,MCP34080022,250043456,Montgomery_County_Police,Property Damage Crash,2025-09-27 09:30:00,County_Route,GARWOOD ST,FRANKLIN AVE,Angle Collision,Right-of-Way Violation,Clear,Dry,Daylight,No Control,None Detected,97B54028-319C-41D4-9BEE-D99FA3669747,MD,AC41C8EC-F03C-4285-9A3C-F7C835D5816A,Ten O Clock,PassengerCar,MovingConstantSpeed,Eastbound,25.0,No,No,2022,HONDA,39.011747,-77.00371783,Civic_Honda,9,2025,9,27,9,Saturday,2025-09-27,39
2076,MCP296200BL,250043258,Montgomery_County_Police,Property Damage Crash,2025-09-26 06:44:00,County_Route,WISTERIA DR,WARING STATION RD,Angle Collision,Right-of-Way Violation,Clear,Dry,Daylight,Stop Sign,None Detected,581FDBDB-04FB-475C-BCAB-85E7A133BCC9,MD,2E76FD7D-9169-4A30-BD21-8B5E52CB971F,Three O Clock,PassengerCar,Accelerating,Eastbound,35.0,No,No,2024,KIA,39.16210817,-77.25092417,Seltos_Kia,6,2025,9,26,6,Friday,2025-09-26,39
2077,MCP2455008J,250044021,Montgomery_County_Police,Injury Crash,2025-09-30 18:38:00,Local_Route,NO NAME,TWINBROOK PKWY,Angle Collision,Right-of-Way Violation,Clear,Dry,Daylight,No Control,None Detected,7B24EFC4-9C84-4801-A404-A6EFA0A51453,MD,A13369FE-41E9-4E83-B7D4-15B8EF5A9676,Twelve O Clock,PassengerCar,MovingConstantSpeed,Southbound,35.0,No,No,2015,KIA,39.06916303,-77.11410019,Optima_Kia,18,2025,9,30,18,Tuesday,2025-09-30,40
2078,MCP32710065,250043991,Montgomery_County_Police,Property Damage Crash,2025-09-30 15:53:00,Maryland_State_Route,VEIRS MILL RD (WB/L),UNIVERSITY BLVD W,Rear-End (Same Direction),Passing / Turning,Cloudy,Dry,Daylight,Traffic Signal,None Detected,47C7B69D-CDF4-4BF4-9B11-6FF81AE82398,MD,4A936E93-F8C4-4CF7-BBFC-E31B919F71E4,Seven O Clock,Van - Passenger (&lt;9 Seats),ChangingLanes,Westbound,25.0,No,No,2025,TOYOTA,39.0399709,-77.05521575,Sienna_Toyota,15,2025,9,30,15,Tuesday,2025-09-30,40
2079,EJ7884007C,250043715,Gaithersburg_Police_Department,Property Damage Crash,2025-09-29 01:03:00,Municipality_Route,APPLESEED WAY,ENT TO OLD COLUMBIA SHOPPING CENTER,Rear vs Side,Backing Error,Clear,Dry,Dark - Not Lighted,No Control,None Detected,99A41A94-3832-488D-9BC9-E1AF2B11E5FF,MD,FF38FFF9-A78B-4486-851F-5357ED68BDBE,Five O Clock,SportUtilityVehicle,Backing,Westbound,20.0,No,No,2019,FORD,39.11943547,-77.20910928,Explorer_Ford,1,2025,9,29,1,Monday,2025-09-29,40
2080,MCP33520036,250043865,Montgomery_County_Police,Property Damage Crash,2025-09-29 20:50:00,Maryland_State_Route,MIDCOUNTY HWY (SB/L),UNIVERSITY BLVD E,Rear-End (Same Direction),Tailgating,Clear,Dry,Dark - Lighted,No Control,None Detected,81694D1F-DFB2-442B-9F17-15640C534F35,NC,4B5FE9E1-3FEE-41A6-9725-7CA92EC10E5B,Six O Clock,SportUtilityVehicle,StoppedInTrafficLane,Westbound,35.0,No,No,2015,GMC,39.1597583,-77.20017676,Terrain_GMC,20,2025,9,29,20,Monday,2025-09-29,40
2081,MCP2102004Z,250042185,Montgomery_County_Police,Injury Crash,2025-09-19 12:05:00,County_Route,CUTSAIL DR,LINTHICUM ST,Sideswipe (Opposite Direction),Lane Violation,Clear,Dry,Daylight,No Control,None Detected,902ADC48-FA72-45AF-8C76-54CD558AF75D,MD,6F837BFE-97D1-4EF2-A648-DC9587850A76,Eleven O Clock,PassengerCar,ChangingLanes,Eastbound,25.0,No,No,2018,HYUNDAI,39.2618653,-77.2141691,Santa Fe Sport_Hyundai,12,2025,9,19,12,Friday,2025-09-19,38
2082,DD56740022,250043375,Rockville_Police_Department,Property Damage Crash,2025-09-26 16:32:00,Maryland_State_Route,ROCKVILLE PIKE (SB/L),TRAVILLE  GATEWAY DR,Rear-End (Same Direction),Tailgating,Clear,Dry,Daylight,No Control,None Detected,B582D444-C3C0-456F-B642-73736FD708AB,MH,70C0B342-DFE7-485C-84C9-F6DD6880BFD2,Twelve O Clock,TransitBus,MovingConstantSpeed,Southbound,35.0,No,No,2017,NISSAN,39.06133162,-77.12365471,Pathfinder_Nissan,16,2025,9,26,16,Friday,2025-09-26,39
2083,MCP287500BJ,250043416,Montgomery_County_Police,Injury Crash,2025-09-26 21:26:00,County_Route,LONG CORNER RD,GRAND PRE RD,Single Vehicle,Driver Inattention,Clear,Dry,Dark - Not Lighted,No Control,None Detected,A2137413-668B-419D-B8FB-4AAD05FD22E8,MD,4BE6C007-889E-4586-9F5A-75E0D2EB5C30,One O Clock,PassengerCar,Backing,Northbound,30.0,No,No,2018,TOYOTA,39.28227233,-77.16155258,Corolla_Toyota,21,2025,9,26,21,Friday,2025-09-26,39
2085,MCP23050040,250043676,Montgomery_County_Police,Injury Crash,2025-09-28 19:07:00,County_Route,AIRCRAFT DR,GERMANTOWN RD (SB/L),Angle Collision,Traffic Control Violation,Clear,Dry,Dark - Lighted,Traffic Signal,None Detected,421E5676-E7AD-4420-9658-B984E9DEA78D,MD,231975AD-F865-46BC-90AC-5A44BE9FF85E,Eleven O Clock,SportUtilityVehicle,MovingConstantSpeed,Southbound,35.0,No,No,2021,NISSAN,39.18210117,-77.26021912,Kicks_Nissan,19,2025,9,28,19,Sunday,2025-09-28,39
2086,MCP3201008F,250043471,Montgomery_County_Police,Injury Crash,2025-09-27 10:39:00,County_Route,ROCKY RD,WOODFIELD RD,Sideswipe (Same Direction),Right-of-Way Violation,Cloudy,Dry,Daylight,No Control,None Detected,744B9964-BB62-423C-AC32-22E4B5EB7210,MD,594EBED6-0A2A-43DD-AFAF-E6B9117A6C63,Eight O Clock,SportUtilityVehicle,MakingLeftTurn,Southbound,50.0,No,No,2022,GMC,39.22788894,-77.17750522,Terrain_GMC,10,2025,9,27,10,Saturday,2025-09-27,39
2087,MCP3386003G,250043346,Montgomery_County_Police,Property Damage Crash,2025-09-26 14:20:00,Maryland_State_Route,ROCKVILLE PIKE (SB/L),BLACKBURN RD,Sideswipe (Same Direction),Lane Violation,Clear,Dry,Daylight,No Control,None Detected,B43C6599-41C4-4ADE-97AA-6300E2EDAFBD,MD,9FE397E3-0248-47C1-9FFC-3ED69DEB7E6A,Two O Clock,PassengerCar,MovingConstantSpeed,Southbound,40.0,No,No,2019,HONDA,39.01713695,-77.10185179,Accord_Honda,14,2025,9,26,14,Friday,2025-09-26,39
2088,MCP2782005L,250043356,Montgomery_County_Police,Property Damage Crash,2025-09-26 16:08:00,County_Route,CHRISTOPHER AVE,MIDDLEVALE LA,Angle Collision,Passing / Turning,Clear,Dry,Daylight,Traffic Signal,None Detected,3ABF7582-A8DC-4905-ADB2-0EA133C4F477,MD,73B713FB-91E9-452E-A34A-312991E75375,One O Clock,PassengerCar,MakingLeftTurn,Not On Roadway,2.5,No,No,2020,TOYOTA,39.15278392,-77.06177483,Avalon_Toyota,16,2025,9,26,16,Friday,2025-09-26,39
2089,MCP2351006G,250043964,Montgomery_County_Police,Property Damage Crash,2025-09-30 13:13:00,County_Route,E GUDE DR (WB/L),STONEGATE DR,Other,Right-of-Way Violation,Cloudy,Dry,Daylight,No Control,None Detected,286CC03F-C660-4119-8CB3-CAA6D3563F7E,MD,01D3944E-FB88-4990-9F8F-5D0A3F0A2BC1,Twelve O Clock,PassengerCar,MovingConstantSpeed,Westbound,40.0,No,No,2017,TOYOTA,39.09926598,-77.13854225,Camry_Toyota,13,2025,9,30,13,Tuesday,2025-09-30,40
2090,MCP2776005F,250043287,Montgomery_County_Police,Property Damage Crash,2025-09-26 11:13:00,County_Route,GOLD MINE RD,GEORGIA AVE GEORGIA AVE (SB/L),Angle Collision,Right-of-Way Violation,Clear,Dry,Daylight,Traffic Signal,None Detected,A19ABD21-4E92-4290-9E17-F19F157FCE2F,MD,410FAEAB-5E88-4B36-A286-3B8977B22DE1,Three O Clock,PickupTruck,MakingLeftTurn,Southbound,40.0,No,No,2019,NISSAN,39.17190567,-77.059138,Frontier_Nissan,11,2025,9,26,11,Friday,2025-09-26,39
2091,MCP33220045,250042832,Montgomery_County_Police,Property Damage Crash,2025-09-23 16:30:00,Maryland_State_Route,GEORGIA AVE,COLLEGE PKWY,Rear-End (Same Direction),Tailgating,Cloudy,Dry,Daylight,No Control,None Detected,A721E9DC-DCA2-44A2-89EE-3F19A6592BA4,MD,463821CA-A9FF-480E-B2CE-52D1D3DCC569,Twelve O Clock,PassengerCar,SlowingOrStopping,Northbound,45.0,No,No,2012,TOYOTA,39.1235945,-77.07301833,Camry_Toyota,16,2025,9,23,16,Tuesday,2025-09-23,39
2092,MCP3181002W,250043586,Montgomery_County_Police,Property Damage Crash,2025-09-28 04:30:00,Maryland_State_Route,WHITES FERRY RD,W EDMONSTON DR,Sideswipe (Opposite Direction),Lane Violation,Clear,Dry,Dark - Lighted,No Control,None Detected,83FB45F8-D71B-4545-9929-24A3A6195330,MD,181AEE24-E99E-4091-8D2C-725B723D731A,Ten O Clock,PickupTruck,MovingConstantSpeed,Southbound,35.0,No,No,1995,RAM,39.11740076,-77.10103658,RAM_Ram,4,2025,9,28,4,Sunday,2025-09-28,39
2093,MCP2782005L,250043356,Montgomery_County_Police,Property Damage Crash,2025-09-26 16:08:00,Maryland_State_Route,BLUNT RD,LAUDERDALE DR,Angle Collision,Road Obstruction,Clear,Dry,Daylight,No Control,None Detected,2A441079-D07E-4002-A544-CF984092428C,MD,34BFE8E7-566D-4CE7-BE43-0C845C4EEC84,Two O Clock,SportUtilityVehicle,Parked,South,2.5,No,Yes,2025,DODGE,39.15278392,-77.06177483,Durango_Dodge,16,2025,9,26,16,Friday,2025-09-26,39
2095,MCP283200C6,250043913,Montgomery_County_Police,Property Damage Crash,2025-09-30 08:47:00,Maryland_State_Route,CONNECTICUT AVE (SB/L),RIDGEMONT AVE,Sideswipe (Same Direction),Lane Violation,Cloudy,Dry,Daylight,No Control,None Detected,57F646D7-0260-4496-83C5-6E0840A41B36,MD,C0650B06-71FE-4716-B202-B21048A80B17,Ten O Clock,SchoolBus,MovingConstantSpeed,Southbound,30.0,No,No,2023,FORD,38.96832434,-77.07724771,Focus_Ford,8,2025,9,30,8,Tuesday,2025-09-30,40
2096,MCP34450011,250043376,Montgomery_County_Police,Injury Crash,2025-09-26 17:15:00,Maryland_State_Route,BRADLEY BLVD,WILSON LA,Angle Collision,Right-of-Way Violation,Clear,Dry,Daylight,Traffic Signal,None Detected,BED30E8C-494C-4F79-90FF-BC840F3DC7FA,IN,D6BFEF85-7803-4BDC-8F10-6A9119110406,Eleven O Clock,PassengerCar,MakingLeftTurn,South,35.0,No,No,2013,MAZDA,38.98618507,-77.11532766,MX-5 Miata_Mazda,17,2025,9,26,17,Friday,2025-09-26,39
2097,MCP34290013,250043621,Montgomery_County_Police,Injury Crash,2025-09-28 12:17:00,Maryland_State_Route,GEORGIA AVE,HUDSON AVE,Angle Collision,Right-of-Way Violation,Clear,Dry,Daylight,No Control,None Detected,9DA1D8E5-92DA-4547-912C-9841A5C333BA,MD,7ECB2A5E-5DE6-4EDB-8366-F9B8CEA16FF7,Two O Clock,PassengerCar,MakingLeftTurn,West,45.0,No,No,2022,SUBARU,39.0851559,-77.0784974,Impreza_Subaru,12,2025,9,28,12,Sunday,2025-09-28,39
2098,MCP30300088,250043846,Montgomery_County_Police,Property Damage Crash,2025-09-29 17:30:00,Maryland_State_Route,WISCONSIN AVE,PALACE CIR,Rear vs Side,Right-of-Way Violation,Clear,Dry,Daylight,Traffic Signal,None Detected,7235C8AA-AF11-4E0C-A615-EF69A24A6421,MD,FE9FD116-7EDB-45EB-9C47-0B1936882072,Eleven O Clock,SportUtilityVehicle,MakingRightTurn,Westbound,35.0,No,No,2015,JEEP,38.98474563,-77.09407727,Wrangler_Jeep,17,2025,9,29,17,Monday,2025-09-29,40
2099,MCP2761007G,250043792,Montgomery_County_Police,Injury Crash,2025-09-29 13:44:00,County_Route,SHAKESPEARE BLVD (WB/L),FREDERICK RD,Angle Collision,Traffic Control Violation,Clear,Dry,Daylight,Traffic Signal,None Detected,68469A4F-6C7A-4D18-A214-9E4DCB3E4A55,MD,00E7D260-66BB-4685-B9AC-D7FD944F57DB,Twelve O Clock,PassengerCar,MovingConstantSpeed,Northbound,45.0,No,No,2018,ACURA,39.19830347,-77.24476783,ILX_Acura,13,2025,9,29,13,Monday,2025-09-29,40
2100,DD5680001M,250043197,Rockville_Police_Department,Injury Crash,2025-09-25 16:57:00,County_Route,DOVER RD,FORSTON DR,Single Vehicle,Speed Related,Clear,Wet,Daylight,No Control,None Detected,A7DDDCA1-0726-4B99-8F2C-588522E3F5DF,MD,BCD33E4D-B66D-4CB2-B2F2-BE1ECC9ADA45,Eleven O Clock,Motorcycle2Wheeled,MovingConstantSpeed,Southbound,25.0,No,No,2005,HONDA,39.09681634,-77.14261029,Accord_Honda,16,2025,9,25,16,Thursday,2025-09-25,39
2101,MCP284600BS,250041953,Montgomery_County_Police,Injury Crash,2025-09-18 09:00:00,County_Route,BEL PRE RD,RIDGE RD (NB/L),Rear-End (Same Direction),Tailgating,Clear,Dry,Daylight,No Control,None Detected,6463E9DB-C5C5-4F6C-8951-BB21C12B263E,MD,91E90789-0141-4A94-A8FE-5BC9C81E4965,Six O Clock,PassengerCar,SlowingOrStopping,Westbound,35.0,No,No,2012,TOYOTA,39.09145333,-77.06335067,Camry_Toyota,9,2025,9,18,9,Thursday,2025-09-18,38
2102,MCP2108002F,250042893,Montgomery_County_Police,Injury Crash,2025-09-23 23:58:00,County_Route,AVERY RD,NORBECK RD,Single Vehicle,Lane Violation,Cloudy,Wet,Dark - Not Lighted,No Control,Suspect Alcohol Only,73BFAC55-5E2D-4B5D-8FFF-D9F214FB90FB,MD,7E4BCB14-7E19-41C3-B4A0-71225FC81BB5,Twelve O Clock,Autocycle,MovingConstantSpeed,Northbound,25.0,No,No,2018,SUBARU,39.10489,-77.12215433,Outback_Subaru,23,2025,9,23,23,Tuesday,2025-09-23,39
2103,EJ7898006X,250043610,Gaithersburg_Police_Department,Injury Crash,2025-09-28 11:15:00,County_Route,MUDDY BRANCH RD,BRIGGS CHANEY RD,Rear-End (Same Direction),Tailgating,Clear,Dry,Daylight,Traffic Signal,None Detected,FBC28D19-AF4B-436A-9F60-6E208175078B,MD,D7460B5B-97B3-401D-BE3F-8DEBE7D5B109,Twelve O Clock,PassengerCar,SlowingOrStopping,Northbound,40.0,No,No,2018,FORD,39.13931667,-77.20519083,F-150_Ford,11,2025,9,28,11,Sunday,2025-09-28,39
2104,MCP3376002K,250043541,Montgomery_County_Police,Property Damage Crash,2025-09-27 20:16:00,Maryland_State_Route,GEORGIA AVE (SB/L),LAYHILL RD,Rear-End (Same Direction),Tailgating,Rain,Wet,Dark - Lighted,No Control,None Detected,98BE947A-1DD0-4A66-9CE1-70CB54F64554,MD,8E87C09A-71E8-4D93-BA71-04FA573E2D4B,Twelve O Clock,PassengerCar,MovingConstantSpeed,Southbound,30.0,No,No,2013,TOYOTA,39.05591433,-77.05003017,Corolla_Toyota,20,2025,9,27,20,Saturday,2025-09-27,39
2105,MCP2776005D,250042482,Montgomery_County_Police,Property Damage Crash,2025-09-21 10:28:00,County_Route,GOLD MINE RD,GEORGIA AVE GEORGIA AVE (SB/L),Angle Collision,Traffic Control Violation,Cloudy,Dry,Daylight,Traffic Signal,None Detected,7D7F7260-F8EA-45A7-AC69-FBAE762B2D4C,MI,110B8F1A-788D-4DFB-9B6A-8AAF0A64E046,Three O Clock,PassengerCar,MovingConstantSpeed,Northbound,25.0,No,No,2020,CHEVROLET,39.17203379,-77.05916909,Malibu_Chevrolet,10,2025,9,21,10,Sunday,2025-09-21,38
2106,DD5604005Q,250042634,Rockville_Police_Department,Property Damage Crash,2025-09-22 13:10:00,Municipality_Route,N WASHINGTON ST,A ST,Angle Collision,Right-of-Way Violation,Clear,Dry,Daylight,Traffic Signal,None Detected,1C71C7F8-D44F-4F4B-B754-C3F27C8ABA48,MD,A0E71A58-998A-48BB-9EF0-4933A2012508,Twelve O Clock,PickupTruck,MakingLeftTurn,Southbound,35.0,No,No,2001,FORD,39.09190684,-77.15318941,Ranger_Ford,13,2025,9,22,13,Monday,2025-09-22,39
2107,MCP9442004H,250043097,Montgomery_County_Police,Injury Crash,2025-09-25 09:00:00,County_Route,MIDCOUNTY HWY,NEW HAMPSHIRE AVE,Rear-End (Same Direction),Tailgating,Rain,Wet,Daylight,No Control,None Detected,EBFD2131-A4E7-47EB-B2DE-13BCDA9628CA,MD,669B7F43-CD38-4A20-A13E-4847500018C5,Twelve O Clock,PassengerCar,MovingConstantSpeed,Southbound,45.0,No,No,2009,HONDA,39.147735,-77.16982479,Civic_Honda,9,2025,9,25,9,Thursday,2025-09-25,39
2108,MCP2455008J,250044021,Montgomery_County_Police,Injury Crash,2025-09-30 18:38:00,Local_Route,NO NAME,TWINBROOK PKWY,Angle Collision,Right-of-Way Violation,Clear,Dry,Daylight,No Control,None Detected,48DB4D0C-A695-4FFD-ACA8-CB80DE5435B6,MD,53B8304C-6DD2-4C81-A03D-DFDE9C79695B,Eight O Clock,PassengerCar,MakingLeftTurn,Eastbound,35.0,No,No,2013,TOYOTA,39.06916303,-77.11410019,Corolla_Toyota,18,2025,9,30,18,Tuesday,2025-09-30,40
2109,EJ7906002Q,250043334,Gaithersburg_Police_Department,Injury Crash,2025-09-26 14:50:00,Maryland_State_Route,GREAT SENECA HWY (SB/L),ENNALLS AVE,Single Vehicle,Speed Related,Clear,Dry,Daylight,No Control,None Detected,FB2ED823-85B5-4B3D-A60E-339BD3FA467A,MD,3768B1D8-47AB-4FD4-8A3C-B2FBBAC4039A,Twelve O Clock,PassengerCar,MovingConstantSpeed,Southbound,50.0,No,No,2009,FORD,39.13057183,-77.24030667,Mustang_Ford,14,2025,9,26,14,Friday,2025-09-26,39
2110,MCP3294002W,250041197,Montgomery_County_Police,Property Damage Crash,2025-09-13 18:45:00,County_Route,CONTOUR RD,RAMP 3 FR RAMP 6 (FR IS270) TO MD 187B,Rear vs Side,Right-of-Way Violation,Clear,Dry,Daylight,No Control,None Detected,B9E46259-8C59-46FF-9D35-AF8CD85817D8,MD,2C0AF105-BD0C-4AAF-BBD0-CA0C796193C2,VehicleNotAtScene,PassengerCar,MovingConstantSpeed,Northbound,25.0,No,No,2025,NISSAN,39.15527855,-77.20040659,Altima_Nissan,18,2025,9,13,18,Saturday,2025-09-13,37
2112,MCP31260074,250043641,Montgomery_County_Police,Injury Crash,2025-09-28 14:47:00,County_Route,LOST KNIFE RD,SLIGO AVE,Rear vs Side,Right-of-Way Violation,Clear,Dry,Daylight,Stop Sign,None Detected,94A61915-967B-4B10-B056-D5DA70EEA8BA,MD,E8FE9832-0CBF-4F00-9FB9-DC808FAAC8C5,Twelve O Clock,PassengerCar,MovingConstantSpeed,Eastbound,2.5,No,No,2023,KIA,39.20020498,-77.24726207,Sorento_Kia,14,2025,9,28,14,Sunday,2025-09-28,39
2113,MCP2102004X,250040967,Montgomery_County_Police,Property Damage Crash,2025-09-12 10:15:00,County_Route,SENECA MEADOWS PKWY (SB/L),BETHESDA AVE,Angle Collision,Lane Violation,Clear,Dry,Daylight,No Control,None Detected,965C1845-43D9-4EE7-84E5-5C25E9920504,MD,F60BA5C0-355E-4C1E-A06F-280DD067E5EB,Twelve O Clock,PassengerCar,MovingConstantSpeed,Southbound,30.0,No,No,2009,HONDA,39.19705389,-77.25804899,Fit_Honda,10,2025,9,12,10,Friday,2025-09-12,37
2114,MCP2231008Z,250043625,Montgomery_County_Police,Injury Crash,2025-09-28 12:21:00,Crossover,FREDERICK RD,DARNESTOWN RD (WB/L),Single Vehicle,Right-of-Way Violation,Clear,Dry,Daylight,Traffic Signal,None Detected,7F33BC21-897C-4A45-91A2-72BBEF5B294C,MD,843FBD13-C69E-42DC-A0CD-AE3F320F33BF,One O Clock,PassengerCar,MakingRightTurn,Unknown,2.5,No,No,2018,PORSCHE,39.11747399,-77.25108189,Panamera_Porsche,12,2025,9,28,12,Sunday,2025-09-28,39
2116,MCP31620069,250043454,Montgomery_County_Police,Property Damage Crash,2025-09-27 08:45:00,Maryland_State_Route,UNIVERSITY BLVD E (WB/L),INDIAN SPRING DR,Angle Collision,Right-of-Way Violation,Cloudy,Dry,Daylight,No Control,None Detected,924366EC-D80D-458E-80F3-49E04A9030C3,MD,EA0BE03A-E04E-476D-BCDF-F49530F62497,Two O Clock,PassengerCar,ChangingLanes,Eastbound,30.0,No,No,2017,HONDA,39.01352615,-77.00358254,Civic_Honda,8,2025,9,27,8,Saturday,2025-09-27,39
2117,MCP2708009G,250043205,Montgomery_County_Police,Property Damage Crash,2025-09-25 18:12:00,Maryland_State_Route,UNIVERSITY BLVD E (WB/L),CAPITAL BELTWAY (WB/L),Rear-End (Same Direction),Tailgating,Clear,Dry,Daylight,Traffic Signal,None Detected,D8FFA2F6-9DAA-496F-8BE1-AE57A20297AC,MD,9CCF2A1A-8EE3-4FA5-ADCA-F6752348E43D,Six O Clock,PassengerCar,StoppedInTrafficLane,Westbound,35.0,No,No,2018,SUBARU,39.01531293,-77.00491265,Forester_Subaru,18,2025,9,25,18,Thursday,2025-09-25,39
2118,MCP3376002K,250043541,Montgomery_County_Police,Property Damage Crash,2025-09-27 20:16:00,Maryland_State_Route,GEORGIA AVE (SB/L),BRIGGS CHANEY RD,Rear-End (Same Direction),Driver Inattention,Rain,Wet,Dark - Lighted,No Control,None Detected,060876D1-7034-40FC-B3BE-2A2E9B2CDA5B,MD,F34AC191-8A86-4C5C-AFB7-66356C21574F,Six O Clock,SportUtilityVehicle,MovingConstantSpeed,Southbound,30.0,No,No,2018,NISSAN,39.05591433,-77.05003017,Rogue_Nissan,20,2025,9,27,20,Saturday,2025-09-27,39
2119,MCP2930005P,250043392,Montgomery_County_Police,Property Damage Crash,2025-09-26 19:14:00,Maryland_State_Route,NO NAME,THIRTEENTH PL,Sideswipe (Same Direction),Passing / Turning,Clear,Dry,Dark - Lighted,No Control,None Detected,6B87E273-3F19-4835-A710-3A70BD4C7025,MD,896263A9-4679-4CA9-A255-315ADBACA553,Four O Clock,PassengerCar,StoppedInTrafficLane,Eastbound,5.0,No,No,2021,HONDA,39.1152914,-77.07559319,CR-V_Honda,19,2025,9,26,19,Friday,2025-09-26,39
2120,MCP2905007F,250043604,Montgomery_County_Police,Property Damage Crash,2025-09-28 10:15:00,Maryland_State_Route,RIVER RD,KNOWLES AVE,Rear-End (Same Direction),Tailgating,Clear,Dry,Daylight,No Control,None Detected,BB2984B9-5436-41CE-B262-11FDD151254D,MD,E14BC84B-ADDF-4172-AD51-69D25353FCAC,Twelve O Clock,PassengerCar,SlowingOrStopping,Northbound,35.0,No,No,2017,VOLKSWAGEN,39.02450083,-77.21823867,Jetta_Volkswagen,10,2025,9,28,10,Sunday,2025-09-28,39
2121,MCP2351006G,250043964,Montgomery_County_Police,Property Damage Crash,2025-09-30 13:13:00,County_Route,E GUDE DR (WB/L),BRENISH DR,Other,Right-of-Way Violation,Cloudy,Dry,Daylight,No Control,None Detected,AEFCC8AE-DE98-4DDB-9FAC-C7165C8608CD,MD,C92C7FFD-240A-4370-B589-7BC302786D61,Six O Clock,PassengerCar,MovingConstantSpeed,Westbound,40.0,No,No,2016,TOYOTA,39.09926598,-77.13854225,Corolla_Toyota,13,2025,9,30,13,Tuesday,2025-09-30,40
2122,MCP2582005R,250043559,Montgomery_County_Police,Property Damage Crash,2025-09-27 23:43:00,County_Route,PINEY BRANCH RD,CASTLE CLIFF WAY,Angle Collision,Right-of-Way Violation,Clear,Wet,Dark - Lighted,No Control,None Detected,2D1B7D38-67E7-417F-A02A-FB482891755A,MD,CC2D5CE5-E0E3-4F81-A047-305837BCF4C5,Twelve O Clock,SportUtilityVehicle,MakingLeftTurn,Eastbound,40.0,No,No,2016,HONDA,39.0783475,-76.9814615,Civic_Honda,23,2025,9,27,23,Saturday,2025-09-27,39