Unnamed: 0,Report Number,Local Case Number,Agency Name,ACRS Report Type,Crash Date/Time,Route Type,Road Name,Cross-Street Name,Collision Type,Circumstance_Category,Weather,Surface Condition,Light,Traffic Control,Driver Substance Abuse,Person ID,Drivers License State,Vehicle ID,Vehicle First Impact Location,Vehicle Body Type,Vehicle Movement,Vehicle Going Dir,Speed Limit,Driverless Vehicle,Parked Vehicle,Vehicle Year,Vehicle Make,Latitude,Longitude,Vehicle Model,hour,Crash_year,Crash_month,Crash_day,Crash_hour,Crash_day_name,Crash_date,Crash_week
2123,MCP2780008R,250044019,Montgomery_County_Police,Property Damage Crash,2025-09-30 18:00:00,County_Route,ARLISS ST,ELTON RD,Rear vs Side,Backing Error,Clear,Dry,Daylight,Traffic Signal,None Detected,C1A2E425-EB54-4147-A508-A9A3CE439507,MD,71648709-87D7-4F23-8771-3D9DF9BCDE7E,Six O Clock,PassengerCar,Backing,Not On Roadway,2.5,No,No,2014,VOLKSWAGEN,39.22676098,-77.28801997,Jetta_Volkswagen,18,2025,9,30,18,Tuesday,2025-09-30,40
2124,EJ7913001B,250042376,Gaithersburg_Police_Department,Property Damage Crash,2025-09-20 12:40:00,Maryland_State_Route,VEIRS MILL RD,FENTON ST,Rear vs Side,Right-of-Way Violation,Clear,Dry,Daylight,Stop Sign,None Detected,01F1378A-F930-4861-B20A-BB8BB4ABE90F,MD,ABAA8D39-0B9E-4664-B86D-41C9C64A63FF,Seven O Clock,PassengerCar,Parked,East,2.5,No,Yes,2020,TOYOTA,39.14267076,-77.19396359,Camry_Toyota,12,2025,9,20,12,Saturday,2025-09-20,38
2126,MCP2708009G,250043205,Montgomery_County_Police,Property Damage Crash,2025-09-25 18:12:00,Maryland_State_Route,UNIVERSITY BLVD E (WB/L),CAPITAL BELTWAY (WB/L),Rear-End (Same Direction),Driver Inattention,Clear,Dry,Daylight,Traffic Signal,Suspect Alcohol + Drug,80B8E7EB-4347-497F-99A1-4D2298E85B96,MD,5C88A0CD-4F10-4C46-8728-ECA7FD6EB526,Twelve O Clock,PassengerCar,ChangingLanes,Westbound,35.0,No,No,2006,TOYOTA,39.01531293,-77.00491265,Camry_Toyota,18,2025,9,25,18,Thursday,2025-09-25,39
2127,EJ78870061,250043093,Gaithersburg_Police_Department,Property Damage Crash,2025-09-25 08:30:00,Municipality_Route,W MARKET ST,CRYSTAL ROCK DR,Rear-End (Same Direction),Tailgating,Rain,Wet,Daylight,No Control,None Detected,D006EC4A-53B4-4955-8BAD-0E4846562D89,MD,BA5B7322-B436-487D-9AFD-215CA3666D25,VehicleNotAtScene,PassengerCar,MovingConstantSpeed,Westbound,25.0,No,No,2009,LEXUS,39.1205158,-77.23575675,RX 350_Lexus,8,2025,9,25,8,Thursday,2025-09-25,39
2128,MCP2927004W,250042268,Montgomery_County_Police,Property Damage Crash,2025-09-19 18:00:00,Maryland_State_Route,GEORGIA AVE,FENWICK LA,Angle Collision,Road Obstruction,Clear,Dry,Daylight,No Control,None Detected,DD555F1F-B5D7-40BE-AF65-9983B92E315F,MD,2CD720BD-8554-44D4-95C9-E81313979A2B,Five O Clock,PassengerCar,StoppedInTrafficLane,Northbound,25.0,No,No,2013,KIA,38.99827312,-77.03067809,Optima_Kia,18,2025,9,19,18,Friday,2025-09-19,38
2129,DM85240018,250043425,Takoma_Park_Police_Department,Property Damage Crash,2025-09-26 22:35:00,Maryland_State_Route,NEW HAMPSHIRE AVE,POST LA,Rear-End (Same Direction),Lane Violation,Clear,Dry,Dark - Lighted,Traffic Signal,None Detected,D6D6CF6F-3C88-48C1-9F45-A2D982A83ADE,MD,CDF7E88A-DA9D-4897-92C1-53E7EBAEE4FF,Twelve O Clock,Moped,MovingConstantSpeed,Northbound,25.0,No,No,2013,FORD,38.98423984,-76.98822916,F-150_Ford,22,2025,9,26,22,Friday,2025-09-26,39
2130,MCP2298018K,250042953,Montgomery_County_Police,Property Damage Crash,2025-09-24 12:51:00,Maryland_State_Route,WATKINS MILL RD,WATERS LANDING DR,Back-to-Back,Weather Related,Cloudy,Wet,Daylight,No Control,None Detected,1D327390-0A0A-4D3A-B2A9-3AEB34490101,MD,FA638401-153E-46D8-B35C-3AA68E6CA2C7,Eight O Clock,SingleUnitTruck,SlowingOrStopping,Unknown,2.5,No,No,2009,HYUNDAI,39.07721012,-77.07988369,Elantra_Hyundai,12,2025,9,24,12,Wednesday,2025-09-24,39
2131,MCP2102004Y,250041575,Montgomery_County_Police,Property Damage Crash,2025-09-16 07:51:00,County_Route,WARFIELD RD,LAYTON RIDGE DR,Sideswipe (Same Direction),Lane Violation,Clear,Dry,Daylight,Stop Sign,None Detected,1950230B-BCCF-4AC6-AF3D-824047A1D578,MD,887AECCA-9B7A-4EA6-9D88-088D43C864CC,Nine O Clock,SportUtilityVehicle,MovingConstantSpeed,Eastbound,30.0,No,No,2007,HYUNDAI,39.19679667,-77.14696167,Tucson_Hyundai,7,2025,9,16,7,Tuesday,2025-09-16,38
2132,MCP31260074,250043641,Montgomery_County_Police,Injury Crash,2025-09-28 14:47:00,County_Route,SHADY GROVE RD,WASHINGTON GROVE LA,Rear vs Side,Passing / Turning,Clear,Dry,Daylight,No Control,None Detected,4FDD727B-B685-4705-9AA8-89A36E93A377,MD,CE64E7C4-D956-492C-A950-1EE1A1DCA206,Eleven O Clock,PassengerCar,StoppedInTrafficLane,Northbound,2.5,No,No,2018,MAZDA,39.20020498,-77.24726207,Mazda3_Mazda,14,2025,9,28,14,Sunday,2025-09-28,39
2133,MCP2455008H,250043335,Montgomery_County_Police,Property Damage Crash,2025-09-26 14:18:00,Crossover,CHALMERS RD,ROCKVILLE PIKE (SB/L),Angle Collision,Traffic Control Violation,Clear,Dry,Daylight,Traffic Signal,None Detected,D25592D3-D698-4899-B734-66FB01629E19,MD,84FD93EE-34F9-4358-B5AE-7FFB2097F5DF,Twelve O Clock,SportUtilityVehicle,MovingConstantSpeed,Westbound,35.0,No,No,2012,TOYOTA,39.05746682,-77.12036499,RAV4_Toyota,14,2025,9,26,14,Friday,2025-09-26,39
2134,MCP2298018J,250042973,Montgomery_County_Police,Injury Crash,2025-09-24 14:13:00,Maryland_State_Route,GEORGIA AVE,BEALL AVE #2,Sideswipe (Same Direction),Passing / Turning,Cloudy,Dry,Daylight,No Control,None Detected,90144409-0A33-44F7-8FDD-A30BD8411AFE,MD,FDD34B65-6F85-49DA-8E97-78440E0A3FD1,Nine O Clock,SportUtilityVehicle,ChangingLanes,Northbound,30.0,No,No,2022,LEXUS,39.1559196,-77.06648744,RX_Lexus,14,2025,9,24,14,Wednesday,2025-09-24,39
2135,MCP33520035,250043660,Montgomery_County_Police,Injury Crash,2025-09-28 17:10:00,County_Route,MONTGOMERY VILLAGE AVE (SB/L),COLESVILLE RD,Rear-End (Same Direction),Lane Violation,Clear,Dry,Daylight,No Control,None Detected,2CAD4B97-A76E-484E-ABFF-7FCAB79CDF47,VA,3043C807-3430-4AF7-845F-B501BC295382,Seven O Clock,PassengerCar,MovingConstantSpeed,Westbound,35.0,No,No,2025,KIA,39.1638467,-77.20377636,Optima_Kia,17,2025,9,28,17,Sunday,2025-09-28,39
2136,MCP34290013,250043621,Montgomery_County_Police,Injury Crash,2025-09-28 12:17:00,Maryland_State_Route,GEORGIA AVE,COLLEGE VIEW DR,Angle Collision,Road Obstruction,Clear,Dry,Daylight,Stop Sign,None Detected,4CFDCC0A-E778-4A4D-8874-F399765C3E6D,MD,A3F06B65-D3C3-49A4-BC83-B17CD94B62FF,Ten O Clock,PassengerCar,StoppedInTrafficLane,South,10.0,No,No,2012,FORD,39.0851559,-77.0784974,Fusion_Ford,12,2025,9,28,12,Sunday,2025-09-28,39
2137,MCP3341005C,250042956,Montgomery_County_Police,Property Damage Crash,2025-09-24 12:09:00,County_Route,BUSHEY DR,LIBERTY LA,Other,Lane Violation,Clear,Dry,Daylight,No Control,None Detected,5F54E4CE-EB55-4647-AE0F-FE7C154511F9,MD,C1431C17-E94E-401A-902A-D4658086B1DB,Two O Clock,PassengerCar,MovingConstantSpeed,Southbound,25.0,No,No,2016,JEEP,39.05567183,-77.0788235,Compass_Jeep,12,2025,9,24,12,Wednesday,2025-09-24,39
2138,MCP32710063,250043370,Montgomery_County_Police,Injury Crash,2025-09-26 16:40:00,Maryland_State_Route,OLD GEORGETOWN RD (SB/L),BONIFANT RD,Rear-End (Same Direction),Congestion / Backup,Clear,Dry,Daylight,No Control,None Detected,1D17C969-C4FD-43D6-B6CA-10BA2DD7B26C,MD,C9F1B982-6EAD-47A9-AF48-FDC9DBA684A5,Six O Clock,PassengerCar,StoppedInTrafficLane,Southbound,35.0,No,No,2020,PORSCHE,39.01041589,-77.11529471,911_Porsche,16,2025,9,26,16,Friday,2025-09-26,39
2139,MCP25390033,250043577,Montgomery_County_Police,Property Damage Crash,2025-09-28 02:13:00,Interstate_Route,CAPITAL BELTWAY,GLENBROOK RD,Single Vehicle,Lane Violation,Clear,Dry,Dark - Lighted,No Control,None Detected,F9F98153-0D4E-4685-AA4A-5030E66A972A,VA,B2112018-8687-4AFA-AB8A-7CC10B9BC9D7,Seven O Clock,PassengerCar,MovingConstantSpeed,Eastbound,55.0,No,No,2021,NISSAN,38.98403695,-77.15981623,Sentra_Nissan,2,2025,9,28,2,Sunday,2025-09-28,39
2140,MCP31630097,250043822,Montgomery_County_Police,Property Damage Crash,2025-09-29 16:39:00,County_Route,PLATT RIDGE DR,JONES BRIDGE RD,Sideswipe (Same Direction),Congestion / Backup,Clear,Dry,Daylight,Traffic Signal,None Detected,9308361A-94CE-4B83-BAD2-3D95CBD6A88E,MD,EC0FF832-B1BE-44D4-ABA7-C96C6D721807,One O Clock,SportUtilityVehicle,SlowingOrStopping,North,35.0,No,No,2022,CHEVROLET,39.00013935,-77.08012892,Equinox_Chevrolet,16,2025,9,29,16,Monday,2025-09-29,40
2141,MCP296500BJ,250040784,Montgomery_County_Police,Injury Crash,2025-09-11 06:56:00,Maryland_State_Route,FREDERICK RD,SORREL AVE,Single Vehicle,Right-of-Way Violation,Cloudy,Dry,Dawn,Traffic Signal,None Detected,ACF142B3-1AE7-4D4E-A806-C8383CE25FC4,MD,E56FF95C-5452-4E93-9AA3-A8ED4DC35138,VehicleNotAtScene,PassengerCar,MovingConstantSpeed,Not On Roadway,2.5,No,No,2024,LEXUS,39.1102339,-76.99575384,ES_Lexus,6,2025,9,11,6,Thursday,2025-09-11,37
2142,DD57040002,250043203,Rockville_Police_Department,Property Damage Crash,2025-09-25 17:52:00,Maryland_State_Route,ROCKVILLE PIKE (SB/L),NEW HAMPSHIRE AVE,Other,Right-of-Way Violation,Clear,Dry,Daylight,No Control,None Detected,A1369FFC-41C4-49B5-B338-1D58D73CC857,MD,0E9546F0-2BBF-49AF-A9D4-AF998176118A,One O Clock,PassengerCar,Accelerating,North,35.0,No,No,2025,TOYOTA,39.07539889,-77.13716258,RAV4_Toyota,17,2025,9,25,17,Thursday,2025-09-25,39
2143,MCP3362006B,250043321,Montgomery_County_Police,Injury Crash,2025-09-26 13:49:00,County_Route,LOCKWOOD DR,COLUMBIA PIKE (SB/L),Sideswipe (Same Direction),Passing / Turning,Clear,Dry,Daylight,Traffic Signal,None Detected,6ED6C7A8-797E-4E13-B244-82E00D13A2E6,MD,30E2F8B4-320F-44A3-AEAD-9E2D76BE4212,Eight O Clock,TransitBus,MakingLeftTurn,Southbound,35.0,No,No,2013,HYUNDAI,39.03378342,-77.00231831,Tucson_Hyundai,13,2025,9,26,13,Friday,2025-09-26,39
2144,MCP3394001Z,250043273,Montgomery_County_Police,Property Damage Crash,2025-09-26 08:35:00,Interstate_Route,CAPITAL BELTWAY (WB/L),MAY ST,Sideswipe (Same Direction),Lane Violation,Clear,Dry,Daylight,No Control,None Detected,1C129DD8-3F91-4DCE-8BC9-2C428CF1FBE4,MD,9DC1603F-8F9B-4219-9440-35918FEA23A3,Nine O Clock,PassengerCar,MovingConstantSpeed,Westbound,55.0,No,No,2013,DODGE,39.0091061,-77.06654316,Charger_Dodge,8,2025,9,26,8,Friday,2025-09-26,39
2145,DD57040003,250043212,Rockville_Police_Department,Property Damage Crash,2025-09-25 18:52:00,Maryland_State_Route,FREDERICK RD,CONNECTICUT AVE,Other,Right-of-Way Violation,Clear,Dry,Daylight,Traffic Signal,None Detected,49617FFD-8629-4970-88D2-F4831CE5DCFF,MD,DD984B44-B0BC-4D21-8B12-FB3F9691DF27,One O Clock,PassengerCar,Accelerating,Northbound,35.0,No,No,2006,MINI,39.11919816,-77.17182588,Cooper_Mini,18,2025,9,25,18,Thursday,2025-09-25,39
2146,DM8528000S,250043852,Takoma_Park_Police_Department,Property Damage Crash,2025-09-29 19:30:00,Maryland_State_Route,SEVEN LOCKS RD,RAMP 4 FR MD 355 NB TO MONTROSE PKWY,Sideswipe (Opposite Direction),Backing Error,Clear,Dry,Dark - Lighted,Traffic Signal,Alcohol Present,53DE43EF-BAC8-47DD-AAA2-E9CFCC956EFD,MD,8A877825-4748-42C7-8860-D0D33D8DA0C6,VehicleNotAtScene,PassengerCar,Backing,Not On Roadway,2.5,No,No,2006,HONDA,38.98745569,-76.98624475,Odyssey_Honda,19,2025,9,29,19,Monday,2025-09-29,40
2147,MCP2763005K,250042579,Montgomery_County_Police,Injury Crash,2025-09-22 07:14:00,Other_Public_Roadway,AUGUSTINE WAY,WELLER RD,Single Vehicle,Driver Inattention,Cloudy,Dry,Daylight,No Control,None Detected,96659572-D1D4-42DB-9BDD-853958600CEC,MD,14DB6486-6DF4-4D7F-ACAB-C343BAF0BA90,Twelve O Clock,SportUtilityVehicle,MakingUTurn,Unknown,25.0,No,No,2021,TOYOTA,39.191395,-77.15808667,Camry_Toyota,7,2025,9,22,7,Monday,2025-09-22,39
2148,MCP3105005T,250043444,Montgomery_County_Police,Property Damage Crash,2025-09-27 04:15:00,Maryland_State_Route,GERMANTOWN RD,CEDAR LA,Rear-End (Same Direction),Driver Inattention,Clear,Dry,Dark - Lighted,No Control,None Detected,24D2CF74-C528-4BEC-BBED-268FE1CCD99B,MD,B5FF7F54-42B7-4FAD-B426-14B82A2B4824,Six O Clock,Van - Passenger (&lt;9 Seats),MovingConstantSpeed,Northbound,40.0,No,No,2013,DODGE,39.17219174,-77.27630068,Grand Caravan_Dodge,4,2025,9,27,4,Saturday,2025-09-27,39
2149,MCP2905007F,250043604,Montgomery_County_Police,Property Damage Crash,2025-09-28 10:15:00,Maryland_State_Route,SHADY GROVE RD,SAM EIG HWY,Rear-End (Same Direction),Tailgating,Clear,Dry,Daylight,No Control,None Detected,1D517626-5AE4-4CA0-9AF1-740375D1ECEF,VA,A4A25AD8-8313-456D-97AB-036242586ADD,Six O Clock,SportUtilityVehicle,StoppedInTrafficLane,Northbound,35.0,No,No,2024,LEXUS,39.02450083,-77.21823867,RX 350_Lexus,10,2025,9,28,10,Sunday,2025-09-28,39
2150,MCP285900JQ,250043940,Montgomery_County_Police,Property Damage Crash,2025-09-30 11:10:00,Maryland_State_Route,W DEER PARK RD,FIELDS RD,Other,Backing Error,Cloudy,Dry,Daylight,Traffic Signal,None Detected,5A2C39D9-DE16-4A6C-9898-0A74705F9905,MD,E499C9D6-A453-47E8-898C-68B914672810,Six O Clock,PickupTruck,Backing,Eastbound,2.5,No,No,2010,FORD,39.1301219,-77.16709776,F-150_Ford,11,2025,9,30,11,Tuesday,2025-09-30,40
2151,MCP94190069,250043145,Montgomery_County_Police,Property Damage Crash,2025-09-25 12:23:00,County_Route,E GUDE DR,PLUM ORCHARD DR,Angle Collision,Right-of-Way Violation,Cloudy,Wet,Daylight,Traffic Signal,None Detected,6EB18D73-D7B8-44EE-B8B0-CF3DA51D4B0D,MD,E8F65A85-B0A2-4708-AC9D-1122374F0CEA,Three O Clock,PassengerCar,Accelerating,Eastbound,40.0,No,No,2022,HONDA,39.10638871,-77.15239413,Civic_Honda,12,2025,9,25,12,Thursday,2025-09-25,39
2152,MCP2761007G,250043792,Montgomery_County_Police,Injury Crash,2025-09-29 13:44:00,County_Route,SHAKESPEARE BLVD (WB/L),FREDERICK RD,Angle Collision,Right-of-Way Violation,Clear,Dry,Daylight,Traffic Signal,None Detected,6BD46581-27AD-42B1-BB7A-62721872C4D8,MD,945A966D-159B-498E-8FAA-5A3A5EF5A9AC,One O Clock,SportUtilityVehicle,MakingLeftTurn,Southbound,45.0,No,No,2016,HONDA,39.19830347,-77.24476783,Pilot_Honda,13,2025,9,29,13,Monday,2025-09-29,40
2153,MCP296500BM,250042904,Montgomery_County_Police,Injury Crash,2025-09-24 07:25:00,County_Route,NORWOOD RD,NORBECK RD (WB/L),Head-On,Road Obstruction,Cloudy,Dry,Daylight,Traffic Signal,None Detected,82FA3D12-969E-4BBA-8187-2999F11E64E9,MD,68B92D22-A2BD-4581-8967-E33307961164,Eleven O Clock,PassengerCar,MovingConstantSpeed,North,40.0,No,No,2016,MAZDA,39.118964,-77.02112817,CX-5_Mazda,7,2025,9,24,7,Wednesday,2025-09-24,39
2154,MCP3254004M,250043628,Montgomery_County_Police,Property Damage Crash,2025-09-28 12:12:00,Maryland_State_Route,S SUMMIT AVE,RESEARCH BLVD,Rear-End (Same Direction),Tailgating,Clear,Dry,Daylight,No Control,None Detected,454C8574-C2E5-4E57-929E-97C813B4D22F,MD,602F1D89-FB5C-44D3-9F1B-C41007A9888E,One O Clock,PassengerCar,MovingConstantSpeed,Northbound,40.0,No,No,2002,HONDA,39.17261793,-77.35939951,Accord_Honda,12,2025,9,28,12,Sunday,2025-09-28,39
2155,MCP3254004M,250043628,Montgomery_County_Police,Property Damage Crash,2025-09-28 12:12:00,Maryland_State_Route,BEACH DR,ENT TO FEDERAL PLAZA S.C.,Rear-End (Same Direction),Right-of-Way Violation,Clear,Dry,Daylight,No Control,None Detected,3FA245C5-3672-4919-9266-AECD48EDFFFD,MD,991394E2-BE06-4E5D-8830-C4F1E49371F4,Six O Clock,SportUtilityVehicle,MakingRightTurn,Northbound,40.0,No,No,2007,CADILLAC,39.17261793,-77.35939951,CTS_Cadillac,12,2025,9,28,12,Sunday,2025-09-28,39
2156,DD5680001N,250043230,Rockville_Police_Department,Property Damage Crash,2025-09-25 21:09:00,Municipality_Route,CABIN JOHN PKWY,SUGAR RIDGE TERR,Single Vehicle,Weather Related,Clear,Wet,Dark - Lighted,No Control,None Detected,A95BE857-07C4-42B1-AEB0-8B65A193BFC8,MD,B01D7663-788A-4A54-805F-32EEECB980B4,Twelve O Clock,PickupTruck,SlowingOrStopping,Unknown,25.0,No,No,2007,CHEVROLET,39.0742631,-77.1508392,Silverado_Chevrolet,21,2025,9,25,21,Thursday,2025-09-25,39
2157,MCP3335003P,250043844,Montgomery_County_Police,Injury Crash,2025-09-29 18:10:00,Maryland_State_Route,NEW HAMPSHIRE AVE,OLD GEORGETOWN RD,Sideswipe (Same Direction),Right-of-Way Violation,Clear,Dry,Daylight,Other Pavement Marking,None Detected,93B5548E-2E55-4A78-8294-116A05119EDC,MD,F651456D-F35B-48CB-94D4-9407B2885A3D,Eleven O Clock,PassengerCar,Accelerating,Northbound,35.0,No,No,2016,HONDA,39.01459333,-76.97797833,Civic_Honda,18,2025,9,29,18,Monday,2025-09-29,40
2160,MCP3389001D,250043787,Montgomery_County_Police,Injury Crash,2025-09-29 12:28:00,County_Route,FORSTON DR,UNIVERSITY BLVD E,Angle Collision,Right-of-Way Violation,Cloudy,Dry,Daylight,Traffic Signal,None Detected,BB519DD3-C19C-44C2-AEFF-64FF312AA075,MD,9C7D9B31-FDDC-4355-B351-794DD221C2BA,One O Clock,PassengerCar,EnteringTrafficLane,Southbound,30.0,No,No,2020,TOYOTA,38.99476067,-76.9929484,Corolla_Toyota,12,2025,9,29,12,Monday,2025-09-29,40
2166,MCP3317003X,250043377,Montgomery_County_Police,Injury Crash,2025-09-26 16:59:00,US_State_Route,COLUMBIA PIKE,MARYLAND AVE,Angle Collision,Right-of-Way Violation,Clear,Dry,Daylight,No Control,Suspect Drug Only,00C249DA-4A0E-4E8A-99A9-73DECCE8D001,MD,7F39D1BB-0E15-4F20-B1DE-A82C694203C3,Twelve O Clock,PassengerCar,Accelerating,Northbound,45.0,No,No,2014,HONDA,39.05484396,-76.97331811,Accord_Honda,16,2025,9,26,16,Friday,2025-09-26,39
2167,MCP29890039,250043793,Montgomery_County_Police,Injury Crash,2025-09-29 13:49:00,County_Route,SHADY GROVE RD,MONTROSE VILLAGE TERR,Rear-End (Same Direction),Tailgating,Clear,Dry,Daylight,Traffic Signal,None Detected,059054A5-6181-4D3C-A0C9-333CBE1AE937,MD,508401FF-A02B-4AFB-BB3C-D28EAF23109E,Six O Clock,PassengerCar,SlowingOrStopping,Eastbound,40.0,No,No,2014,TOYOTA,39.1223116,-77.17772583,RAV4_Toyota,13,2025,9,29,13,Monday,2025-09-29,40
2170,MCP3389001C,250042913,Montgomery_County_Police,Injury Crash,2025-09-24 08:43:00,Maryland_State_Route,EISENHOWER MEMORIAL HWY,RITCHIE AVE,Angle Collision,Road Obstruction,Cloudy,Dry,Daylight,Stop Sign,None Detected,83A76087-7148-451B-B815-7914E3D8887C,MD,A2881B81-3818-4473-9FD6-B2C5318D2340,Two O Clock,PassengerCar,MovingConstantSpeed,East,25.0,No,No,2012,LINCOLN,38.9881262,-77.01230862,MKZ_Lincoln,8,2025,9,24,8,Wednesday,2025-09-24,39
2171,MCP3335003P,250043844,Montgomery_County_Police,Injury Crash,2025-09-29 18:10:00,Maryland_State_Route,NEW HAMPSHIRE AVE,SCHAEFFER RD,Sideswipe (Same Direction),Right-of-Way Violation,Clear,Dry,Daylight,Other Pavement Marking,None Detected,6D9C9231-B937-4188-9FE7-D1BC0450A4F2,MD,6B55A9A7-0F20-43AB-96AF-1D4240A58036,Ten O Clock,PassengerCar,ChangingLanes,Northbound,35.0,No,No,2023,HONDA,39.01459333,-76.97797833,Civic_Honda,18,2025,9,29,18,Monday,2025-09-29,40
2172,EJ7913001D,250043280,Gaithersburg_Police_Department,Property Damage Crash,2025-09-25 20:30:00,Municipality_Route,E DIAMOND AVE,N SUMMIT AVE S SUMMIT AVE,Rear-End (Same Direction),Weather Related,Clear,Wet,Dark - Lighted,Traffic Signal,None Detected,34412217-E935-4F07-915E-EC60C0F7E0F2,MD,7D0AA1DD-1951-4C56-97DA-296A5A094CCD,Six O Clock,PassengerCar,StoppedInTrafficLane,Southbound,25.0,No,No,2014,HONDA,39.14218188,-77.19337258,Odyssey_Honda,20,2025,9,25,20,Thursday,2025-09-25,39
2180,MCP33190041,250043086,Montgomery_County_Police,Property Damage Crash,2025-09-25 07:45:00,County_Route,WORTH AVE,FRANKLIN AVE,Angle Collision,Weather Related,Rain,Wet,Daylight,No Control,None Detected,861534AA-D4FA-4503-BD7A-8E9F886918EA,MD,0D61E1EE-D856-4D39-818B-D835FA18A686,Twelve O Clock,PassengerCar,Accelerating,West,25.0,No,No,2010,HONDA,39.00859433,-77.01675084,Fit_Honda,7,2025,9,25,7,Thursday,2025-09-25,39
2181,MCP3238003Q,250041180,Montgomery_County_Police,Property Damage Crash,2025-09-13 17:10:00,County_Route,VEIRS MILL RD,PARK VALLEY RD,Sideswipe (Same Direction),Passing / Turning,Clear,Dry,Daylight,Flashing Traffic Signal,None Detected,86E0B7BC-3072-453D-B64B-65E7AA356C71,MD,E4D490BA-D1CC-4598-A3C4-6943C16A69B8,Four O Clock,VanCargo,MakingRightTurn,Not On Roadway,2.5,No,No,2022,TOYOTA,38.99174878,-77.03238096,Avalon_Toyota,17,2025,9,13,17,Saturday,2025-09-13,37
2187,DM8505002S,250043606,Takoma_Park_Police_Department,Property Damage Crash,2025-09-28 10:11:00,Municipality_Route,E JEFFERSON ST,RANDOLPH RD,Rear vs Side,Driver Inattention,Clear,Dry,Daylight,Traffic Signal,None Detected,68E85884-B559-4556-A867-FD4CD30032BC,MD,95EC2D57-9A43-4BE4-8B3B-29496AF23C03,VehicleNotAtScene,PassengerCar,MovingConstantSpeed,Not On Roadway,2.5,No,No,2012,HONDA,38.98672517,-76.98693583,Civic_Honda,10,2025,9,28,10,Sunday,2025-09-28,39
2189,MCP3433000P,250043070,Montgomery_County_Police,Property Damage Crash,2025-09-25 05:58:00,Maryland_State_Route,INTERCOUNTY CONNECTOR (WB/L),EMORY GROVE RD,Angle Collision,Driver Inattention,Rain,Wet,Dark - Not Lighted,No Control,None Detected,9AEAF03F-66A4-4FD9-A99A-ECBEC7AF6E95,MD,17AA6E49-B2CB-4D15-AB18-D913019811D2,Eleven O Clock,PassengerCar,MovingConstantSpeed,Westbound,60.0,No,No,2006,CHEVROLET,39.08818167,-77.0271465,Tahoe_Chevrolet,5,2025,9,25,5,Thursday,2025-09-25,39
2196,DM8505002S,250043606,Takoma_Park_Police_Department,Property Damage Crash,2025-09-28 10:11:00,Maryland_State_Route,RITCHIE PKWY,SPENCERVILLE ADVENTIST ACADEMY,Rear vs Side,Weather Related,Clear,Dry,Daylight,Traffic Signal,None Detected,B6B1657C-F9FA-47C3-B661-50C03744C887,MD,5546376D-CC22-474D-B266-4E0C6A37E835,Seven O Clock,SportUtilityVehicle,Parked,South,2.5,No,Yes,2012,HONDA,38.98672517,-76.98693583,Pilot_Honda,10,2025,9,28,10,Sunday,2025-09-28,39
2198,EJ786600GJ,250044032,Gaithersburg_Police_Department,Property Damage Crash,2025-09-30 19:17:00,Municipality_Route,W DEER PARK RD (WB/L),MUDDY BRANCH RD,Rear vs Side,Traffic Control Violation,Clear,Dry,Dark - Lighted,Traffic Signal,None Detected,116233B5-483A-4E8F-B49A-B683CC99629A,MD,67968F39-6DA1-436F-8C1C-88460989A034,Twelve O Clock,SportUtilityVehicle,MovingConstantSpeed,Eastbound,40.0,No,No,2015,BMW,39.134811,-77.2057155,X3_BMW,19,2025,9,30,19,Tuesday,2025-09-30,40
2200,MCP203900D1,250042348,Montgomery_County_Police,Injury Crash,2025-09-20 08:37:00,County_Route,DEMOCRACY BLVD,WINSTON DR,Angle Collision,Driver Inattention,Cloudy,Ice,Daylight,No Control,None Detected,5C9B7C40-4A53-45FF-AC6C-E6B4DAEBC64B,MD,16FEE6A9-2CBF-4516-B90A-C444C48A93B1,Nine O Clock,PassengerCar,MovingConstantSpeed,Not On Roadway,2.5,No,No,2019,HONDA,39.08058814,-77.06941865,Civic_Honda,8,2025,9,20,8,Saturday,2025-09-20,38
2201,MCP22510030,250043898,Montgomery_County_Police,Property Damage Crash,2025-09-28 13:05:00,County_Route,VEIRS MILL RD,WILLARD AVE,Rear-End (Same Direction),Driver Inattention,Clear,Dry,Daylight,Traffic Signal,None Detected,5ED81F96-C670-4CD6-8DE8-AC5508C9EB37,MD,9C4DAC8B-3326-4FB1-B545-9F731A8D75E2,Four O Clock,PassengerCar,SlowingOrStopping,Unknown,2.5,No,No,2011,FORD,39.04058585,-77.15679338,F-150_Ford,13,2025,9,28,13,Sunday,2025-09-28,39
2205,EJ786600GJ,250044032,Gaithersburg_Police_Department,Property Damage Crash,2025-09-30 19:17:00,Municipality_Route,W DEER PARK RD (WB/L),MUDDY BRANCH RD,Rear vs Side,Right-of-Way Violation,Clear,Dry,Dark - Lighted,Traffic Signal,None Detected,57D9F644-730B-4F5C-AE4D-48E2636B5D77,MD,E47D1930-B917-4913-9FED-1927A87A6578,Three O Clock,PassengerCar,MakingLeftTurn,Southbound,40.0,No,No,2015,HONDA,39.134811,-77.2057155,Accord_Honda,19,2025,9,30,19,Tuesday,2025-09-30,40