Unnamed: 0,Report Number,Local Case Number,Agency Name,ACRS Report Type,Crash Date/Time,Route Type,Road Name,Cross-Street Name,Collision Type,Circumstance_Category,Weather,Surface Condition,Light,Traffic Control,Driver Substance Abuse,Person ID,Drivers License State,Vehicle ID,Vehicle First Impact Location,Vehicle Body Type,Vehicle Movement,Vehicle Going Dir,Speed Limit,Driverless Vehicle,Parked Vehicle,Vehicle Year,Vehicle Make,Latitude,Longitude,Vehicle Model,hour,Crash_year,Crash_month,Crash_day,Crash_hour,Crash_day_name,Crash_date,Crash_week
2208,MCP29890039,250043793,Montgomery_County_Police,Injury Crash,2025-09-29 13:49:00,County_Route,SHADY GROVE RD,APPLE RIDGE RD,Rear-End (Same Direction),Tailgating,Clear,Dry,Daylight,Traffic Signal,None Detected,898BE9BC-D902-4DF0-976A-AC61582CC3A4,MD,E7DABC88-A1EB-4E81-88D4-CD46CC539987,Twelve O Clock,SingleUnitTruck,SlowingOrStopping,Eastbound,40.0,No,No,2008,TOYOTA,39.1223116,-77.17772583,Camry_Toyota,13,2025,9,29,13,Monday,2025-09-29,40
2209,MCP137801DN,250043805,Montgomery_County_Police,Injury Crash,2025-09-29 15:11:00,Maryland_State_Route,CONNECTICUT AVE,OLDE TOWNE AVE,Rear-End (Same Direction),Congestion / Backup,Cloudy,Dry,Daylight,No Control,None Detected,9989A27F-7E24-4FFF-BCB1-8F94F98FFC16,MD,B25A81D1-F480-4807-BB27-4E256FB49704,Six O Clock,SportUtilityVehicle,StoppedInTrafficLane,Northbound,35.0,No,No,2019,HYUNDAI,39.00252903,-77.07715286,Tucson_Hyundai,15,2025,9,29,15,Monday,2025-09-29,40
2214,MCP33560034,250041676,Montgomery_County_Police,Property Damage Crash,2025-09-16 16:09:00,County_Route,WATERS LANDING DR,RAMP 3 FR IS 495 EB TO MD 97 NB,Rear-End (Same Direction),Tailgating,Cloudy,Dry,Daylight,No Control,None Detected,AFD13E74-EA06-4ACE-9871-ADC07A49A619,MD,FCED75FF-8A61-4717-80B1-325F20C407B1,VehicleNotAtScene,PickupTruck,ChangingLanes,Eastbound,25.0,No,No,2005,RAM,39.189662,-77.26916479,RAM_Ram,16,2025,9,16,16,Tuesday,2025-09-16,38
2219,EJ7916000R,250043839,Gaithersburg_Police_Department,Injury Crash,2025-09-29 18:00:00,Municipality_Route,STORY DR,BRADLEY LA,Sideswipe (Opposite Direction),Lane Violation,Cloudy,Dry,Daylight,No Control,None Detected,F10051DF-6DCB-4E74-8B9C-42BC2AEDCED4,MD,EC559751-EB54-484B-8E8B-FD082EC63D88,Eleven O Clock,Van - Passenger (&lt;9 Seats),ChangingLanes,Northbound,25.0,No,No,2010,FORD,39.11785705,-77.21248159,E-Series_Ford,18,2025,9,29,18,Monday,2025-09-29,40
2223,MCP3170004C,250044027,Montgomery_County_Police,Injury Crash,2025-09-30 19:12:00,County_Route,WATERS LANDING DR,WYNNFIELD DR,Single Vehicle,Traffic Control Violation,Clear,Dry,Dark - Not Lighted,Stop Sign,None Detected,739858F9-6A00-411F-8645-00967706C89D,MD,3F371DE7-54E9-4A74-B612-250F9912248A,Twelve O Clock,PassengerCar,MovingConstantSpeed,Northbound,25.0,No,No,2011,NISSAN,39.19138807,-77.28058491,Pathfinder_Nissan,19,2025,9,30,19,Tuesday,2025-09-30,40
2225,MCP23470063,250043923,Montgomery_County_Police,Property Damage Crash,2025-09-30 10:20:00,County_Route,CHERRY HILL ROAD,ROCKVILLE PIKE,Sideswipe (Same Direction),Lane Violation,Clear,Dry,Daylight,No Control,None Detected,386F9F4D-8AF0-45E4-8329-23100A9EBB81,MD,B97332C4-031E-496A-A2D0-2E923C59DC63,Twelve O Clock,PassengerCar,MovingConstantSpeed,Westbound,30.0,No,No,2024,FORD,39.0680293,-76.96141521,Transit_Ford,10,2025,9,30,10,Tuesday,2025-09-30,40
2227,MCP2107006W,250043743,Montgomery_County_Police,Property Damage Crash,2025-09-29 09:15:00,County_Route,GATEWAY CENTER DR,GOSHEN RD,Other,Backing Error,Clear,Dry,Daylight,No Control,None Detected,6AB958BA-E628-4764-A1CA-4642A952CE5E,MD,F444C410-10A3-4227-8667-C084E4A38319,Five O Clock,TruckTractor,Backing,Southbound,25.0,No,No,2019,TOYOTA,39.22892418,-77.28025387,Camry_Toyota,9,2025,9,29,9,Monday,2025-09-29,40
2232,DD5604005S,250043985,Rockville_Police_Department,Injury Crash,2025-09-30 15:42:00,Municipality_Route,FALLSMEAD WAY,DARNESTOWN RD,Single Vehicle,Right-of-Way Violation,Clear,Dry,Daylight,No Control,None Detected,C36567A7-E15C-4DBA-87A8-3FE8C349956A,MD,4ADF43E1-39BF-47C5-9BC8-6172A352C4FB,Six O Clock,Van - Passenger (&lt;9 Seats),Backing,East,25.0,No,No,2023,HONDA,39.07362533,-77.169709,Odyssey_Honda,15,2025,9,30,15,Tuesday,2025-09-30,40
2234,MCP3148008G,250043518,Montgomery_County_Police,Injury Crash,2025-09-27 17:16:00,Maryland_State_Route,OLD GEORGETOWN RD (SB/L),TUCKERMAN LA,Rear-End (Same Direction),Tailgating,Rain,Wet,Daylight,Traffic Signal,None Detected,7F1D7E5B-C20B-46FB-A671-F4A4E8AA46D8,MD,9EE8465D-C335-47AA-B5AB-84207A7E4147,Twelve O Clock,PassengerCar,Accelerating,Southbound,35.0,No,No,2013,HONDA,39.03465261,-77.12487691,Civic_Honda,17,2025,9,27,17,Saturday,2025-09-27,39
2242,MCP30530099,250040700,Montgomery_County_Police,Property Damage Crash,2025-09-11 16:03:00,County_Route,WATKINS MILL RD,BLUERIDGE AVE,Rear-End (Same Direction),Driver Inattention,Clear,Dry,Daylight,Traffic Signal,None Detected,9447A10A-E5F4-47E6-B64D-528B87582225,MD,0C82DC47-D040-4AC3-B8F3-72FDDCB5A323,VehicleNotAtScene,PassengerCar,SlowingOrStopping,Unknown,2.5,No,No,2012,TOYOTA,39.08061308,-77.08106613,Camry_Toyota,16,2025,9,11,16,Thursday,2025-09-11,37
2249,MCP137801DM,250043796,Montgomery_County_Police,Injury Crash,2025-09-29 14:05:00,County_Route,FERNWOOD RD,ROLLING FORK DR,Single Vehicle,Lane Violation,Cloudy,Dry,Daylight,No Control,None Detected,44909CAC-19BC-4024-BFBD-934848A83AA9,MD,6E732A53-4CDB-453F-AB87-1B182C759787,Eleven O Clock,PassengerCar,MovingConstantSpeed,Westbound,35.0,No,No,2008,MERCEDES-BENZ,39.00408439,-77.13453645,E-Class_Mercedes-Benz,14,2025,9,29,14,Monday,2025-09-29,40
2251,MCP203900D1,250042348,Montgomery_County_Police,Injury Crash,2025-09-20 08:37:00,County_Route,TECH RD,WALKERS CHOICE RD,Angle Collision,Right-of-Way Violation,Cloudy,Dry,Daylight,Traffic Signal,None Detected,1585DA4B-FE5C-4780-A331-B6FA7CAEB741,NC,AC8C66C2-3454-436D-B8BD-43CE57E7A845,Twelve O Clock,PickupTruck,MovingConstantSpeed,Eastbound,2.5,No,No,2015,FORD,39.08058814,-77.06941865,F-150_Ford,8,2025,9,20,8,Saturday,2025-09-20,38
2252,MCP3384001S,250043543,Montgomery_County_Police,Property Damage Crash,2025-09-27 21:00:00,Maryland_State_Route,GEORGIA AVE,NORBECK RD,Rear-End (Same Direction),Tailgating,Rain,Wet,Dark - Not Lighted,Traffic Signal,None Detected,FF9FE222-270A-443B-81C9-37CEE39481F9,MD,F7E2C10B-0994-4EA7-8E1D-01C4488601AB,Six O Clock,PassengerCar,SlowingOrStopping,Northbound,35.0,No,No,2008,LEXUS,39.01477167,-77.04235167,IS_Lexus,21,2025,9,27,21,Saturday,2025-09-27,39
2253,MCP235300DF,250042930,Montgomery_County_Police,Injury Crash,2025-09-24 10:19:00,County_Route,ATLANTIC AVE,CONNECTOR RD,Single Vehicle,Weather Related,Cloudy,Wet,Daylight,Traffic Signal,None Detected,4F660061-A966-446A-8912-B6521259F523,MD,371F10D4-911F-4F47-BD60-0259165FCBD5,Twelve O Clock,PassengerCar,MakingRightTurn,West,25.0,No,No,2005,JAGUAR,38.96460737,-77.13603942,XF_Jaguar,10,2025,9,24,10,Wednesday,2025-09-24,39
2258,MCP235300DC,250042754,Montgomery_County_Police,Property Damage Crash,2025-09-23 08:27:00,County_Route,DEMOCRACY BLVD,RIDGE RD,Angle Collision,Road Obstruction,Cloudy,Dry,Daylight,Traffic Signal,None Detected,98D180EC-98EF-487C-8BB9-CE4ECFD1042E,MD,EBCB89D9-F2C9-45BB-9FC8-D6EFC08E6D31,Nine O Clock,SportUtilityVehicle,MakingLeftTurn,North,25.0,No,No,2010,TOYOTA,39.02233829,-77.14863561,Camry_Toyota,8,2025,9,23,8,Tuesday,2025-09-23,39
2265,MCP3389001C,250042913,Montgomery_County_Police,Injury Crash,2025-09-24 08:43:00,Maryland_State_Route,MONTROSE RD,RITCHIE AVE,Angle Collision,Road Obstruction,Cloudy,Dry,Daylight,Stop Sign,None Detected,E41347BF-4A17-42AE-83BE-356EE275BB98,DC,55BE6AAB-6B7B-4790-8C81-4623BA553592,Twelve O Clock,PassengerCar,Accelerating,West,30.0,No,No,2010,TOYOTA,38.9881262,-77.01230862,Camry_Toyota,8,2025,9,24,8,Wednesday,2025-09-24,39
2271,MCP3058005V,250042994,Montgomery_County_Police,Property Damage Crash,2025-09-24 15:30:00,Maryland_State_Route,HUNGERFORD DR (SB/L),LAKE FOREST BLVD,Sideswipe (Same Direction),Lane Violation,Rain,Wet,Daylight,No Control,None Detected,4CF8E890-E070-432D-A74F-E943D8E05F48,MD,5ED6F12E-2BDF-4764-B237-F881C0512129,VehicleNotAtScene,TransitBus,ChangingLanes,Southbound,35.0,No,No,2017,NISSAN,39.10626792,-77.15826228,Pathfinder_Nissan,15,2025,9,24,15,Wednesday,2025-09-24,39
2274,MCP9301005W,250040098,Montgomery_County_Police,Property Damage Crash,2025-09-07 08:30:00,Bicycle_Route,WOODFIELD RD,GRANVILLE DR,Single Vehicle,Speed Related,Cloudy,Dry,Daylight,No Control,None Detected,4740A108-BCBB-47BC-AA9D-6583BF5A3BF2,MD,59EC4DAD-5767-4988-87B5-AA4F1FB62B7E,Six O Clock,PassengerCar,MovingConstantSpeed,Northbound,50.0,No,No,2009,TOYOTA,39.13768387,-77.25574921,Camry_Toyota,8,2025,9,7,8,Sunday,2025-09-07,36
2276,MCP3400002S,250043988,Montgomery_County_Police,Property Damage Crash,2025-09-30 16:05:00,County_Route,TECH RD,TECH RD,Sideswipe (Same Direction),Passing / Turning,Clear,Dry,Daylight,Traffic Signal,None Detected,F8A1C83F-9EDF-43C0-8AD7-105E5BE45F06,MD,2A448BDF-7DB3-4291-AC81-DBC862A70CAC,Eleven O Clock,SchoolBus,NegotiatingCurve,North,30.0,No,No,2024,TOYOTA,39.05785006,-76.96841293,Corolla_Toyota,16,2025,9,30,16,Tuesday,2025-09-30,40
2282,MCP2298018P,250043272,Montgomery_County_Police,Property Damage Crash,2025-09-26 09:10:00,County_Route,ASPEN HILL RD,ARCTIC AVE,Rear-End (Same Direction),Tailgating,Clear,Dry,Daylight,No Control,None Detected,15E4B98B-167C-4A91-93C1-5315EE900331,MD,86474E17-FEFF-4999-A12A-02BD9B04E4D2,Twelve O Clock,PassengerCar,SlowingOrStopping,Northbound,30.0,No,No,2012,NISSAN,39.06958304,-77.1043917,Rogue_Nissan,9,2025,9,26,9,Friday,2025-09-26,39
2284,MCP3317003X,250043377,Montgomery_County_Police,Injury Crash,2025-09-26 16:59:00,US_State_Route,COLUMBIA PIKE,FAIRLAND RD,Angle Collision,Speed Related,Clear,Dry,Daylight,No Control,None Detected,A41875E6-25A4-4C04-9AF6-14350DBE8070,MD,EF53F3D3-833A-4A2C-8658-E3A3EF32EBBF,One O Clock,PassengerCar,SlowingOrStopping,Southbound,45.0,No,No,2017,FORD,39.05484396,-76.97331811,Taurus_Ford,16,2025,9,26,16,Friday,2025-09-26,39
2285,EJ7903004X,250041433,Gaithersburg_Police_Department,Property Damage Crash,2025-09-15 12:00:00,Municipality_Route,MCBAIN AVE,CHESTNUT ST E DIAMOND AVE,Angle Collision,Traffic Control Violation,Clear,Dry,Daylight,Traffic Signal,None Detected,91704570-74AA-4314-A758-B94648F9FA78,MD,EAF27DA5-2B81-44D6-B945-3986AAF5FC62,Eleven O Clock,SportUtilityVehicle,MovingConstantSpeed,Westbound,30.0,No,No,2017,MAZDA,39.1429865,-77.202648,CX-5_Mazda,12,2025,9,15,12,Monday,2025-09-15,38
2286,MCP3384001S,250043543,Montgomery_County_Police,Property Damage Crash,2025-09-27 21:00:00,Maryland_State_Route,GEORGIA AVE,HURLEY AVE,Rear-End (Same Direction),Tailgating,Rain,Wet,Dark - Not Lighted,No Control,None Detected,77C90220-94DF-4D03-BD74-7ACEA0C08F02,MD,AC1977C4-CCBB-4CFF-8B0D-7879B7645FB5,Six O Clock,PassengerCar,SlowingOrStopping,Northbound,35.0,No,No,2019,TOYOTA,39.01477167,-77.04235167,C-HR_Toyota,21,2025,9,27,21,Saturday,2025-09-27,39
2288,MCP289100FL,250043071,Montgomery_County_Police,Injury Crash,2025-09-25 06:02:00,Maryland_State_Route,GEORGIA AVE,RAMP 4 FR MD 97 NB TO IS 495 EB,Rear-End (Same Direction),Weather Related,Rain,Wet,Dark - Lighted,Traffic Signal,None Detected,7E534278-FDEA-4333-A5D6-B864C194D1DB,MD,F0363A2E-E2D5-4CCF-A330-DE849A08C233,Six O Clock,PassengerCar,StoppedInTrafficLane,Northbound,30.0,No,No,2005,HONDA,39.01198711,-77.04133335,Odyssey_Honda,6,2025,9,25,6,Thursday,2025-09-25,39
2292,MCP23470063,250043923,Montgomery_County_Police,Property Damage Crash,2025-09-30 10:20:00,County_Route,ARCOLA AVE,ELLSWORTH DR,Sideswipe (Same Direction),Passing / Turning,Clear,Dry,Daylight,No Control,None Detected,BF84F9AB-D211-47C7-A03E-445D25F8D788,MD,D6CE651C-5BEF-4D71-9591-BBB24B6BFAE6,Eight O Clock,PassengerCar,MovingConstantSpeed,Eastbound,30.0,No,No,2016,JEEP,39.0680293,-76.96141521,Grand Cherokee_Jeep,10,2025,9,30,10,Tuesday,2025-09-30,40
2295,MCP3148008G,250043518,Montgomery_County_Police,Injury Crash,2025-09-27 17:16:00,Maryland_State_Route,OLD GEORGETOWN RD (SB/L),TUCKERMAN LA,Rear-End (Same Direction),Tailgating,Rain,Wet,Daylight,Traffic Signal,None Detected,F4D37D71-5583-4E5A-94E2-9F894FD53D58,MD,47A948D9-AEAF-4886-B2C9-18BA64E9811D,Six O Clock,PassengerCar,StoppedInTrafficLane,Southbound,35.0,No,No,2024,NISSAN,39.03465261,-77.12487691,Sentra_Nissan,17,2025,9,27,17,Saturday,2025-09-27,39
2297,MCP137801DN,250043805,Montgomery_County_Police,Injury Crash,2025-09-29 15:11:00,Maryland_State_Route,CONNECTICUT AVE,AVERY RD,Rear-End (Same Direction),Tailgating,Cloudy,Dry,Daylight,No Control,None Detected,1139829C-8AC3-4815-A806-4CADDB37AFBB,MD,F752B391-5A59-4567-B25A-65ED7DDD5778,Twelve O Clock,SportUtilityVehicle,SlowingOrStopping,Northbound,35.0,No,No,2021,HONDA,39.00252903,-77.07715286,CR-V_Honda,15,2025,9,29,15,Monday,2025-09-29,40
2301,MCP3384001S,250043543,Montgomery_County_Police,Property Damage Crash,2025-09-27 21:00:00,Maryland_State_Route,GEORGIA AVE,DEMOCRACY BLVD,Rear-End (Same Direction),Tailgating,Rain,Wet,Dark - Not Lighted,Flashing Traffic Signal,Suspect Alcohol Only,77006589-B4E8-4E79-9696-D07A30000167,MD,5589C3A2-8589-48A8-AD94-178B0C934EB4,Twelve O Clock,PassengerCar,MovingConstantSpeed,Northbound,35.0,No,No,2020,HYUNDAI,39.01477167,-77.04235167,Elantra_Hyundai,21,2025,9,27,21,Saturday,2025-09-27,39
2303,MCP2298018P,250043272,Montgomery_County_Police,Property Damage Crash,2025-09-26 09:10:00,County_Route,ASPEN HILL RD,RAMP 1 FR RAMP 8 (FR IS270) TO MD 124 EB,Rear-End (Same Direction),Driver Inattention,Clear,Dry,Daylight,No Control,None Detected,DC94E16B-184B-493F-9A0F-041D19BF1EDD,MD,A48822E0-2D9F-4D8A-AA22-2DD03EA5CF9E,Six O Clock,PassengerCar,MovingConstantSpeed,Northbound,30.0,No,No,2025,HYUNDAI,39.06958304,-77.1043917,Venue_Hyundai,9,2025,9,26,9,Friday,2025-09-26,39
2304,MCP3058005V,250042994,Montgomery_County_Police,Property Damage Crash,2025-09-24 15:30:00,Maryland_State_Route,HUNGERFORD DR (SB/L),MUDDY BRANCH RD,Sideswipe (Same Direction),Lane Violation,Rain,Wet,Daylight,No Control,None Detected,A3E08464-8127-4334-96CD-1F5EBF50CA9D,MD,34538875-51C1-41BE-8B6B-8423CDDC7683,Two O Clock,SportUtilityVehicle,MovingConstantSpeed,Southbound,35.0,No,No,2015,CADILLAC,39.10626792,-77.15826228,CTS_Cadillac,15,2025,9,24,15,Wednesday,2025-09-24,39
2305,MCP2761007F,250043632,Montgomery_County_Police,Property Damage Crash,2025-09-28 13:41:00,County_Route,RIDGE RD (NB/L),WELLER RD,Single Vehicle,Driver Inattention,Clear,Dry,Daylight,No Control,None Detected,0C2F2AD7-25F2-4656-BBC9-92DDBF2E63AD,MD,E625BECC-8FBE-4B66-B409-203388591A5B,One O Clock,SportUtilityVehicle,MovingConstantSpeed,Northbound,45.0,No,No,2014,FORD,39.203809,-77.24921283,Escape_Ford,13,2025,9,28,13,Sunday,2025-09-28,39
2309,EJ7903004X,250041433,Gaithersburg_Police_Department,Property Damage Crash,2025-09-15 12:00:00,Municipality_Route,MCBAIN AVE,CHESTNUT ST E DIAMOND AVE,Angle Collision,Right-of-Way Violation,Clear,Dry,Daylight,Traffic Signal,None Detected,B9A2119F-6995-4BF0-B06F-6A0F4C0D7DA7,MD,94A4C373-CE16-46A1-A81A-2882E8FEB462,Eleven O Clock,SportUtilityVehicle,MakingLeftTurn,Eastbound,30.0,No,No,2018,SUBARU,39.1429865,-77.202648,Outback_Subaru,12,2025,9,15,12,Monday,2025-09-15,38
2313,MCP137801DN,250043805,Montgomery_County_Police,Injury Crash,2025-09-29 15:11:00,Maryland_State_Route,CONNECTICUT AVE,WATERS LANDING DR,Rear-End (Same Direction),Congestion / Backup,Cloudy,Dry,Daylight,No Control,None Detected,F9E3D403-2687-42A8-9F17-83FB152EAA68,MD,4738A88E-D7FB-409B-8554-A77873997287,Six O Clock,SportUtilityVehicle,SlowingOrStopping,Northbound,35.0,No,No,2016,VOLVO,39.00252903,-77.07715286,XC90_Volvo,15,2025,9,29,15,Monday,2025-09-29,40
2319,MCP33190040,250042921,Montgomery_County_Police,Property Damage Crash,2025-09-24 08:58:00,Maryland_State_Route,UNIVERSITY BLVD E,INDIAN SPRING DR,Angle Collision,Right-of-Way Violation,Clear,Dry,Daylight,Stop Sign,None Detected,74725978-F90E-4F64-84FE-6710451E8429,MD,F18F1DA2-2B69-43BC-933A-0EB8329B2F13,Eight O Clock,PassengerCar,EnteringTrafficLane,South,25.0,No,No,2018,KIA,39.01345252,-77.00371501,Soul_Kia,8,2025,9,24,8,Wednesday,2025-09-24,39
2321,MCP3221004B,250043505,Montgomery_County_Police,Injury Crash,2025-09-27 15:54:00,County_Route,BRAMBLE BUSH CT,WESTBARD AVE,Angle Collision,Right-of-Way Violation,Rain,Wet,Daylight,No Control,None Detected,C8EC8202-0841-424D-9681-69012C0024DA,MD,8DE9F8C0-683B-40F9-BC08-23AD4FD93898,Twelve O Clock,PickupTruck,LeavingTrafficLane,Southbound,15.0,No,No,2014,FORD,39.17914383,-77.187928,F-150_Ford,15,2025,9,27,15,Saturday,2025-09-27,39
2322,MCP3113007G,250043103,Montgomery_County_Police,Injury Crash,2025-09-25 09:30:00,County_Route,LORAIN AVE,UNIVERSITY BLVD W,Angle Collision,Right-of-Way Violation,Rain,Wet,Daylight,No Control,None Detected,D0975B09-B501-46C3-B056-7619294D4518,MD,FBAF153B-1F64-4B8C-A18B-78E57D6E0E61,Four O Clock,PassengerCar,MakingLeftTurn,Northbound,30.0,No,No,2014,KIA,39.02183914,-77.01510091,Soul_Kia,9,2025,9,25,9,Thursday,2025-09-25,39
2324,MCP33190040,250042921,Montgomery_County_Police,Property Damage Crash,2025-09-24 08:58:00,Maryland_State_Route,UNIVERSITY BLVD E,INDIAN SPRING DR,Angle Collision,Road Obstruction,Clear,Dry,Daylight,No Control,None Detected,DE2BE480-61DD-4FC7-9A1A-5BB332AA348C,MD,0683E28B-6344-4779-B4AB-32D3D6582312,Twelve O Clock,SportUtilityVehicle,MovingConstantSpeed,South,35.0,No,No,2018,HONDA,39.01345252,-77.00371501,CR-V_Honda,8,2025,9,24,8,Wednesday,2025-09-24,39
2327,MCP34440014,250043516,Montgomery_County_Police,Injury Crash,2025-09-27 17:07:00,County_Route,GRACE CHURCH RD,SECOND AVE,Single Vehicle,Right-of-Way Violation,Clear,Dry,Daylight,Stop Sign,None Detected,00F3EBBF-C8A7-4107-891C-27600AB9E920,MI,0957FBBB-5831-4DAF-9E84-EA572FF20D0B,Two O Clock,PassengerCar,MovingConstantSpeed,Northbound,20.0,No,No,2025,NISSAN,39.00408276,-77.04105905,Altima_Nissan,17,2025,9,27,17,Saturday,2025-09-27,39
2339,MCP2298018P,250043272,Montgomery_County_Police,Property Damage Crash,2025-09-26 09:10:00,County_Route,ASPEN HILL RD,GREAT FALLS RD,Rear-End (Same Direction),Tailgating,Clear,Dry,Daylight,No Control,None Detected,C0A50888-CD84-471D-995C-81B723D50271,MD,4872B5CE-3403-4846-B928-8C4CA50B4C71,Six O Clock,PassengerCar,SlowingOrStopping,Northbound,30.0,No,No,2015,TOYOTA,39.06958304,-77.1043917,RAV4_Toyota,9,2025,9,26,9,Friday,2025-09-26,39
2343,MCP2738005R,250042569,Montgomery_County_Police,Property Damage Crash,2025-09-22 02:51:00,Ramp_Route,RAMP 9 FR RAMP 1 TO BRIGGS CHANEY RD EB,CAMERON ST,Rear-End (Same Direction),Road Obstruction,Clear,Dry,Dark - Lighted,Traffic Signal,None Detected,A0B21A93-090A-43C5-A862-64AD117786D1,MD,171DEB8E-EED3-4DC4-B888-4F0D3DA7843A,Six O Clock,PassengerCar,SlowingOrStopping,North,25.0,No,No,2018,TOYOTA,39.08264383,-76.9483315,Camry_Toyota,2,2025,9,22,2,Monday,2025-09-22,39
2345,MCP33560034,250041676,Montgomery_County_Police,Property Damage Crash,2025-09-16 16:09:00,County_Route,WATERS LANDING DR,GLENALLAN AVE,Rear-End (Same Direction),Tailgating,Cloudy,Dry,Daylight,No Control,None Detected,30067C15-852B-4F4D-9791-4FA55ED3796D,MD,EC3258AD-8309-446E-8E2C-C33B59CB6457,Seven O Clock,SchoolBus,SlowingOrStopping,Eastbound,25.0,No,No,2020,NISSAN,39.189662,-77.26916479,Altima_Nissan,16,2025,9,16,16,Tuesday,2025-09-16,38
2347,MCP2536005F,250043554,Montgomery_County_Police,Property Damage Crash,2025-09-27 22:30:00,Maryland_State_Route,KEY WEST AVE,ROUNDABOUT,Single Vehicle,Lane Violation,Clear,Dry,Dark - Lighted,Traffic Signal,None Detected,4BD42A1C-6E88-422D-8AB9-AE93BC580FC6,MD,51C6C36F-D6A7-4994-AA9E-045E3B266F48,Twelve O Clock,PassengerCar,MovingConstantSpeed,Westbound,40.0,No,No,2017,CHEVROLET,39.10352333,-77.191252,Silverado_Chevrolet,22,2025,9,27,22,Saturday,2025-09-27,39
2349,MCP3400002S,250043988,Montgomery_County_Police,Property Damage Crash,2025-09-30 16:05:00,County_Route,TECH RD,TECH RD,Sideswipe (Same Direction),Lane Violation,Clear,Dry,Daylight,Traffic Signal,None Detected,0A157E5F-9CFB-419A-B3D9-9D4B28E66121,PA,1FDE95ED-DD06-4C56-A1E3-856A64FF496F,VehicleNotAtScene,PassengerCar,NegotiatingCurve,North,30.0,No,No,2018,FORD,39.05785006,-76.96841293,F-150_Ford,16,2025,9,30,16,Tuesday,2025-09-30,40
2350,EJ7913001D,250043280,Gaithersburg_Police_Department,Property Damage Crash,2025-09-25 20:30:00,Municipality_Route,E DIAMOND AVE,N SUMMIT AVE S SUMMIT AVE,Rear-End (Same Direction),Tailgating,Clear,Wet,Dark - Lighted,Traffic Signal,None Detected,ED7379C8-5815-44AD-9956-BAE0BD253AAF,MD,0C4C1957-39AB-492A-9CEF-24B0DFA5B0F1,VehicleNotAtScene,PassengerCar,SlowingOrStopping,Southbound,25.0,No,No,2017,HYUNDAI,39.14218188,-77.19337258,Sonata_Hyundai,20,2025,9,25,20,Thursday,2025-09-25,39
2356,MCP33190041,250043086,Montgomery_County_Police,Property Damage Crash,2025-09-25 07:45:00,County_Route,WORTH AVE,FRANKLIN AVE,Angle Collision,Weather Related,Rain,Wet,Daylight,Stop Sign,None Detected,F46A8775-0466-4949-A7B7-1163DFCDED7D,MD,DB316CAA-CD13-4F17-AC3C-877B909621AD,Two O Clock,Van - Passenger (&lt;9 Seats),EnteringTrafficLane,East,25.0,No,No,2004,HONDA,39.00859433,-77.01675084,Odyssey_Honda,7,2025,9,25,7,Thursday,2025-09-25,39
2370,MCP2738005R,250042569,Montgomery_County_Police,Property Damage Crash,2025-09-22 02:51:00,Ramp_Route,RAMP 9 FR RAMP 1 TO BRIGGS CHANEY RD EB,ENT TO BUSINESS,Rear-End (Same Direction),Driver Inattention,Clear,Dry,Dark - Lighted,Traffic Signal,None Detected,98F950ED-23FE-4D0A-9782-5A87AFEC333F,MD,666C6A19-3D27-4DA6-9393-27BE0F59DBB2,Twelve O Clock,PassengerCar,MovingConstantSpeed,Unknown,25.0,No,No,2016,MERCEDES-BENZ,39.08264383,-76.9483315,C-Class_Mercedes-Benz,2,2025,9,22,2,Monday,2025-09-22,39
2375,MCP3389001D,250043787,Montgomery_County_Police,Injury Crash,2025-09-29 12:28:00,County_Route,FORSTON DR,UNIVERSITY BLVD E,Angle Collision,Right-of-Way Violation,Cloudy,Dry,Daylight,Stop Sign,None Detected,A75E0E70-DD0A-403D-8D1C-C0C223F7CF85,MD,4807F1A8-AE74-4A3D-A023-34FB63C3921E,Eleven O Clock,PassengerCar,Accelerating,Eastbound,25.0,No,No,2008,TOYOTA,38.99476067,-76.9929484,Camry_Toyota,12,2025,9,29,12,Monday,2025-09-29,40
2376,MCP32620068,250043837,Montgomery_County_Police,Injury Crash,2025-09-29 17:26:00,County_Route,UNIVERSITY BLVD W,GEORGIA AVE,Single Vehicle,Driver Inattention,Clear,Dry,Daylight,Traffic Signal,None Detected,BC2FA49A-E9BB-4BB7-96EA-3E1D7CCC2B07,MD,9439E986-2DA8-40F3-9034-946C8C84DF94,One O Clock,PassengerCar,MovingConstantSpeed,Unknown,2.5,No,No,2016,TOYOTA,39.04115237,-76.98401291,Camry_Toyota,17,2025,9,29,17,Monday,2025-09-29,40
2380,MCP2107006W,250043743,Montgomery_County_Police,Property Damage Crash,2025-09-29 09:15:00,County_Route,GATEWAY CENTER DR,LONGDRAFT RD,Other,Right-of-Way Violation,Clear,Dry,Daylight,No Control,None Detected,0E94426F-7CF1-4EA0-8333-E62F77005648,MD,2679C262-1141-4754-821C-FBE8A67BB602,Twelve O Clock,PassengerCar,StoppedInTrafficLane,Eastbound,30.0,No,No,2024,TESLA,39.22892418,-77.28025387,Model Y_Tesla,9,2025,9,29,9,Monday,2025-09-29,40