Unnamed: 0,Report Number,Local Case Number,Agency Name,ACRS Report Type,Crash Date/Time,Route Type,Road Name,Cross-Street Name,Collision Type,Circumstance_Category,Weather,Surface Condition,Light,Traffic Control,Driver Substance Abuse,Person ID,Drivers License State,Vehicle ID,Vehicle First Impact Location,Vehicle Body Type,Vehicle Movement,Vehicle Going Dir,Speed Limit,Driverless Vehicle,Parked Vehicle,Vehicle Year,Vehicle Make,Latitude,Longitude,Vehicle Model,hour,Crash_year,Crash_month,Crash_day,Crash_hour,Crash_day_name,Crash_date,Crash_week
2382,MCP235300DC,250042754,Montgomery_County_Police,Property Damage Crash,2025-09-23 08:27:00,County_Route,DEMOCRACY BLVD,SHAKESPEARE BLVD,Angle Collision,Road Obstruction,Cloudy,Dry,Daylight,Traffic Signal,None Detected,90E5F1ED-AADC-4BCA-A204-6159E84C78FE,MD,C22AE8E0-9F0F-4380-A06E-86BBD71EA051,Eleven O Clock,PassengerCar,MovingConstantSpeed,West,35.0,No,No,2005,NISSAN,39.02233829,-77.14863561,Sentra_Nissan,8,2025,9,23,8,Tuesday,2025-09-23,39
2385,MCP3113007G,250043103,Montgomery_County_Police,Injury Crash,2025-09-25 09:30:00,County_Route,LORAIN AVE,UNIVERSITY BLVD W,Angle Collision,Weather Related,Rain,Wet,Daylight,No Control,None Detected,9B299F42-A3EE-4C24-9192-670995C88229,MD,94100F02-9424-4188-B36A-76D7E95DBC83,Twelve O Clock,PassengerCar,MovingConstantSpeed,North,30.0,No,No,2021,SUBARU,39.02183914,-77.01510091,Forester_Subaru,9,2025,9,25,9,Thursday,2025-09-25,39
2387,MCP3335003P,250043844,Montgomery_County_Police,Injury Crash,2025-09-29 18:10:00,Maryland_State_Route,NEW HAMPSHIRE AVE,CONNECTICUT AVE,Sideswipe (Same Direction),Right-of-Way Violation,Clear,Dry,Daylight,Other Pavement Marking,None Detected,070F26A9-ABDD-4D7D-B679-28B3192256AC,MD,B1661B67-631E-4221-9F9E-6E394887EE4E,Twelve O Clock,PassengerCar,Accelerating,Northbound,35.0,No,No,2017,HONDA,39.01459333,-76.97797833,Accord_Honda,18,2025,9,29,18,Monday,2025-09-29,40
2390,MCP32080076,250043429,Montgomery_County_Police,Injury Crash,2025-09-25 22:00:00,Maryland_State_Route,COLUMBIA PIKE,SHOREFIELD RD,Single Vehicle,Speed Related,Clear,Wet,Dark - Lighted,No Control,None Detected,10B821BE-C9AC-4CF8-B35F-292033DA6E22,MD,B02FABA0-38FA-4595-B10C-B95632B2ABC8,Twelve O Clock,PassengerCar,NegotiatingCurve,Not On Roadway,2.5,No,No,2009,HYUNDAI,38.99664585,-77.02309982,Elantra_Hyundai,22,2025,9,25,22,Thursday,2025-09-25,39
2391,MCP289100FL,250043071,Montgomery_County_Police,Injury Crash,2025-09-25 06:02:00,Maryland_State_Route,GEORGIA AVE,RAMP 4 FR MD 97 NB TO IS 495 EB,Rear-End (Same Direction),Tailgating,Rain,Wet,Dark - Lighted,Traffic Signal,None Detected,FCC8AF15-7FC8-4505-958B-8A94A9E81605,MD,45038DAB-3381-4AB1-BCD8-0A4749C4C9DD,Twelve O Clock,PassengerCar,SlowingOrStopping,Northbound,30.0,No,No,2006,FORD,39.01198711,-77.04133335,F-150_Ford,6,2025,9,25,6,Thursday,2025-09-25,39
2393,DM84930053,250042508,Takoma_Park_Police_Department,Property Damage Crash,2025-09-21 13:51:00,Maryland_State_Route,DORSEY RD,FENWICK LA,Sideswipe (Opposite Direction),Backing Error,Clear,Wet,Daylight,Traffic Signal,None Detected,7CEEA83C-707C-4300-8576-22708015A2B3,MD,166D0F2A-9460-4C79-96A5-BA86394E1410,VehicleNotAtScene,PassengerCar,Backing,Not On Roadway,2.5,No,No,2020,MAZDA,38.98708199,-76.98758172,Mazda3_Mazda,13,2025,9,21,13,Sunday,2025-09-21,38
2395,MCP28000073,250044434,Montgomery_County_Police,Property Damage Crash,2025-09-30 20:33:00,Municipality_Route,SHADY GROVE RD,MUDDY BRANCH RD,Rear-End (Same Direction),Backing Error,Clear,Dry,Dark - Lighted,No Control,None Detected,20F65486-BFB0-427F-BF31-88587FD846C4,MD,2A965810-25E8-4CF0-B04A-10C63ACBE625,Six O Clock,PassengerCar,Backing,Not On Roadway,2.5,No,No,2024,SUBARU,38.97829082,-77.09009821,Crosstrek_Subaru,20,2025,9,30,20,Tuesday,2025-09-30,40
2402,MCP1534001S,250045017,Montgomery_County_Police,Property Damage Crash,2025-09-30 11:00:00,Maryland_State_Route,RANDOLPH RD,PARK RD,Rear-End (Same Direction),Driver Inattention,Clear,Dry,Daylight,No Control,None Detected,DB660563-F779-4853-B032-7496374E1B6A,MD,323D0389-34CB-4FCC-98A8-DB8097E87406,VehicleNotAtScene,PassengerCar,MovingConstantSpeed,Unknown,2.5,No,No,2015,HONDA,39.17958207,-77.20194166,Civic_Honda,11,2025,9,30,11,Tuesday,2025-09-30,40
2407,MCP3436001D,250043106,Montgomery_County_Police,Property Damage Crash,2025-09-25 09:57:00,Maryland_State_Route,WISCONSIN AVE,DALE DR,Sideswipe (Same Direction),Driver Inattention,Rain,Wet,Daylight,No Control,None Detected,D63BDEEA-DDCA-4A6F-9525-C0591371ECEF,MD,CB43548D-00BA-417D-AA16-064C56F28FA0,Five O Clock,OtherBus,MakingRightTurn,Not On Roadway,2.5,No,No,2016,FORD,38.99331535,-77.02991446,Escape_Ford,9,2025,9,25,9,Thursday,2025-09-25,39
2421,MCP3228006V,250043756,Montgomery_County_Police,Property Damage Crash,2025-09-29 09:30:00,Maryland_State_Route,RAMP 1 FR RAMP 4 (FR IS270) TO MD 189 WB,GLEN EAGLES CT,Single Vehicle,Driver Inattention,Clear,Dry,Daylight,No Control,None Detected,12A993A1-4F86-4D1C-8A39-E42F0598B7DE,MD,97C94FEA-9599-4D6F-A3B0-ADEF9F66AFD8,RoofTop,OtherTruck,MakingRightTurn,Not On Roadway,2.5,No,No,2004,FORD,39.11348482,-77.23524898,F-450_Ford,9,2025,9,29,9,Monday,2025-09-29,40
2449,MCP3409000W,250039274,Montgomery_County_Police,Property Damage Crash,2025-09-02 14:54:00,Maryland_State_Route,QUINCE ORCHARD RD,ORCHARD RIDGE DR (NB/L),Angle Collision,Right-of-Way Violation,Clear,Dry,Daylight,Traffic Signal,None Detected,645E5AFA-C676-4E75-A56D-BDDBBCE89063,MD,1275CE82-07BA-49FF-B1BA-8A75F72B0C59,Twelve O Clock,PassengerCar,MakingLeftTurn,East,40.0,No,No,2012,TOYOTA,39.12905488,-77.233597,Corolla_Toyota,14,2025,9,2,14,Tuesday,2025-09-02,36
2460,MCP311100BC,250042142,Montgomery_County_Police,Injury Crash,2025-09-19 07:20:00,County_Route,CHELTENHAM DR,PEARL ST,Single Vehicle,Right-of-Way Violation,Clear,Dry,Daylight,Stop Sign,None Detected,E25F3145-9CBF-4DB0-BC70-EB409D486B9F,MD,CB24B0BA-DAD9-4DEC-AEB5-87BA515A34D8,Eleven O Clock,PassengerCar,MakingLeftTurn,West,20.0,No,No,2020,TOYOTA,38.98857218,-77.09170852,RAV4_Toyota,7,2025,9,19,7,Friday,2025-09-19,38
2522,MCP3384001R,250043329,Montgomery_County_Police,Property Damage Crash,2025-09-26 14:40:00,Maryland_State_Route,NEW HAMPSHIRE AVE,E RANDOLPH RD (WB/L),Rear vs Side,Congestion / Backup,Clear,Dry,Daylight,Traffic Signal,None Detected,4AA5331D-3DF4-4E5B-863C-8880E0503580,MD,C97F4DB8-BF99-4933-9550-DE196CDD9C40,Twelve O Clock,PassengerCar,MovingConstantSpeed,East,40.0,No,No,2016,FORD,39.0757645,-77.001823,F-150_Ford,14,2025,9,26,14,Friday,2025-09-26,39
2532,MCP209400PS,250043930,Montgomery_County_Police,Injury Crash,2025-09-30 10:34:00,Maryland_State_Route,BRADLEY BLVD,RUSSELL AVE,Single Vehicle,Speed Related,Clear,Dry,Daylight,No Control,None Detected,93848C4E-372A-4890-BDDE-C84AA71886B7,VA,0C313CCA-5859-418A-9B92-CB93920B690B,Twelve O Clock,OtherTruck,MovingConstantSpeed,Eastbound,35.0,No,No,2023,HYUNDAI,39.00242067,-77.13288,Elantra_Hyundai,10,2025,9,30,10,Tuesday,2025-09-30,40
2550,MCP311100B9,250041820,Montgomery_County_Police,Property Damage Crash,2025-09-17 13:13:00,Maryland_State_Route,BRADLEY BLVD,ARLINGTON RD,Rear-End (Same Direction),Weather Related,Cloudy,Wet,Daylight,Traffic Signal,None Detected,C4B4C8CD-31C7-416C-92C0-0DEEB9C34BD9,MD,D6F21EB4-987A-422F-A44E-B8B1A2E14239,Six O Clock,PassengerCar,StoppedInTrafficLane,West,25.0,No,No,2017,TOYOTA,38.97806889,-77.09874321,Camry_Toyota,13,2025,9,17,13,Wednesday,2025-09-17,38
2552,MCP2464003Z,250042460,Montgomery_County_Police,Property Damage Crash,2025-09-21 01:40:00,Ramp_Route,RAMP 1 FR RAMP 4 (FR US 29) TO MD 198 WB,CONTOUR RD,Single Vehicle,Driver Inattention,Clear,Dry,Dark - Lighted,Other,None Detected,08D03B56-FDA8-4B28-9047-0B4A7F2BC1A5,MD,4B103AF4-AEA8-48A9-BEEC-5DCDF46E0E90,Twelve O Clock,PassengerCar,MovingConstantSpeed,Unknown,30.0,No,No,2019,KIA,39.11143583,-76.92873933,Optima_Kia,1,2025,9,21,1,Sunday,2025-09-21,38
2591,MCP311100B9,250041820,Montgomery_County_Police,Property Damage Crash,2025-09-17 13:13:00,Maryland_State_Route,BRADLEY BLVD,ARLINGTON RD,Rear-End (Same Direction),Weather Related,Cloudy,Wet,Daylight,Traffic Signal,None Detected,D7BEBDA9-0EE1-4937-B7A8-42E12EDECF6E,MD,02A60870-BAFA-41E5-89EB-BDFCA31A746F,Twelve O Clock,TransitBus,SlowingOrStopping,North,25.0,No,No,2016,TOYOTA,38.97806889,-77.09874321,Camry_Toyota,13,2025,9,17,13,Wednesday,2025-09-17,38
2609,MCP3360002F,250044048,Montgomery_County_Police,Property Damage Crash,2025-09-30 22:41:00,Maryland_State_Route,MIDCOUNTY HWY,DENFIELD CT,Angle Collision,Right-of-Way Violation,Clear,Dry,Dark - Lighted,No Control,None Detected,0C4D4AF9-EEA5-4C80-BDFD-A3DA9A05F7EE,MD,E08D503C-B3F5-4FAE-9D89-CE52326BBDB6,Ten O Clock,PassengerCar,EnteringTrafficLane,Eastbound,50.0,No,No,2015,TOYOTA,39.15993313,-77.20166686,RAV4_Toyota,22,2025,9,30,22,Tuesday,2025-09-30,40
2672,EJ7870007W,250043351,Gaithersburg_Police_Department,Property Damage Crash,2025-09-26 16:04:00,Municipality_Route,MARYLAND AVE,FREDERICK RD,Angle Collision,Right-of-Way Violation,Clear,Dry,Daylight,No Control,None Detected,2A2BCDF9-B64C-4E76-9BBB-423509D17123,MD,B4C81B43-A9BE-47D3-AED5-6378F95B0E0F,Two O Clock,PassengerCar,MovingConstantSpeed,Southbound,35.0,No,No,2018,NISSAN,39.1448985,-77.20276117,Altima_Nissan,16,2025,9,26,16,Friday,2025-09-26,39
2693,MCP3360002F,250044048,Montgomery_County_Police,Property Damage Crash,2025-09-30 22:41:00,Maryland_State_Route,MIDCOUNTY HWY,BEACH DR,Angle Collision,Road Obstruction,Clear,Dry,Dark - Lighted,No Control,None Detected,992DAC3B-4414-47A3-A1F3-CF181114709F,MD,E40AE76E-1C4D-4C90-9724-67C36202EDB5,Two O Clock,PassengerCar,MovingConstantSpeed,Eastbound,50.0,No,No,2006,TOYOTA,39.15993313,-77.20166686,RAV4_Toyota,22,2025,9,30,22,Tuesday,2025-09-30,40
2700,MCP2503002F,250043087,Montgomery_County_Police,Property Damage Crash,2025-09-25 07:54:00,County_Route,QUERY MILL RD,MACARTHUR BLVD,Single Vehicle,Driver Inattention,Rain,Wet,Daylight,No Control,None Detected,F74FC78F-0E53-48CD-831D-2AD972631538,MD,EE76CDCF-AD90-4B86-AB5F-9B8C9B58BE69,One O Clock,SchoolBus,MovingConstantSpeed,Westbound,25.0,No,No,2019,TOYOTA,39.07470167,-77.28259,Camry_Toyota,7,2025,9,25,7,Thursday,2025-09-25,39
2746,EJ7870007W,250043351,Gaithersburg_Police_Department,Property Damage Crash,2025-09-26 16:04:00,Municipality_Route,MARYLAND AVE,FREDERICK RD,Angle Collision,Right-of-Way Violation,Clear,Dry,Daylight,Stop Sign,None Detected,C6FDB9DB-2A72-41FF-B2AE-F5E820F8CEF4,MD,6B827103-8AB8-4499-9156-51F2A171A760,VehicleNotAtScene,PassengerCar,EnteringTrafficLane,Eastbound,15.0,No,No,2015,CHEVROLET,39.1448985,-77.20276117,Silverado_Chevrolet,16,2025,9,26,16,Friday,2025-09-26,39
2757,MCP3384001R,250043329,Montgomery_County_Police,Property Damage Crash,2025-09-26 14:40:00,Maryland_State_Route,NEW HAMPSHIRE AVE,E RANDOLPH RD (WB/L),Rear vs Side,Right-of-Way Violation,Clear,Dry,Daylight,Traffic Signal,None Detected,59CE75B1-A16A-4222-A88C-77C0E00DAB64,MD,D80312F7-9B2C-4FF1-9871-3BBB76F238BD,Two O Clock,SportUtilityVehicle,MakingLeftTurn,Eastbound,40.0,No,No,2023,CHEVROLET,39.0757645,-77.001823,Tahoe_Chevrolet,14,2025,9,26,14,Friday,2025-09-26,39
2802,MCP3409000W,250039274,Montgomery_County_Police,Property Damage Crash,2025-09-02 14:54:00,Maryland_State_Route,QUINCE ORCHARD RD,ORCHARD RIDGE DR (NB/L),Angle Collision,Road Obstruction,Clear,Dry,Daylight,Traffic Signal,None Detected,D0E40712-CD09-4C60-AFE7-B2D99B8BE0C7,MD,BD35EE30-592C-4FD7-A6DB-AFE12BAEE01A,Seven O Clock,PickupTruck,MovingConstantSpeed,North,40.0,No,No,2022,CHEVROLET,39.12905488,-77.233597,Silverado_Chevrolet,14,2025,9,2,14,Tuesday,2025-09-02,36
2813,MCP33510036,250043558,Montgomery_County_Police,Property Damage Crash,2025-09-20 22:55:00,County_Route,SEMINOLE ST,FRANKLIN AVE,Single Vehicle,Lane Violation,Clear,Dry,Dark - Unknown Lighting,No Control,None Detected,DCB0E6E1-37D4-4111-AF74-EA4D06ACD721,MD,5AD72DDE-DA6A-4F2C-A4C5-6596E0EC8514,Ten O Clock,PassengerCar,MovingConstantSpeed,Westbound,30.0,No,No,2017,FORD,39.01092889,-77.00533646,Taurus_Ford,22,2025,9,20,22,Saturday,2025-09-20,38
2831,MCP3432002D,250043318,Montgomery_County_Police,Property Damage Crash,2025-09-26 13:46:00,Maryland_State_Route,GEORGIA AVE,CAMERON ST,Rear-End (Same Direction),Tailgating,Clear,Dry,Daylight,No Control,None Detected,EAE9B949-46D0-4D9B-BD39-AD8459EADBD9,MD,D25BEE21-24C4-4F92-8B2F-CA41F5E22FD9,Six O Clock,SportUtilityVehicle,SlowingOrStopping,Northbound,35.0,No,No,2021,LEXUS,39.09181919,-77.0796372,ES_Lexus,13,2025,9,26,13,Friday,2025-09-26,39
2837,MCP32750039,250043443,Montgomery_County_Police,Injury Crash,2025-09-27 03:43:00,Bicycle_Route,16TH ST,W HUNTER RD,Head-On,Road Obstruction,Clear,Dry,Dark - Lighted,No Control,None Detected,24189F9C-82E5-4ECC-94EB-6C1C64991460,VA,9C544954-D76B-4AEE-91EE-34420F732E91,Twelve O Clock,PassengerCar,Parked,Unknown,40.0,No,Yes,2011,BMW,39.04509467,-76.95790038,3 Series_BMW,3,2025,9,27,3,Saturday,2025-09-27,39
2853,MCP3063005D,250042341,Montgomery_County_Police,Property Damage Crash,2025-09-20 07:26:00,Local_Route,ROTHBURY DR,ARROWHEAD RD ROTHBURY DR,Single Vehicle,Driver Inattention,Clear,Dry,Daylight,No Control,None Detected,83E5480E-F455-4428-ABBC-639A195153C5,MD,B840599C-DD00-4B54-8B09-2FDE6B311091,VehicleNotAtScene,PassengerCar,RightTurnOnRed,Not On Roadway,30.0,No,No,1999,KIA,39.1851946,-77.19392967,Optima_Kia,7,2025,9,20,7,Saturday,2025-09-20,38
2856,MCP29020071,250043492,Montgomery_County_Police,Injury Crash,2025-09-27 13:43:00,County_Route,SELFRIDGE RD,FRANKFORT DR,Angle Collision,Traffic Control Violation,Clear,Dry,Daylight,Stop Sign,None Detected,05115534-721A-4F04-B7A7-364703754FA4,MD,70A61947-E30E-4222-86A0-61659650F6A8,Twelve O Clock,PassengerCar,Accelerating,Westbound,25.0,No,No,2007,HONDA,39.05791072,-77.08752748,Civic_Honda,13,2025,9,27,13,Saturday,2025-09-27,39
2866,MCP2437005Z,250042514,Montgomery_County_Police,Property Damage Crash,2025-09-21 13:23:00,Ramp_Route,RAMP 1 FR RAMP 4 (FR IS270) TO MD 189 WB,COLESVILLE RD,Sideswipe (Same Direction),Weather Related,Cloudy,Dry,Daylight,Traffic Signal,None Detected,148454C1-F3FA-4DE1-8FF7-49CA59CBC514,MD,55A0872C-095D-4DB0-9B37-53834F574104,Three O Clock,SportUtilityVehicle,Accelerating,South,20.0,No,No,2022,VOLKSWAGEN,39.07399799,-77.16414431,Atlas Cross Sport_Volkswagen,13,2025,9,21,13,Sunday,2025-09-21,38
2872,MCP292300FC,250043092,Montgomery_County_Police,Property Damage Crash,2025-09-28 08:32:00,Maryland_State_Route,CONNECTICUT AVE (SB/L),E GUDE DR,Rear-End (Same Direction),Weather Related,Rain,Wet,Daylight,No Control,None Detected,C0F0BECB-F344-4665-B903-BFDFDF4F413F,MD,1E693853-7ED0-4B50-B3A2-D840EA0DEC27,Six O Clock,PassengerCar,StoppedInTrafficLane,Not On Roadway,40.0,No,No,2021,BMW,39.05224067,-77.07479676,3 Series_BMW,8,2025,9,28,8,Sunday,2025-09-28,39
2877,MCP268900D3,250042581,Montgomery_County_Police,Injury Crash,2025-09-22 07:35:00,County_Route,STONEY CREEK RD,RIVER RD,Angle Collision,Speed Related,Cloudy,Dry,Daylight,No Control,None Detected,F4001563-0AA4-41E2-A16D-44AE47349892,MD,2C9A3494-E96C-4F75-87AF-FCEB7901143A,Twelve O Clock,SingleUnitTruck,SlowingOrStopping,Westbound,40.0,No,No,2017,BMW,39.04486048,-77.26137033,3 Series_BMW,7,2025,9,22,7,Monday,2025-09-22,39
2895,MCP2738005S,250043563,Montgomery_County_Police,Injury Crash,2025-09-28 00:01:00,Maryland_State_Route,E RANDOLPH RD,BEALLSVILLE RD,Other,Weather Related,Rain,Wet,Dark - Lighted,Traffic Signal,None Detected,32D8FA8B-89EB-4196-A19E-995F8B48651E,MD,6268FD83-A1D7-42B4-A72C-3FA607BD76EC,Six O Clock,PassengerCar,StoppedInTrafficLane,Eastbound,35.0,No,No,2013,NISSAN,39.06276933,-76.96381483,Rogue_Nissan,0,2025,9,28,0,Sunday,2025-09-28,39
2898,MCP3436001C,250043076,Montgomery_County_Police,Injury Crash,2025-09-25 07:06:00,Maryland_State_Route,GEORGIA AVE (SB/L),GRACE CHURCH RD,Angle Collision,Weather Related,Rain,Wet,Other,No Control,None Detected,7178F0DB-0CEC-4707-91FA-9BF721BF9DD0,MD,37D59C7B-90D1-4EEB-9A09-28E2E9B75556,Twelve O Clock,PassengerCar,SlowingOrStopping,Southbound,30.0,No,No,2000,HONDA,39.00538683,-77.03838617,Civic_Honda,7,2025,9,25,7,Thursday,2025-09-25,39
2902,MCP29020071,250043492,Montgomery_County_Police,Injury Crash,2025-09-27 13:43:00,County_Route,SELFRIDGE RD,LOCKWOOD DR,Angle Collision,Right-of-Way Violation,Clear,Dry,Daylight,Stop Sign,None Detected,79BEA5DF-C53F-4935-BDA2-FA7EE0955969,MD,AD26485C-C1F4-4854-A8E1-B2B874542AFC,Eleven O Clock,PickupTruck,MovingConstantSpeed,Southbound,25.0,No,No,2022,TOYOTA,39.05791072,-77.08752748,Tacoma_Toyota,13,2025,9,27,13,Saturday,2025-09-27,39
2911,MCP3436001C,250043076,Montgomery_County_Police,Injury Crash,2025-09-25 07:06:00,Maryland_State_Route,GEORGIA AVE (SB/L),GRACE CHURCH RD,Angle Collision,Right-of-Way Violation,Rain,Wet,Other,No Control,None Detected,5A277CBA-9222-4360-88F3-5FFC41961370,MD,B991FB0B-016D-498F-953D-BDB51A179960,Five O Clock,PassengerCar,MakingLeftTurn,Westbound,30.0,No,No,2023,LEXUS,39.00538683,-77.03838617,ES_Lexus,7,2025,9,25,7,Thursday,2025-09-25,39
2950,HA2485001K,25002086,Takoma_Park_Police_Department,Property Damage Crash,2025-09-29 08:00:00,County_Route,DEWEY RD,CONNECTICUT AVE,Sideswipe (Opposite Direction),Lane Violation,Cloudy,Dry,Daylight,No Control,None Detected,33142AD1-BA2A-4029-85E9-9B7664FE7E63,MD,9F3414AC-D7DE-42B2-99DC-1E87D09D179A,Ten O Clock,PickupTruck,MovingConstantSpeed,Northbound,25.0,No,No,2015,FORD,39.05657686,-77.0901845,F-250_Ford,8,2025,9,29,8,Monday,2025-09-29,40
2961,HA2526000J,25002030,Takoma_Park_Police_Department,Injury Crash,2025-09-20 13:17:00,Maryland_State_Route,RIDGE RD,16TH ST,Rear-End (Same Direction),Tailgating,Rain,Wet,Daylight,Traffic Signal,None Detected,3FC218E6-C95F-4CD1-8C1A-B69A6BB9D91F,MD,3B3B7ADB-60A4-47BA-BC8D-14E0568114DD,Twelve O Clock,PassengerCar,MovingConstantSpeed,Southbound,30.0,No,No,2019,JAGUAR,38.99615776,-77.00561378,I-Pace_Jaguar,13,2025,9,20,13,Saturday,2025-09-20,38
2965,MCP9390003J,250042711,Montgomery_County_Police,Injury Crash,2025-09-22 20:03:00,Maryland_State_Route,GREAT SENECA HWY,GREAT SENECA HWY KEY WEST AVE,Angle Collision,Right-of-Way Violation,Clear,Dry,Dark - Lighted,Traffic Signal,None Detected,9E38F09A-BF76-42B6-AC60-B3F172B0A6E4,MD,7285BEF4-31D1-428D-B008-319479460DFC,Eleven O Clock,PassengerCar,MakingLeftTurn,Southbound,50.0,No,No,2016,VOLKSWAGEN,39.10330697,-77.20605273,Passat_Volkswagen,20,2025,9,22,20,Monday,2025-09-22,39
3003,MCP1305006B,250043237,Montgomery_County_Police,Injury Crash,2025-09-25 22:10:00,Bicycle_Route,NEW HAMPSHIRE AVE,BEAVERWOOD LA,Single Vehicle,Speed Related,Rain,Wet,Dark - Lighted,No Control,None Detected,7790223F-2A05-4DDD-87EF-D4575912E07A,MD,A8A6DFEA-05DC-464C-AD71-B4B76D76DB53,One O Clock,PassengerCar,MovingConstantSpeed,Northbound,35.0,No,No,2012,HONDA,39.15436417,-77.14191267,Civic_Honda,22,2025,9,25,22,Thursday,2025-09-25,39
3007,MCP3162006B,250042666,Montgomery_County_Police,Property Damage Crash,2025-09-22 15:00:00,Maryland_State_Route,ODENDHAL AVE,KEMPTOWN RD,Single Vehicle,Backing Error,Clear,Wet,Daylight,Traffic Signal,None Detected,970E4AD3-4857-405E-A8B4-3B91B916C6F4,MD,CCCFD48B-5637-45D6-86B8-022E62583489,Six O Clock,PassengerCar,Backing,Not On Roadway,2.5,No,No,2014,DODGE,39.00750165,-77.01941255,Charger_Dodge,15,2025,9,22,15,Monday,2025-09-22,39
3022,MCP3031007D,250043535,Montgomery_County_Police,Injury Crash,2025-09-27 19:20:00,Maryland_State_Route,GEORGIA AVE,RAMP 5 FR MD 97 SB TO RP 4 (TO MD200 EB),Head-On,Right-of-Way Violation,Clear,Dry,Dark - Lighted,Flashing Traffic Signal,None Detected,3BBB8A0F-F322-4B33-9506-8B6CEE20C032,VA,4CA3995F-2AF8-47CD-887F-7E39F4BCC3C3,Twelve O Clock,PassengerCar,MakingLeftTurn,South,40.0,No,No,2018,HONDA,39.11530267,-77.07505933,Civic_Honda,19,2025,9,27,19,Saturday,2025-09-27,39
3050,MCP1534001R,250042178,Montgomery_County_Police,Property Damage Crash,2025-09-19 11:15:00,County_Route,BONNY BROOK LA (SB/L),HAWKINS CREAMERY RD,Rear-End (Same Direction),Tailgating,Clear,Dry,Daylight,No Control,None Detected,D7B5A46C-88AB-475E-9734-83B63F053026,MD,68263B0C-E716-425A-8AF5-521ABDBE0E73,Twelve O Clock,PassengerCar,MovingConstantSpeed,Westbound,25.0,No,No,1994,VOLVO,39.26971587,-77.19003199,S60_Volvo,11,2025,9,19,11,Friday,2025-09-19,38
3052,MCP28000072,250044047,Montgomery_County_Police,Property Damage Crash,2025-09-30 22:06:00,County_Route,NICHOLSON LA,ROCKVILLE PIKE,Sideswipe (Same Direction),Right-of-Way Violation,Clear,Dry,Dark - Lighted,Traffic Signal,None Detected,DBA21FD2-70AB-4F57-B18F-9260CABC2DA2,MD,DE750071-5AD6-49C9-B600-6A9763628A45,Nine O Clock,TransitBus,MovingConstantSpeed,East,40.0,No,No,2021,HONDA,39.04477665,-77.11165828,Civic_Honda,22,2025,9,30,22,Tuesday,2025-09-30,40
3056,MCP31910050,250043445,Montgomery_County_Police,Property Damage Crash,2025-09-27 04:05:00,US_State_Route,GEORGIA AVE,VILLISCA TERR,Sideswipe (Same Direction),Driver Inattention,Clear,Dry,Dark - Lighted,No Control,None Detected,64681905-3D88-444F-9422-277455CB25B5,MD,466FE095-CB48-48CF-83B8-951F4B5B6810,VehicleNotAtScene,PickupTruck,MovingConstantSpeed,Northbound,35.0,No,No,2021,CHEVROLET,38.99276047,-77.026533,Silverado_Chevrolet,4,2025,9,27,4,Saturday,2025-09-27,39
3059,MCP3284002Q,250043753,Montgomery_County_Police,Property Damage Crash,2025-09-28 01:46:00,Bicycle_Route,WATKINS MILL RD,MIDDLEBROOK RD,Single Vehicle,Speed Related,Clear,Wet,Dark - Lighted,No Control,None Detected,D827CFBE-6EC7-4425-959E-660E4A1B4C06,MD,76972BA6-DF41-4921-923A-EDD3C309166F,Twelve O Clock,PassengerCar,MovingConstantSpeed,Southbound,40.0,No,No,2013,NISSAN,39.095902,-76.93860883,Rogue_Nissan,1,2025,9,28,1,Sunday,2025-09-28,39
3087,MCP2950003F,250043892,Montgomery_County_Police,Property Damage Crash,2025-09-30 05:23:00,County_Route,SHAKESPEARE BLVD,FREDERICK RD (SB/L),Angle Collision,Right-of-Way Violation,Clear,Dry,Dark - Lighted,Flashing Traffic Signal,None Detected,240C31C6-88A0-4E6F-8DEF-ED7E5AF13940,MD,E0CCA322-61E1-45E5-9396-776385B32567,Twelve O Clock,PassengerCar,Accelerating,North,30.0,No,No,2010,TOYOTA,39.19831177,-77.24493047,Corolla_Toyota,5,2025,9,30,5,Tuesday,2025-09-30,40
3096,MCP2738005S,250043563,Montgomery_County_Police,Injury Crash,2025-09-28 00:01:00,Maryland_State_Route,E RANDOLPH RD,ENT TO OLD COLUMBIA SHOPPING CENTER,Other,Weather Related,Rain,Wet,Dark - Lighted,Traffic Signal,None Detected,2088260E-6C04-48D9-BE91-126ED1400017,MD,9B38D38F-AD61-4B9F-9C5B-849EFD68090D,Six O Clock,PassengerCar,StoppedInTrafficLane,Eastbound,35.0,No,No,2013,HONDA,39.06276933,-76.96381483,Accord_Honda,0,2025,9,28,0,Sunday,2025-09-28,39
3104,MCP3305004M,250043415,Montgomery_County_Police,Property Damage Crash,2025-09-26 21:30:00,Maryland_State_Route,UNIVERSITY BLVD E,LANGLEY DR,Angle Collision,Right-of-Way Violation,Clear,Dry,Dark - Lighted,No Control,None Detected,02432D3F-0267-49AA-AEA3-898FB26A401A,MD,D3F07551-F6A4-4B6A-8CFF-FA78C1EF6AC5,Five O Clock,PickupTruck,MakingLeftTurn,Westbound,35.0,No,No,2023,JEEP,39.0014885,-76.995782,Gladiator_Jeep,21,2025,9,26,21,Friday,2025-09-26,39
3112,HA2549000J,25002061,Takoma_Park_Police_Department,Property Damage Crash,2025-09-25 09:38:00,Government_Route,BEACH DR,FOXGLOVE LA,Angle Collision,Lane Violation,Rain,Wet,Daylight,No Control,None Detected,D703647F-0990-498D-BD7B-6DECD8DBE785,MD,5F55A8DF-B38C-4CDB-8DE9-037EC95F1BFA,Eleven O Clock,PassengerCar,MovingConstantSpeed,Northbound,25.0,No,No,2017,SUBARU,39.03609355,-77.08453191,Impreza_Subaru,9,2025,9,25,9,Thursday,2025-09-25,39