Unnamed: 0,Report Number,Local Case Number,Agency Name,ACRS Report Type,Crash Date/Time,Route Type,Road Name,Cross-Street Name,Collision Type,Circumstance_Category,Weather,Surface Condition,Light,Traffic Control,Driver Substance Abuse,Person ID,Drivers License State,Vehicle ID,Vehicle First Impact Location,Vehicle Body Type,Vehicle Movement,Vehicle Going Dir,Speed Limit,Driverless Vehicle,Parked Vehicle,Vehicle Year,Vehicle Make,Latitude,Longitude,Vehicle Model,hour,Crash_year,Crash_month,Crash_day,Crash_hour,Crash_day_name,Crash_date,Crash_week
3135,MCP28000072,250044047,Montgomery_County_Police,Property Damage Crash,2025-09-30 22:06:00,County_Route,NICHOLSON LA,ROCKVILLE PIKE,Sideswipe (Same Direction),Lane Violation,Clear,Dry,Dark - Lighted,Traffic Signal,None Detected,22E0B799-68D6-432C-B039-0D6ADDD38FC0,MD,E3C324F7-A87A-4F50-B7B4-CF0D3000AAB7,One O Clock,PassengerCar,MovingConstantSpeed,Northbound,40.0,No,No,2024,HONDA,39.04477665,-77.11165828,Civic_Honda,22,2025,9,30,22,Tuesday,2025-09-30,40
3145,MCP2420006C,250042183,Montgomery_County_Police,Property Damage Crash,2025-09-19 12:00:00,Maryland_State_Route,OLNEY SANDY SPRING RD (WB/L),PENDLETON DR,Single Vehicle,Driver Inattention,Clear,Dry,Daylight,No Control,None Detected,3CBBAD38-8539-4EAE-98B7-415517F9847C,DC,09691838-C922-4EB9-BF68-10625ADEC9BF,Twelve O Clock,PassengerCar,MovingConstantSpeed,Unknown,30.0,No,No,2014,VOLKSWAGEN,39.14490217,-77.04201433,Tiguan_Volkswagen,12,2025,9,19,12,Friday,2025-09-19,38
3151,MCP32750039,250043443,Montgomery_County_Police,Injury Crash,2025-09-27 03:43:00,Bicycle_Route,PINEY BRANCH RD,EISENHOWER MEMORIAL HWY,Head-On,Road Obstruction,Clear,Dry,Dark - Lighted,No Control,None Detected,2182274C-DB1D-4649-98A7-EE5F13512494,VA,0F7EC9AA-2E24-4CAC-AD81-166637CB79E8,Twelve O Clock,PassengerCar,Parked,West,40.0,No,Yes,2009,BMW,39.04509467,-76.95790038,3 Series_BMW,3,2025,9,27,3,Saturday,2025-09-27,39
3158,MCP3031007D,250043535,Montgomery_County_Police,Injury Crash,2025-09-27 19:20:00,Maryland_State_Route,GEORGIA AVE,RAMP 5 FR MD 97 SB TO RP 4 (TO MD200 EB),Head-On,Surface Condition,Clear,Dry,Dark - Lighted,Traffic Signal,None Detected,933738FA-4773-44B2-8094-9B2729B6A8EE,MD,4AE93FBA-E5B0-4976-917C-E9F110FA293B,Twelve O Clock,PassengerCar,MovingConstantSpeed,South,40.0,No,No,2004,TOYOTA,39.11530267,-77.07505933,Camry_Toyota,19,2025,9,27,19,Saturday,2025-09-27,39
3172,MCP2738005S,250043563,Montgomery_County_Police,Injury Crash,2025-09-28 00:01:00,Maryland_State_Route,E RANDOLPH RD,SHADY GROVE RD,Other,Driver Inattention,Rain,Wet,Dark - Lighted,Traffic Signal,Suspect Alcohol Only,EFDA3884-AE5D-4AB4-8481-B6E4301E62AE,MD,BB763427-E162-4383-8874-3E00A2507941,VehicleNotAtScene,PassengerCar,MovingConstantSpeed,Eastbound,35.0,No,No,2019,CHEVROLET,39.06276933,-76.96381483,Express_Chevrolet,0,2025,9,28,0,Sunday,2025-09-28,39
3181,HA2485001K,25002086,Takoma_Park_Police_Department,Property Damage Crash,2025-09-29 08:00:00,County_Route,DEWEY RD,SCHOOL DR,Sideswipe (Opposite Direction),Driver Inattention,Cloudy,Dry,Daylight,No Control,None Detected,A5D73EC3-AA98-4275-AAAB-E7C306D62471,MD,269AD40B-A717-4911-A036-3D5FE87B396C,VehicleNotAtScene,VanCargo,MovingConstantSpeed,Southbound,25.0,No,No,2008,CHEVROLET,39.05657686,-77.0901845,Express_Chevrolet,8,2025,9,29,8,Monday,2025-09-29,40
3204,HA2526000J,25002030,Takoma_Park_Police_Department,Injury Crash,2025-09-20 13:17:00,Maryland_State_Route,CONNECTICUT AVE,WILSON LA,Rear-End (Same Direction),Right-of-Way Violation,Rain,Wet,Daylight,Traffic Signal,None Detected,FD3B152A-B6B3-446B-93DF-53F447F40E04,MD,82CA14F4-1ACF-4809-ADEB-48CD75C3DC79,Six O Clock,PassengerCar,Accelerating,Southbound,30.0,No,No,2015,BMW,38.99615776,-77.00561378,X5_BMW,13,2025,9,20,13,Saturday,2025-09-20,38
3213,MCP3377003F,250042402,Montgomery_County_Police,Injury Crash,2025-09-20 15:55:00,County_Route,GOSHEN RD,MONTICELLO AVE S BELGRADE RD,Rear-End (Same Direction),Tailgating,Clear,Dry,Daylight,No Control,None Detected,D0FBE9B3-445F-4183-86C4-3DEF7E91E247,MD,8E812436-C8C4-424D-8C33-8AA154B0B900,Twelve O Clock,PassengerCar,MovingConstantSpeed,Northbound,35.0,No,No,2012,NISSAN,39.16127983,-77.19216783,Altima_Nissan,15,2025,9,20,15,Saturday,2025-09-20,38
3219,MCP292300FC,250043092,Montgomery_County_Police,Property Damage Crash,2025-09-28 08:32:00,Maryland_State_Route,CONNECTICUT AVE (SB/L),ADELPHI RD,Rear-End (Same Direction),Tailgating,Rain,Wet,Daylight,No Control,Alcohol Contributed,63CBC25B-0C9D-4561-B398-C5FB45ECD279,DC,1DB1752B-22CB-43DB-BB7E-11D0D0B24AD0,VehicleNotAtScene,SportUtilityVehicle,Accelerating,Southbound,40.0,No,No,2022,FORD,39.05224067,-77.07479676,F-150_Ford,8,2025,9,28,8,Sunday,2025-09-28,39
3242,MCP156300C1,250047611,Montgomery_County_Police,Property Damage Crash,2025-09-23 17:00:00,County_Route,EDWARDS FERRY RD,CRYSTAL ROCK DR,Sideswipe (Opposite Direction),Passing / Turning,Clear,Dry,Daylight,No Control,None Detected,0E29617A-8ED4-4E64-82C1-FE558C6F86C3,MD,823D4B39-B8E8-4DD6-B157-C99DDC54BE56,VehicleNotAtScene,PassengerCar,MovingConstantSpeed,Unknown,2.5,No,No,2010,CHEVROLET,39.04580678,-77.11455961,Silverado_Chevrolet,17,2025,9,23,17,Tuesday,2025-09-23,39
3247,DM84940043,250040601,Takoma_Park_Police_Department,Injury Crash,2025-09-10 07:58:00,Municipality_Route,GLENSIDE DR,ERSKINE ST,Angle Collision,Weather Related,Rain,Wet,Daylight,Flashing Traffic Signal,None Detected,7C811693-1DA5-45D9-A0C7-20F290287C74,MD,D500B6BD-C19D-4530-B285-BA178462350F,Nine O Clock,PassengerCar,MovingConstantSpeed,Unknown,25.0,No,No,2018,SUBARU,38.98154507,-76.98892892,Forester_Subaru,7,2025,9,10,7,Wednesday,2025-09-10,37
3256,MCP31620068,250041144,Montgomery_County_Police,Injury Crash,2025-09-13 13:15:00,US_State_Route,COLESVILLE RD,NOYES DR,Head-On,Lane Violation,Clear,Dry,Daylight,No Control,None Detected,4BFE40C1-F989-4F54-B52D-509F337535A1,MD,87916D4D-FB0D-4ABD-8EEC-5DA9F35899B2,Twelve O Clock,Moped,MovingConstantSpeed,West,30.0,No,No,2024,TOYOTA,39.00009974,-77.02573112,Camry_Toyota,13,2025,9,13,13,Saturday,2025-09-13,37
3259,MCP3376002L,250043658,Montgomery_County_Police,Injury Crash,2025-09-28 17:06:00,Other_Public_Roadway,GLENMONT CIR #1,RAMP 4 FR MD 97 NB TO RANDOLPH RD EB,Head-On,Traffic Control Violation,Clear,Dry,Daylight,Traffic Signal,None Detected,3004662D-F3AB-4358-9843-C0AD24C8BB91,MD,F312B2C0-1251-4DC0-80AE-6CC46B4DC183,Eleven O Clock,Van - Passenger (&lt;9 Seats),MovingConstantSpeed,Westbound,40.0,No,No,2022,FORD,39.05893967,-77.04759817,F-150_Ford,17,2025,9,28,17,Sunday,2025-09-28,39
3268,MCP2950003F,250043892,Montgomery_County_Police,Property Damage Crash,2025-09-30 05:23:00,County_Route,SHAKESPEARE BLVD,FREDERICK RD (SB/L),Angle Collision,Right-of-Way Violation,Clear,Dry,Dark - Lighted,Flashing Traffic Signal,None Detected,04CE9BF3-4E23-454A-891F-9F5B5B316B3F,MD,2A52DD26-EE14-4703-B2CF-33705A7CFFCA,Seven O Clock,PassengerCar,MovingConstantSpeed,Southbound,45.0,No,No,2014,HONDA,39.19831177,-77.24493047,CR-V_Honda,5,2025,9,30,5,Tuesday,2025-09-30,40
3280,MCP31620068,250041144,Montgomery_County_Police,Injury Crash,2025-09-13 13:15:00,US_State_Route,COLESVILLE RD,NOYES DR,Head-On,Right-of-Way Violation,Clear,Dry,Daylight,No Control,None Detected,F0F754DE-DD14-45AA-8A92-D4FDF81AEA0D,MD,B38EC3CE-777B-4AE9-B9A6-A8B3192D664B,Twelve O Clock,PassengerCar,MakingLeftTurn,Northbound,30.0,No,No,2016,FORD,39.00009974,-77.02573112,F-150_Ford,13,2025,9,13,13,Saturday,2025-09-13,37
3281,MCP3376002L,250043658,Montgomery_County_Police,Injury Crash,2025-09-28 17:06:00,Other_Public_Roadway,GLENMONT CIR #1,RAMP 4 FR MD 97 NB TO RANDOLPH RD EB,Head-On,Right-of-Way Violation,Clear,Dry,Daylight,Traffic Signal,None Detected,B47B0F78-0849-463B-999A-152C76672993,MD,27976FDD-DB18-44D0-B7C1-93F160FA6E01,One O Clock,PassengerCar,MakingLeftTurn,Westbound,40.0,No,No,2020,HONDA,39.05893967,-77.04759817,Accord_Honda,17,2025,9,28,17,Sunday,2025-09-28,39
3300,MCP32080077,250043567,Montgomery_County_Police,Property Damage Crash,2025-09-27 22:42:00,Maryland_State_Route,GEORGIA AVE (SB/L),UNIVERSITY BLVD E,Sideswipe (Same Direction),Lane Violation,Clear,Dry,Dark - Lighted,No Control,None Detected,677D2861-1A4F-4CC9-8890-B66CF5D64F32,MD,592CA7C0-69E0-4D3C-8EC2-2A5CDECB6043,VehicleNotAtScene,PassengerCar,ChangingLanes,Southbound,30.0,No,No,1993,NISSAN,38.9992648,-77.03174049,Altima_Nissan,22,2025,9,27,22,Saturday,2025-09-27,39
3312,MCP1534001R,250042178,Montgomery_County_Police,Property Damage Crash,2025-09-19 11:15:00,County_Route,BONNY BROOK LA (SB/L),HAWKINS CREAMERY RD,Rear-End (Same Direction),Right-of-Way Violation,Clear,Dry,Daylight,No Control,None Detected,FCA01920-B529-475F-AA99-EE4A40614D9F,MD,27949B0C-5417-4D56-A051-0BE541584061,Six O Clock,SingleUnitTruck,Backing,Westbound,25.0,No,No,2014,HYUNDAI,39.26971587,-77.19003199,Elantra_Hyundai,11,2025,9,19,11,Friday,2025-09-19,38
3314,MCP29020070,250040325,Montgomery_County_Police,Injury Crash,2025-09-08 16:27:00,Maryland_State_Route,RIDGE RD (SB/L),CRYSTAL ROCK DR,Single Vehicle,Lane Violation,Clear,Dry,Daylight,No Control,None Detected,F2C1494E-90E8-4540-937B-55957E4D74DB,MD,A3C4950E-BE83-44E8-9933-B150E2C86028,Eleven O Clock,PassengerCar,LeavingTrafficLane,Northbound,45.0,No,No,2023,KIA,39.22859417,-77.23686315,Niro_Kia,16,2025,9,8,16,Monday,2025-09-08,37
3319,MCP3377003F,250042402,Montgomery_County_Police,Injury Crash,2025-09-20 15:55:00,County_Route,GOSHEN RD,DEWEY RD,Rear-End (Same Direction),Congestion / Backup,Clear,Dry,Daylight,No Control,None Detected,AB09100B-468D-477B-98E8-3AEE3C425DEF,MD,13C3A18C-1C5B-4110-8384-3FA3054C60BF,Six O Clock,PassengerCar,StoppedInTrafficLane,Northbound,35.0,No,No,2021,GMC,39.16127983,-77.19216783,Sierra_GMC,15,2025,9,20,15,Saturday,2025-09-20,38
3325,MCP31910050,250043445,Montgomery_County_Police,Property Damage Crash,2025-09-27 04:05:00,US_State_Route,GEORGIA AVE,UNIVERSITY BLVD E,Sideswipe (Same Direction),Lane Violation,Clear,Dry,Dark - Lighted,No Control,None Detected,D95C8501-762E-468E-B158-E7295F56907A,MD,EBB88AB1-ED5B-4531-9AEF-03E34555B6EF,Seven O Clock,PassengerCar,SlowingOrStopping,Northbound,35.0,No,No,2015,BMW,38.99276047,-77.026533,3 Series_BMW,4,2025,9,27,4,Saturday,2025-09-27,39
3351,MCP3305004M,250043415,Montgomery_County_Police,Property Damage Crash,2025-09-26 21:30:00,Maryland_State_Route,UNIVERSITY BLVD E,LANGLEY DR,Angle Collision,Driver Inattention,Clear,Dry,Dark - Lighted,No Control,None Detected,BE036D2D-4D40-4D21-B451-700EA6F7FD1D,MD,00477598-2713-4B8F-AEE0-F6EA334C7A1F,One O Clock,PickupTruck,MovingConstantSpeed,Eastbound,35.0,No,No,2023,FORD,39.0014885,-76.995782,F-150_Ford,21,2025,9,26,21,Friday,2025-09-26,39
3355,MCP3292002Y,250044050,Montgomery_County_Police,Property Damage Crash,2025-09-30 23:12:00,Maryland_State_Route,WOODFIELD RD,EMORY GROVE RD,Angle Collision,Right-of-Way Violation,Clear,Dry,Dark - Lighted,Traffic Signal,None Detected,4D0D8152-ABCB-4FA2-9F40-46B6CC288C65,MD,88E71D00-C9B1-4267-955C-92CEBD2058BD,Twelve O Clock,PassengerCar,Accelerating,Eastbound,35.0,No,No,2016,HONDA,39.15211267,-77.17235467,Accord_Honda,23,2025,9,30,23,Tuesday,2025-09-30,40
3358,MCP2864005F,250044890,Montgomery_County_Police,Property Damage Crash,2025-09-09 18:00:00,County_Route,ARLINGTON RD,KEMP MILL RD,Rear-End (Same Direction),Driver Inattention,Clear,Wet,Daylight,No Control,Suspect Alcohol Only,08485E7B-082E-4FAB-94B5-F019D8DDDAC0,MD,B8CCD67F-2246-47A7-8AEC-795BA0266DE2,One O Clock,PassengerCar,ChangingLanes,Southbound,25.0,No,No,2012,FORD,38.98241114,-77.0985198,F-150_Ford,18,2025,9,9,18,Tuesday,2025-09-09,37
3363,MCP3377003G,250043719,Montgomery_County_Police,Property Damage Crash,2025-09-29 01:44:00,County_Route,MAYAPPLE CT,DALAMAR ST,Rear-End (Same Direction),Weather Related,Clear,Dry,Dark - Lighted,No Control,Suspect Alcohol Only,1D0072DD-F81D-4DFE-9F42-05C68A63207D,MD,E1778DD7-AD2D-4479-8514-F91D10CAAEBF,One O Clock,PassengerCar,SlowingOrStopping,Unknown,5.0,No,No,2007,NISSAN,39.16006417,-77.166718,Altima_Nissan,1,2025,9,29,1,Monday,2025-09-29,40
3368,MCP3284002R,250043565,Montgomery_County_Police,Property Damage Crash,2025-09-27 23:17:00,County_Route,RIDING RIDGE CT,RIDING STABLE RD,Single Vehicle,Speed Related,Clear,Wet,Dark - Lighted,No Control,None Detected,B813DDB1-D5E6-4E3E-8133-5E15BCA44557,MD,F895412E-DDBA-4FC8-AF3D-287115CD75D5,Twelve O Clock,PassengerCar,MovingConstantSpeed,Northbound,35.0,No,No,2007,BMW,39.1111777,-76.909333,5 Series_BMW,23,2025,9,27,23,Saturday,2025-09-27,39
3425,MCP2889003T,250039813,Montgomery_County_Police,Property Damage Crash,2025-09-05 12:46:00,Maryland_State_Route,EAST WEST HWY,E GUDE DR,Sideswipe (Same Direction),Lane Violation,Clear,Dry,Daylight,No Control,None Detected,956B03E1-6027-4A01-AEF3-AB6C977C6B2F,MD,5CBA7099-038C-4031-99F2-F5125E71A255,One O Clock,TransitBus,MovingConstantSpeed,Eastbound,25.0,No,No,2011,HONDA,38.9943741,-77.034257,Civic_Honda,12,2025,9,5,12,Friday,2025-09-05,36
3426,HA2549000J,25002061,Takoma_Park_Police_Department,Property Damage Crash,2025-09-25 09:38:00,Government_Route,BEACH DR,PHILADELPHIA AVE,Angle Collision,Weather Related,Rain,Wet,Daylight,No Control,None Detected,EBF743D4-F0BA-483A-A600-22B2BD5287BA,MD,90B22201-42C9-4256-9845-54CA767009EB,One O Clock,PassengerCar,SlowingOrStopping,Southbound,25.0,No,No,2015,FORD,39.03609355,-77.08453191,F-150_Ford,9,2025,9,25,9,Thursday,2025-09-25,39
3449,DD562000CP,250041832,Rockville_Police_Department,Property Damage Crash,2025-09-17 12:28:00,Service_Road,N CAMPUS DR,MILLCREST DR,Single Vehicle,Right-of-Way Violation,Cloudy,Dry,Daylight,No Control,None Detected,33543D9F-9FBA-4A8B-8F65-566C0B07A39B,MD,23407987-7BBB-4619-9976-D35390986890,VehicleNotAtScene,PassengerCar,MakingLeftTurn,Westbound,15.0,No,No,2014,HONDA,39.09948456,-77.15952203,Pilot_Honda,12,2025,9,17,12,Wednesday,2025-09-17,38
3458,MCP9390003J,250042711,Montgomery_County_Police,Injury Crash,2025-09-22 20:03:00,Maryland_State_Route,GREAT SENECA HWY,GREAT SENECA HWY KEY WEST AVE,Angle Collision,Driver Inattention,Clear,Dry,Dark - Lighted,Traffic Signal,None Detected,C80981ED-72C5-4871-995D-D180074BBDF4,MD,3ECC9E05-5A24-4AC4-B5DD-AC75E2509094,Eleven O Clock,PassengerCar,MovingConstantSpeed,Northbound,50.0,No,No,2017,TOYOTA,39.10330697,-77.20605273,Camry_Toyota,20,2025,9,22,20,Monday,2025-09-22,39
3482,MCP3193006X,250041514,Montgomery_County_Police,Property Damage Crash,2025-09-15 18:31:00,County_Route,PRICHARD RD (EB/L),GARLAND AVE,Single Vehicle,Driver Inattention,Clear,Dry,Daylight,No Control,None Detected,BB7BDDF0-60DA-4364-9D30-7FC83B3B3FE7,MD,A974D9EB-F96D-47A3-8917-93DE576255E5,Twelve O Clock,PassengerCar,MovingConstantSpeed,Eastbound,15.0,No,No,2004,CHEVROLET,39.03630238,-77.04951403,Express_Chevrolet,18,2025,9,15,18,Monday,2025-09-15,38
3497,MCP32080077,250043567,Montgomery_County_Police,Property Damage Crash,2025-09-27 22:42:00,Maryland_State_Route,GEORGIA AVE (SB/L),TULIP AVE,Sideswipe (Same Direction),Lane Violation,Clear,Dry,Dark - Lighted,No Control,None Detected,FD382334-54DB-4E62-9F52-D30023BE79B7,MD,D3F832CE-2822-4309-8962-6FEBBCE4CA18,One O Clock,SportUtilityVehicle,ChangingLanes,Southbound,30.0,No,No,2017,NISSAN,38.9992648,-77.03174049,Rogue Sport_Nissan,22,2025,9,27,22,Saturday,2025-09-27,39
3498,MCP2864005F,250044890,Montgomery_County_Police,Property Damage Crash,2025-09-09 18:00:00,County_Route,ARLINGTON RD,ENT TO SHOPPIING CENTER,Rear-End (Same Direction),Tailgating,Clear,Dry,Daylight,No Control,None Detected,5DC6D068-3678-455B-B8D5-E2383276AAC3,MD,8601DE7B-54F7-4CFB-BCDE-CE07592F7E57,Seven O Clock,PassengerCar,StoppedInTrafficLane,Southbound,25.0,No,No,2025,VOLKSWAGEN,38.98241114,-77.0985198,Jetta_Volkswagen,18,2025,9,9,18,Tuesday,2025-09-09,37
3528,MCP3379002C,250042999,Montgomery_County_Police,Property Damage Crash,2025-09-24 15:56:00,County_Route,MT EPHRAIM RD,RALPH RD,Single Vehicle,Speed Related,Rain,Wet,Daylight,No Control,None Detected,6DCADE26-31D4-4D58-B014-9EC484A2F207,PA,8168A85A-0041-4525-86F7-7E410BCD1320,Four O Clock,PassengerCar,MovingConstantSpeed,Southbound,30.0,No,No,2011,MERCEDES-BENZ,39.22805353,-77.41438358,E-Class_Mercedes-Benz,15,2025,9,24,15,Wednesday,2025-09-24,39
3534,MCP3301003F,250043723,Montgomery_County_Police,Property Damage Crash,2025-09-29 01:25:00,County_Route,OAKVIEW DR,CHERRY HILL RD,Sideswipe (Same Direction),Lane Violation,Clear,Dry,Dark - Lighted,No Control,None Detected,371434F8-85AF-4233-BC65-BE6E3A166D06,MD,F91B50E7-CFB2-4DD8-8133-E60BE671129B,One O Clock,PassengerCar,MovingConstantSpeed,Westbound,25.0,No,No,2011,CADILLAC,39.01543675,-76.9788154,Escalade_Cadillac,1,2025,9,29,1,Monday,2025-09-29,40
3536,DM84940043,250040601,Takoma_Park_Police_Department,Injury Crash,2025-09-10 07:58:00,Municipality_Route,GLENSIDE DR,ERSKINE ST,Angle Collision,Weather Related,Rain,Wet,Daylight,Flashing Traffic Signal,None Detected,CCC359E1-3FC9-4E5E-A070-75BD3E5ABE26,MD,646E22A4-A8BA-4A2F-A1EA-EB342C21FC66,Twelve O Clock,PassengerCar,MovingConstantSpeed,West,25.0,No,No,2016,TOYOTA,38.98154507,-76.98892892,Camry_Toyota,7,2025,9,10,7,Wednesday,2025-09-10,37
3549,MCP32750039,250043443,Montgomery_County_Police,Injury Crash,2025-09-27 03:43:00,Bicycle_Route,GEORGIA AVE,WISTERIA DR,Head-On,Lane Violation,Clear,Dry,Dark - Lighted,No Control,Alcohol Present,9D661271-3659-4596-AFDD-0EA5DDB40192,MD,3F0C8363-3C69-4DC2-A56D-651DDBAF7512,Twelve O Clock,Motorcycle2Wheeled,MovingConstantSpeed,Southbound,40.0,No,No,2016,NISSAN,39.04509467,-76.95790038,Versa_Nissan,3,2025,9,27,3,Saturday,2025-09-27,39
3559,MCP3292002Y,250044050,Montgomery_County_Police,Property Damage Crash,2025-09-30 23:12:00,Maryland_State_Route,WOODFIELD RD,EMORY GROVE RD,Angle Collision,Passing / Turning,Clear,Dry,Dark - Lighted,Traffic Signal,None Detected,77E51048-1726-489E-A44C-8836838A00B6,MD,18A5D374-CF98-40EF-99E1-9BB596F47E84,One O Clock,PassengerCar,MakingLeftTurn,Westbound,35.0,No,No,2006,BUICK,39.15211267,-77.17235467,Encore_Buick,23,2025,9,30,23,Tuesday,2025-09-30,40
3567,MCP2844008K,250044025,Montgomery_County_Police,Property Damage Crash,2025-09-30 19:10:00,County_Route,CADDINGTON AVE,LOCUST DR,Rear-End (Same Direction),Tailgating,Clear,Dry,Dark - Lighted,No Control,None Detected,D4F1332E-2137-40AE-98F8-8C9E8FE6B4B2,MD,23FEF191-6BCA-4E84-8A76-E805C8B3D113,Twelve O Clock,PassengerCar,SlowingOrStopping,Northbound,20.0,No,No,2015,TOYOTA,39.0353735,-77.0176665,RAV4_Toyota,19,2025,9,30,19,Tuesday,2025-09-30,40
3576,MCP268900D3,250042581,Montgomery_County_Police,Injury Crash,2025-09-22 07:35:00,County_Route,STONEY CREEK RD,RIVER RD,Angle Collision,Right-of-Way Violation,Cloudy,Dry,Daylight,Stop Sign,None Detected,9F4EC344-35B9-45A8-A919-2D991A36043C,MD,ABAC4603-DA17-42E4-99BF-FBC2BF443517,Ten O Clock,PassengerCar,MakingLeftTurn,Southbound,30.0,No,No,2015,FORD,39.04486048,-77.26137033,Expedition_Ford,7,2025,9,22,7,Monday,2025-09-22,39
3614,MCP2437005Z,250042514,Montgomery_County_Police,Property Damage Crash,2025-09-21 13:23:00,Ramp_Route,RAMP 1 FR RAMP 4 (FR IS270) TO MD 189 WB,E MIDDLE LA,Sideswipe (Same Direction),Lane Violation,Cloudy,Dry,Daylight,Traffic Signal,None Detected,F588186A-1F9D-44A4-867E-83DD5B1D73E2,MD,DF49AF83-8BE7-4FCE-A8FA-3FD3E5604945,Eleven O Clock,SportUtilityVehicle,ChangingLanes,Unknown,20.0,No,No,2004,BMW,39.07399799,-77.16414431,X5_BMW,13,2025,9,21,13,Sunday,2025-09-21,38
3649,MCP2889003T,250039813,Montgomery_County_Police,Property Damage Crash,2025-09-05 12:46:00,Maryland_State_Route,EAST WEST HWY,SEMINARY PL,Sideswipe (Same Direction),Lane Violation,Clear,Dry,Daylight,No Control,None Detected,2149CA3A-E206-487F-894E-3954EDB14CDE,MD,DBD01421-6528-4B25-9E19-0508DAEBA7E7,Nine O Clock,VanCargo,Parked,Southbound,25.0,No,Yes,2018,BMW,38.9943741,-77.034257,3 Series_BMW,12,2025,9,5,12,Friday,2025-09-05,36
3653,MCP3432002D,250043318,Montgomery_County_Police,Property Damage Crash,2025-09-26 13:46:00,Maryland_State_Route,GEORGIA AVE,MUDDY BRANCH RD,Rear-End (Same Direction),Tailgating,Clear,Dry,Daylight,No Control,None Detected,EB89FAAF-BB47-4A3D-8812-3E409542634C,MD,268864BC-8A9B-4C17-94ED-37195A45ADF6,Twelve O Clock,SportUtilityVehicle,MovingConstantSpeed,Northbound,35.0,No,No,2015,TOYOTA,39.09181919,-77.0796372,Camry_Toyota,13,2025,9,26,13,Friday,2025-09-26,39
3737,MCP2698002G,250043142,Montgomery_County_Police,Property Damage Crash,2025-09-26 06:00:00,Maryland_State_Route,NEW HAMPSHIRE AVE (SB/L),MT PLEASANT AVE,Sideswipe (Same Direction),Lane Violation,Clear,Dry,Dark - Not Lighted,No Control,None Detected,5614EBEF-B090-4818-97AB-32A751844C5C,MD,31C56E2B-1F01-4ED9-80D6-C17981B3B590,One O Clock,PassengerCar,MovingConstantSpeed,Southbound,45.0,No,No,2015,HONDA,39.10789039,-76.99907886,Accord_Honda,6,2025,9,26,6,Friday,2025-09-26,39
3768,MCP3361001M,250042897,Montgomery_County_Police,Property Damage Crash,2025-09-24 02:30:00,County_Route,VEIRS MILL RD,STRUC #M0144 CABIN JOHN CREEK,Rear-End (Same Direction),Driver Inattention,Clear,Dry,Dark - Not Lighted,Stop Sign,Suspect Alcohol Only,44EA433D-A4EC-4293-A77D-9C084791559A,MD,522C8EFC-9529-45F8-8D8C-60E1E3A86F3D,Twelve O Clock,PassengerCar,Accelerating,Westbound,15.0,No,No,2007,ACURA,39.04437708,-77.06309513,MDX_Acura,2,2025,9,24,2,Wednesday,2025-09-24,39
3820,MCP2698002G,250043142,Montgomery_County_Police,Property Damage Crash,2025-09-26 06:00:00,Maryland_State_Route,NEW HAMPSHIRE AVE (SB/L),SECURITY LA,Sideswipe (Same Direction),Lane Violation,Clear,Dry,Dark - Not Lighted,No Control,None Detected,8EDC930A-76BD-44C0-B494-3E35B1607E33,MD,6A82C09F-FFF0-46BD-B16D-78883D8D6169,VehicleNotAtScene,PickupTruck,MovingConstantSpeed,Southbound,45.0,No,No,2007,RAM,39.10789039,-76.99907886,RAM_Ram,6,2025,9,26,6,Friday,2025-09-26,39
3966,MCP2698002G,250043142,Montgomery_County_Police,Property Damage Crash,2025-09-26 06:00:00,Maryland_State_Route,NEW HAMPSHIRE AVE (SB/L),GRANDVIEW AVE,Sideswipe (Same Direction),Lane Violation,Clear,Dry,Dark - Not Lighted,No Control,None Detected,35B7F5EF-A416-4C92-9157-F4CFC656BAC7,MD,BC0EB8EE-8E15-4882-8A65-809F596EA96A,VehicleNotAtScene,SportUtilityVehicle,MovingConstantSpeed,Southbound,45.0,No,No,2012,TOYOTA,39.10789039,-76.99907886,Camry_Toyota,6,2025,9,26,6,Friday,2025-09-26,39
4043,EJ7906002N,250040171,Gaithersburg_Police_Department,Injury Crash,2025-09-07 18:53:00,Municipality_Route,CHESTERTOWN ST,BRUNETT AVE,Single Vehicle,Right-of-Way Violation,Clear,Dry,Daylight,No Control,None Detected,B0FC3DE8-52A7-4BAD-ACBA-69687CF42B5B,MD,01626A3F-3816-47DE-8D18-69056B2D4232,Twelve O Clock,PassengerCar,MovingConstantSpeed,Southbound,25.0,No,No,2006,VOLVO,39.12309412,-77.24126533,S60_Volvo,18,2025,9,7,18,Sunday,2025-09-07,36
4086,MCP2077006C,250043446,Montgomery_County_Police,Property Damage Crash,2025-09-25 15:00:00,County_Route,NEW HAMPSHIRE AVE,MARYLAND AVE,Rear-End (Same Direction),Driver Inattention,Cloudy,Dry,Daylight,No Control,None Detected,5D070858-50D7-435D-8245-E78F9C7C89CB,MD,11FB3C5E-7031-42EC-96AB-A90559D6702B,VehicleNotAtScene,PassengerCar,SlowingOrStopping,Unknown,2.5,No,No,2019,HONDA,38.99135587,-77.09785228,Civic_Honda,15,2025,9,25,15,Thursday,2025-09-25,39